Topic,Count,Name,Representation,Representative_Docs
-1,8076,-1_learning_data_model_using,"['learning', 'data', 'model', 'using', 'models', 'approach', 'deep', 'neural', 'paper', 'method']","[""CAD2RL: Real Single-Image Flight without a Single Real Image. Deep reinforcement learning has emerged as a promising and powerful technique for automatically acquiring control policies that can process raw sensory inputs, such as images, and perform complex behaviors. However, extending deep RL to real-world robotic tasks has proven challenging, particularly in safety-critical domains such as autonomous flight, where a trial-and-error learning process is often impractical. In this paper, we explore the following question: can we train vision-based navigation policies entirely in simulation, and then transfer them into the real world to achieve real-world flight without a single real training image? We propose a learning method that we call CAD$^2$RL, which can be used to perform collision-free indoor flight in the real world while being trained entirely on 3D CAD models. Our method uses single RGB images from a monocular camera, without needing to explicitly reconstruct the 3D geometry of the environment or perform explicit motion planning. Our learned collision avoidance policy is represented by a deep convolutional neural network that directly processes raw monocular images and outputs velocity commands. This policy is trained entirely on simulated images, with a Monte Carlo policy evaluation algorithm that directly optimizes the network's ability to produce collision-free flight. By highly randomizing the rendering settings for our simulated training set, we show that we can train a policy that generalizes to the real world, without requiring the simulator to be particularly realistic or high-fidelity. We evaluate our method by flying a real quadrotor through indoor environments, and further evaluate the design choices in our simulator through a series of ablation studies on depth prediction. For supplementary video see: https://youtu.be/nXBWmzFrj5s"", 'FRESH: Interactive Reward Shaping in High-Dimensional State Spaces using Human Feedback. Reinforcement learning has been successful in training autonomous agents to accomplish goals in complex environments. Although this has been adapted to multiple settings, including robotics and computer games, human players often find it easier to obtain higher rewards in some environments than reinforcement learning algorithms. This is especially true of high-dimensional state spaces where the reward obtained by the agent is sparse or extremely delayed. In this paper, we seek to effectively integrate feedback signals supplied by a human operator with deep reinforcement learning algorithms in high-dimensional state spaces. We call this FRESH (Feedback-based REward SHaping). During training, a human operator is presented with trajectories from a replay buffer and then provides feedback on states and actions in the trajectory. In order to generalize feedback signals provided by the human operator to previously unseen states and actions at test-time, we use a feedback neural network. We use an ensemble of neural networks with a shared network architecture to represent model uncertainty and the confidence of the neural network in its output. The output of the feedback neural network is converted to a shaping reward that is augmented to the reward provided by the environment. We evaluate our approach on the Bowling and Skiing Atari games in the arcade learning environment. Although human experts have been able to achieve high scores in these environments, state-of-the-art deep learning algorithms perform poorly. We observe that FRESH is able to achieve much higher scores than state-of-the-art deep learning algorithms in both environments. FRESH also achieves a 21.4% higher score than a human expert in Bowling and does as well as a human expert in Skiing.', 'Learning a bidirectional mapping between human whole-body motion and natural language using deep recurrent neural networks. Linking human whole-body motion and natural language is of great interest for the generation of semantic representations of observed human behaviors as well as for the generation of robot behaviors based on natural language input. While there has been a large body of research in this area, most approaches that exist today require a symbolic representation of motions (e.g. in the form of motion primitives), which have to be defined a-priori or require complex segmentation algorithms. In contrast, recent advances in the field of neural networks and especially deep learning have demonstrated that sub-symbolic representations that can be learned end-to-end usually outperform more traditional approaches, for applications such as machine translation. In this paper we propose a generative model that learns a bidirectional mapping between human whole-body motion and natural language using deep recurrent neural networks (RNNs) and sequence-to-sequence learning. Our approach does not require any segmentation or manual feature engineering and learns a distributed representation, which is shared for all motions and descriptions. We evaluate our approach on 2,846 human whole-body motions and 6,187 natural language descriptions thereof from the KIT Motion-Language Dataset. Our results clearly demonstrate the effectiveness of the proposed model: We show that our model generates a wide variety of realistic motions only from descriptions thereof in form of a single sentence. Conversely, our model is also capable of generating correct and detailed natural language descriptions from human motions.']"
0,575,0_dialogue_dialog_conversational_conversation,"['dialogue', 'dialog', 'conversational', 'conversation', 'responses', 'response', 'dialogue systems', 'utterances', 'user', 'taskoriented']","['Cascaded LSTMs based Deep Reinforcement Learning for Goal-driven Dialogue. This paper proposes a deep neural network model for joint modeling Natural Language Understanding (NLU) and Dialogue Management (DM) in goal-driven dialogue systems. There are three parts in this model. A Long Short-Term Memory (LSTM) at the bottom of the network encodes utterances in each dialogue turn into a turn embedding. Dialogue embeddings are learned by a LSTM at the middle of the network, and updated by the feeding of all turn embeddings. The top part is a forward Deep Neural Network which converts dialogue embeddings into the Q-values of different dialogue actions. The cascaded LSTMs based reinforcement learning network is jointly optimized by making use of the rewards received at each dialogue turn as the only supervision information. There is no explicit NLU and dialogue states in the network. Experimental results show that our model outperforms both traditional Markov Decision Process (MDP) model and single LSTM with Deep Q-Network on meeting room booking tasks. Visualization of dialogue embeddings illustrates that the model can learn the representation of dialogue states.', 'Rethinking Dialogue State Tracking with Reasoning. Tracking dialogue states to better interpret user goals and feed downstream policy learning is a bottleneck in dialogue management. Common practice has been to treat it as a problem of classifying dialogue content into a set of pre-defined slot-value pairs, or generating values for different slots given the dialogue history. Both have limitations on considering dependencies that occur on dialogues, and are lacking of reasoning capabilities. This paper proposes to track dialogue states gradually with reasoning over dialogue turns with the help of the back-end data. Empirical results demonstrate that our method significantly outperforms the state-of-the-art methods by 38.6% in terms of joint belief accuracy for MultiWOZ 2.1, a large-scale human-human dialogue dataset across multiple domains.', 'Flexible and Scalable State Tracking Framework for Goal-Oriented Dialogue Systems. Goal-oriented dialogue systems typically rely on components specifically developed for a single task or domain. This limits such systems in two different ways: If there is an update in the task domain, the dialogue system usually needs to be updated or completely re-trained. It is also harder to extend such dialogue systems to different and multiple domains. The dialogue state tracker in conventional dialogue systems is one such component - it is usually designed to fit a well-defined application domain. For example, it is common for a state variable to be a categorical distribution over a manually-predefined set of entities (Henderson et al., 2013), resulting in an inflexible and hard-to-extend dialogue system. In this paper, we propose a new approach for dialogue state tracking that can generalize well over multiple domains without incorporating any domain-specific knowledge. Under this framework, discrete dialogue state variables are learned independently and the information of a predefined set of possible values for dialogue state variables is not required. Furthermore, it enables adding arbitrary dialogue context as features and allows for multiple values to be associated with a single state variable. These characteristics make it much easier to expand the dialogue state space. We evaluate our framework using the widely used dialogue state tracking challenge data set (DSTC2) and show that our framework yields competitive results with other state-of-the-art results despite incorporating little domain knowledge. We also show that this framework can benefit from widely available external resources such as pre-trained word embeddings.']"
1,486,1_speech_speech recognition_acoustic_asr,"['speech', 'speech recognition', 'acoustic', 'asr', 'recognition', 'audio', 'speaker', 'automatic speech', 'endtoend', 'ctc']","['Acoustic and Textual Data Augmentation for Improved ASR of Code-Switching Speech. In this paper, we describe several techniques for improving the acoustic and language model of an automatic speech recognition (ASR) system operating on code-switching (CS) speech. We focus on the recognition of Frisian-Dutch radio broadcasts where one of the mixed languages, namely Frisian, is an under-resourced language. In previous work, we have proposed several automatic transcription strategies for CS speech to increase the amount of available training speech data. In this work, we explore how the acoustic modeling (AM) can benefit from monolingual speech data belonging to the high-resourced mixed language. For this purpose, we train state-of-the-art AMs, which were ineffective due to lack of training data, on a significantly increased amount of CS speech and monolingual Dutch speech. Moreover, we improve the language model (LM) by creating code-switching text, which is in practice almost non-existent, by (1) generating text using recurrent LMs trained on the transcriptions of the training CS speech data, (2) adding the transcriptions of the automatically transcribed CS speech data and (3) translating Dutch text extracted from the transcriptions of a large Dutch speech corpora. We report significantly improved CS ASR performance due to the increase in the acoustic and textual training data.', 'Semi-supervised acoustic model training for speech with code-switching. In the FAME! project, we aim to develop an automatic speech recognition (ASR) system for Frisian-Dutch code-switching (CS) speech extracted from the archives of a local broadcaster with the ultimate goal of building a spoken document retrieval system. Unlike Dutch, Frisian is a low-resourced language with a very limited amount of manually annotated speech data. In this paper, we describe several automatic annotation approaches to enable using of a large amount of raw bilingual broadcast data for acoustic model training in a semi-supervised setting. Previously, it has been shown that the best-performing ASR system is obtained by two-stage multilingual deep neural network (DNN) training using 11 hours of manually annotated CS speech (reference) data together with speech data from other high-resourced languages. We compare the quality of transcriptions provided by this bilingual ASR system with several other approaches that use a language recognition system for assigning language labels to raw speech segments at the front-end and using monolingual ASR resources for transcription. We further investigate automatic annotation of the speakers appearing in the raw broadcast data by first labeling with (pseudo) speaker tags using a speaker diarization system and then linking to the known speakers appearing in the reference data using a speaker recognition system. These speaker labels are essential for speaker-adaptive training in the proposed setting. We train acoustic models using the manually and automatically annotated data and run recognition experiments on the development and test data of the FAME! speech corpus to quantify the quality of the automatic annotations. The ASR and CS detection results demonstrate the potential of using automatic language and speaker tagging in semi-supervised bilingual acoustic model training.', 'Speech Recognition with Augmented Synthesized Speech. Recent success of the Tacotron speech synthesis architecture and its variants in producing natural sounding multi-speaker synthesized speech has raised the exciting possibility of replacing expensive, manually transcribed, domain-specific, human speech that is used to train speech recognizers. The multi-speaker speech synthesis architecture can learn latent embedding spaces of prosody, speaker and style variations derived from input acoustic representations thereby allowing for manipulation of the synthesized speech. In this paper, we evaluate the feasibility of enhancing speech recognition performance using speech synthesis using two corpora from different domains. We explore algorithms to provide the necessary acoustic and lexical diversity needed for robust speech recognition. Finally, we demonstrate the feasibility of this approach as a data augmentation strategy for domain-transfer.\n  We find that improvements to speech recognition performance is achievable by augmenting training data with synthesized material. However, there remains a substantial gap in performance between recognizers trained on human speech those trained on synthesized speech.']"
2,444,2_translation_machine translation_nmt_neural machine,"['translation', 'machine translation', 'nmt', 'neural machine', 'machine', 'bleu', 'translation nmt', 'transformer', 'neural', 'decoding']","['Can neural machine translation do simultaneous translation?. We investigate the potential of attention-based neural machine translation in simultaneous translation. We introduce a novel decoding algorithm, called simultaneous greedy decoding, that allows an existing neural machine translation model to begin translating before a full source sentence is received. This approach is unique from previous works on simultaneous translation in that segmentation and translation are done jointly to maximize the translation quality and that translating each segment is strongly conditioned on all the previous segments. This paper presents a first step toward building a full simultaneous translation system based on neural machine translation.', 'Joint Training for Neural Machine Translation Models with Monolingual Data. Monolingual data have been demonstrated to be helpful in improving translation quality of both statistical machine translation (SMT) systems and neural machine translation (NMT) systems, especially in resource-poor or domain adaptation tasks where parallel data are not rich enough. In this paper, we propose a novel approach to better leveraging monolingual data for neural machine translation by jointly learning source-to-target and target-to-source NMT models for a language pair with a joint EM optimization method. The training process starts with two initial NMT models pre-trained on parallel data for each direction, and these two models are iteratively updated by incrementally decreasing translation losses on training data. In each iteration step, both NMT models are first used to translate monolingual data from one language to the other, forming pseudo-training data of the other NMT model. Then two new NMT models are learnt from parallel data together with the pseudo training data. Both NMT models are expected to be improved and better pseudo-training data can be generated in next step. Experiment results on Chinese-English and English-German translation tasks show that our approach can simultaneously improve translation quality of source-to-target and target-to-source models, significantly outperforming strong baseline systems which are enhanced with monolingual data for model training including back-translation.', 'Pre-Translation for Neural Machine Translation. Recently, the development of neural machine translation (NMT) has significantly improved the translation quality of automatic machine translation. While most sentences are more accurate and fluent than translations by statistical machine translation (SMT)-based systems, in some cases, the NMT system produces translations that have a completely different meaning. This is especially the case when rare words occur.\n  When using statistical machine translation, it has already been shown that significant gains can be achieved by simplifying the input in a preprocessing step. A commonly used example is the pre-reordering approach.\n  In this work, we used phrase-based machine translation to pre-translate the input into the target language. Then a neural machine translation system generates the final hypothesis using the pre-translation. Thereby, we use either only the output of the phrase-based machine translation (PBMT) system or a combination of the PBMT output and the source sentence.\n  We evaluate the technique on the English to German translation task. Using this approach we are able to outperform the PBMT system as well as the baseline neural MT system by up to 2 BLEU points. We analyzed the influence of the quality of the initial system on the final result.']"
3,421,3_adversarial_attacks_adversarial examples_attack,"['adversarial', 'attacks', 'adversarial examples', 'attack', 'examples', 'robustness', 'perturbations', 'adversarial attacks', 'defense', 'adversarial training']","['Adversarial Examples: Attacks and Defenses for Deep Learning. With rapid progress and significant successes in a wide spectrum of applications, deep learning is being applied in many safety-critical environments. However, deep neural networks have been recently found vulnerable to well-designed input samples, called adversarial examples. Adversarial examples are imperceptible to human but can easily fool deep neural networks in the testing/deploying stage. The vulnerability to adversarial examples becomes one of the major risks for applying deep neural networks in safety-critical environments. Therefore, attacks and defenses on adversarial examples draw great attention. In this paper, we review recent findings on adversarial examples for deep neural networks, summarize the methods for generating adversarial examples, and propose a taxonomy of these methods. Under the taxonomy, applications for adversarial examples are investigated. We further elaborate on countermeasures for adversarial examples and explore the challenges and the potential solutions.', 'CAAD 2018: Iterative Ensemble Adversarial Attack. Deep Neural Networks (DNNs) have recently led to significant improvements in many fields. However, DNNs are vulnerable to adversarial examples which are samples with imperceptible perturbations while dramatically misleading the DNNs. Adversarial attacks can be used to evaluate the robustness of deep learning models before they are deployed. Unfortunately, most of existing adversarial attacks can only fool a black-box model with a low success rate. To improve the success rates for black-box adversarial attacks, we proposed an iterated adversarial attack against an ensemble of image classifiers. With this method, we won the 5th place in CAAD 2018 Targeted Adversarial Attack competition.', 'Efficient Two-Step Adversarial Defense for Deep Neural Networks. In recent years, deep neural networks have demonstrated outstanding performance in many machine learning tasks. However, researchers have discovered that these state-of-the-art models are vulnerable to adversarial examples: legitimate examples added by small perturbations which are unnoticeable to human eyes. Adversarial training, which augments the training data with adversarial examples during the training process, is a well known defense to improve the robustness of the model against adversarial attacks. However, this robustness is only effective to the same attack method used for adversarial training. Madry et al.(2017) suggest that effectiveness of iterative multi-step adversarial attacks and particularly that projected gradient descent (PGD) may be considered the universal first order adversary and applying the adversarial training with PGD implies resistance against many other first order attacks. However, the computational cost of the adversarial training with PGD and other multi-step adversarial examples is much higher than that of the adversarial training with other simpler attack techniques. In this paper, we show how strong adversarial examples can be generated only at a cost similar to that of two runs of the fast gradient sign method (FGSM), allowing defense against adversarial attacks with a robustness level comparable to that of the adversarial training with multi-step adversarial examples. We empirically demonstrate the effectiveness of the proposed two-step defense approach against different attack methods and its improvements over existing defense strategies.']"
4,375,4_segmentation_ct_tumor_images,"['segmentation', 'ct', 'tumor', 'images', 'cancer', 'medical', 'lung', 'breast', 'image', 'brain']","['Automatic Liver and Lesion Segmentation in CT Using Cascaded Fully Convolutional Neural Networks and 3D Conditional Random Fields. Automatic segmentation of the liver and its lesion is an important step towards deriving quantitative biomarkers for accurate clinical diagnosis and computer-aided decision support systems. This paper presents a method to automatically segment liver and lesions in CT abdomen images using cascaded fully convolutional neural networks (CFCNs) and dense 3D conditional random fields (CRFs). We train and cascade two FCNs for a combined segmentation of the liver and its lesions. In the first step, we train a FCN to segment the liver as ROI input for a second FCN. The second FCN solely segments lesions from the predicted liver ROIs of step 1. We refine the segmentations of the CFCN using a dense 3D CRF that accounts for both spatial coherence and appearance. CFCN models were trained in a 2-fold cross-validation on the abdominal CT dataset 3DIRCAD comprising 15 hepatic tumor volumes. Our results show that CFCN-based semantic liver and lesion segmentation achieves Dice scores over 94% for liver with computation times below 100s per volume. We experimentally demonstrate the robustness of the proposed method as a decision support system with a high accuracy and speed for usage in daily clinical routine.', 'Semi-Automatic Algorithm for Breast MRI Lesion Segmentation Using Marker-Controlled Watershed Transformation. Magnetic resonance imaging (MRI) is an effective imaging modality for identifying and localizing breast lesions in women. Accurate and precise lesion segmentation using a computer-aided-diagnosis (CAD) system, is a crucial step in evaluating tumor volume and in the quantification of tumor characteristics. However, this is a challenging task, since breast lesions have sophisticated shape, topological structure, and high variance in their intensity distribution across patients. In this paper, we propose a novel marker-controlled watershed transformation-based approach, which uses the brightest pixels in a region of interest (determined by experts) as markers to overcome this challenge, and accurately segment lesions in breast MRI. The proposed approach was evaluated on 106 lesions, which includes 64 malignant and 42 benign cases. Segmentation results were quantified by comparison with ground truth labels, using the Dice similarity coefficient (DSC) and Jaccard index (JI) metrics. The proposed method achieved an average Dice coefficient of 0.7808$\\pm$0.1729 and Jaccard index of 0.6704$\\pm$0.2167. These results illustrate that the proposed method shows promise for future work related to the segmentation and classification of benign and malignant breast lesions.', ""Automatic Brain Tumor Detection and Segmentation Using U-Net Based Fully Convolutional Networks. A major challenge in brain tumor treatment planning and quantitative evaluation is determination of the tumor extent. The noninvasive magnetic resonance imaging (MRI) technique has emerged as a front-line diagnostic tool for brain tumors without ionizing radiation. Manual segmentation of brain tumor extent from 3D MRI volumes is a very time-consuming task and the performance is highly relied on operator's experience. In this context, a reliable fully automatic segmentation method for the brain tumor segmentation is necessary for an efficient measurement of the tumor extent. In this study, we propose a fully automatic method for brain tumor segmentation, which is developed using U-Net based deep convolutional networks. Our method was evaluated on Multimodal Brain Tumor Image Segmentation (BRATS 2015) datasets, which contain 220 high-grade brain tumor and 54 low-grade tumor cases. Cross-validation has shown that our method can obtain promising segmentation efficiently.""]"
5,323,5_word_embeddings_word embeddings_sense,"['word', 'embeddings', 'word embeddings', 'sense', 'words', 'semantic', 'distributional', 'word sense', 'similarity', 'representations']","['Improve Lexicon-based Word Embeddings By Word Sense Disambiguation. There have been some works that learn a lexicon together with the corpus to improve the word embeddings. However, they either model the lexicon separately but update the neural networks for both the corpus and the lexicon by the same likelihood, or minimize the distance between all of the synonym pairs in the lexicon. Such methods do not consider the relatedness and difference of the corpus and the lexicon, and may not be the best optimized. In this paper, we propose a novel method that considers the relatedness and difference of the corpus and the lexicon. It trains word embeddings by learning the corpus to predicate a word and its corresponding synonym under the context at the same time. For polysemous words, we use a word sense disambiguation filter to eliminate the synonyms that have different meanings for the context. To evaluate the proposed method, we compare the performance of the word embeddings trained by our proposed model, the control groups without the filter or the lexicon, and the prior works in the word similarity tasks and text classification task. The experimental results show that the proposed model provides better embeddings for polysemous words and improves the performance for text classification.', 'SenseFitting: Sense Level Semantic Specialization of Word Embeddings for Word Sense Disambiguation. We introduce a neural network-based system of Word Sense Disambiguation (WSD) for German that is based on SenseFitting, a novel method for optimizing WSD. We outperform knowledge-based WSD methods by up to 25% F1-score and produce a new state-of-the-art on the German sense-annotated dataset WebCAGe. Our method uses three feature vectors consisting of a) sense, b) gloss, and c) relational vectors to represent target senses and to compare them with the vector centroids of sample contexts. Utilizing widely available word embeddings and lexical resources, we are able to compensate for the lower resource availability of German. SenseFitting builds upon the recently introduced semantic specialization procedure Attract-Repel, and leverages sense level semantic constraints from lexical-semantic networks (e.g. GermaNet) or online social dictionaries (e.g. Wiktionary) to produce high-quality sense embeddings from pre-trained word embeddings. We evaluate our sense embeddings with a new SimLex-999 based similarity dataset, called SimSense, that we developed for this work. We achieve results that outperform current lemma-based specialization methods for German, making them comparable to results achieved for English.', 'Learning Word Sense Embeddings from Word Sense Definitions. Word embeddings play a significant role in many modern NLP systems. Since learning one representation per word is problematic for polysemous words and homonymous words, researchers propose to use one embedding per word sense. Their approaches mainly train word sense embeddings on a corpus. In this paper, we propose to use word sense definitions to learn one embedding per word sense. Experimental results on word similarity tasks and a word sense disambiguation task show that word sense embeddings produced by our approach are of high quality.']"
6,274,6_regret_bandit_bandits_multiarmed,"['regret', 'bandit', 'bandits', 'multiarmed', 'arm', 'arms', 'multiarmed bandit', 'bound', 'algorithm', 'online']","[""Dynamic Pricing with Finitely Many Unknown Valuations. Motivated by posted price auctions where buyers are grouped in an unknown number of latent types characterized by their private values for the good on sale, we investigate revenue maximization in stochastic dynamic pricing when the distribution of buyers' private values is supported on an unknown set of points in [0,1] of unknown cardinality $K$. This setting can be viewed as an instance of a stochastic $K$-armed bandit problem where the location of the arms (the $K$ unknown valuations) must be learned as well. In the distribution-free case, we prove that our setting is just as hard as $K$-armed stochastic bandits: no algorithm can achieve a regret significantly better than $\\sqrt{KT}$, (where T is the time horizon); we present an efficient algorithm matching this lower bound up to logarithmic factors. In the distribution-dependent case, we show that for all $K>2$ our setting is strictly harder than $K$-armed stochastic bandits by proving that it is impossible to obtain regret bounds that grow logarithmically in time or slower. On the other hand, when a lower bound $γ>0$ on the smallest drop in the demand curve is known, we prove an upper bound on the regret of order $(1/Δ+(\\log \\log T)/γ^2)(K\\log T)$. This is a significant improvement on previously known regret bounds for discontinuous demand curves, that are at best of order $(K^{12}/γ^8)\\sqrt{T}$. When $K=2$ in the distribution-dependent case, the hardness of our setting reduces to that of a stochastic $2$-armed bandit: we prove that an upper bound of order $(\\log T)/Δ$ (up to $\\log\\log$ factors) on the regret can be achieved with no information on the demand curve. Finally, we show a $O(\\sqrt{T})$ upper bound on the regret for the setting in which the buyers' decisions are nonstochastic, and the regret is measured with respect to the best between two fixed valuations one of which is known to the seller."", 'Best Arm Identification in Linked Bandits. We consider the problem of best arm identification in a variant of multi-armed bandits called linked bandits. In a single interaction with linked bandits, multiple arms are played sequentially until one of them receives a positive reward. Since each interaction provides feedback about more than one arm, the sample complexity can be much lower than in the regular bandit setting. We propose an algorithm for linked bandits, that combines a novel subroutine to perform uniform sampling with a known optimal algorithm for regular bandits. We prove almost matching upper and lower bounds on the sample complexity of best arm identification in linked bandits. These bounds have an interesting structure, with an explicit dependence on the mean rewards of the arms, not just the gaps. We also corroborate our theoretical results with experiments.', 'Bandit algorithms to emulate human decision making using probabilistic distortions. Motivated by models of human decision making proposed to explain commonly observed deviations from conventional expected value preferences, we formulate two stochastic multi-armed bandit problems with distorted probabilities on the reward distributions: the classic $K$-armed bandit and the linearly parameterized bandit settings. We consider the aforementioned problems in the regret minimization as well as best arm identification framework for multi-armed bandits. For the regret minimization setting in $K$-armed as well as linear bandit problems, we propose algorithms that are inspired by Upper Confidence Bound (UCB) algorithms, incorporate reward distortions, and exhibit sublinear regret. For the $K$-armed bandit setting, we derive an upper bound on the expected regret for our proposed algorithm, and then we prove a matching lower bound to establish the order-optimality of our algorithm. For the linearly parameterized setting, our algorithm achieves a regret upper bound that is of the same order as that of regular linear bandit algorithm called Optimism in the Face of Uncertainty Linear (OFUL) bandit algorithm, and unlike OFUL, our algorithm handles distortions and an arm-dependent noise model. For the best arm identification problem in the $K$-armed bandit setting, we propose algorithms, derive guarantees on their performance, and also show that these algorithms are order optimal by proving matching fundamental limits on performance. For best arm identification in linear bandits, we propose an algorithm and establish sample complexity guarantees. Finally, we present simulation experiments which demonstrate the advantages resulting from using distortion-aware learning algorithms in a vehicular traffic routing application.']"
7,273,7_graph_graphs_node_nodes,"['graph', 'graphs', 'node', 'nodes', 'embedding', 'graph neural', 'gnns', 'graph convolutional', 'networks', 'network embedding']","['MxPool: Multiplex Pooling for Hierarchical Graph Representation Learning. How to utilize deep learning methods for graph classification tasks has attracted considerable research attention in the past few years. Regarding graph classification tasks, the graphs to be classified may have various graph sizes (i.e., different number of nodes and edges) and have various graph properties (e.g., average node degree, diameter, and clustering coefficient). The diverse property of graphs has imposed significant challenges on existing graph learning techniques since diverse graphs have different best-fit hyperparameters. It is difficult to learn graph features from a set of diverse graphs by a unified graph neural network. This motivates us to use a multiplex structure in a diverse way and utilize a priori properties of graphs to guide the learning. In this paper, we propose MxPool, which concurrently uses multiple graph convolution/pooling networks to build a hierarchical learning structure for graph representation learning tasks. Our experiments on numerous graph classification benchmarks show that our MxPool has superiority over other state-of-the-art graph representation learning methods.', 'A simple yet effective baseline for non-attributed graph classification. Graphs are complex objects that do not lend themselves easily to typical learning tasks. Recently, a range of approaches based on graph kernels or graph neural networks have been developed for graph classification and for representation learning on graphs in general. As the developed methodologies become more sophisticated, it is important to understand which components of the increasingly complex methods are necessary or most effective.\n  As a first step, we develop a simple yet meaningful graph representation, and explore its effectiveness in graph classification. We test our baseline representation for the graph classification task on a range of graph datasets. Interestingly, this simple representation achieves similar performance as the state-of-the-art graph kernels and graph neural networks for non-attributed graph classification. Its performance on classifying attributed graphs is slightly weaker as it does not incorporate attributes. However, given its simplicity and efficiency, we believe that it still serves as an effective baseline for attributed graph classification. Our graph representation is efficient (linear-time) to compute. We also provide a simple connection with the graph neural networks.\n  Note that these observations are only for the task of graph classification while existing methods are often designed for a broader scope including node embedding and link prediction. The results are also likely biased due to the limited amount of benchmark datasets available. Nevertheless, the good performance of our simple baseline calls for the development of new, more comprehensive benchmark datasets so as to better evaluate and analyze different graph learning methods. Furthermore, given the computational efficiency of our graph summary, we believe that it is a good candidate as a baseline method for future graph classification (or even other graph learning) studies.', ""Graph-Bert: Only Attention is Needed for Learning Graph Representations. The dominant graph neural networks (GNNs) over-rely on the graph links, several serious performance problems with which have been witnessed already, e.g., suspended animation problem and over-smoothing problem. What's more, the inherently inter-connected nature precludes parallelization within the graph, which becomes critical for large-sized graph, as memory constraints limit batching across the nodes. In this paper, we will introduce a new graph neural network, namely GRAPH-BERT (Graph based BERT), solely based on the attention mechanism without any graph convolution or aggregation operators. Instead of feeding GRAPH-BERT with the complete large input graph, we propose to train GRAPH-BERT with sampled linkless subgraphs within their local contexts. GRAPH-BERT can be learned effectively in a standalone mode. Meanwhile, a pre-trained GRAPH-BERT can also be transferred to other application tasks directly or with necessary fine-tuning if any supervised label information or certain application oriented objective is available. We have tested the effectiveness of GRAPH-BERT on several graph benchmark datasets. Based the pre-trained GRAPH-BERT with the node attribute reconstruction and structure recovery tasks, we further fine-tune GRAPH-BERT on node classification and graph clustering tasks specifically. The experimental results have demonstrated that GRAPH-BERT can out-perform the existing GNNs in both the learning effectiveness and efficiency.""]"
8,264,8_question_comprehension_reading_answer,"['question', 'comprehension', 'reading', 'answer', 'reading comprehension', 'answering', 'question answering', 'questions', 'qa', 'answers']","[""MS MARCO: A Human Generated MAchine Reading COmprehension Dataset. We introduce a large scale MAchine Reading COmprehension dataset, which we name MS MARCO. The dataset comprises of 1,010,916 anonymized questions---sampled from Bing's search query logs---each with a human generated answer and 182,669 completely human rewritten generated answers. In addition, the dataset contains 8,841,823 passages---extracted from 3,563,535 web documents retrieved by Bing---that provide the information necessary for curating the natural language answers. A question in the MS MARCO dataset may have multiple answers or no answers at all. Using this dataset, we propose three different tasks with varying levels of difficulty: (i) predict if a question is answerable given a set of context passages, and extract and synthesize the answer as a human would (ii) generate a well-formed answer (if possible) based on the context passages that can be understood with the question and passage context, and finally (iii) rank a set of retrieved passages given a question. The size of the dataset and the fact that the questions are derived from real user search queries distinguishes MS MARCO from other well-known publicly available datasets for machine reading comprehension and question-answering. We believe that the scale and the real-world nature of this dataset makes it attractive for benchmarking machine reading comprehension and question-answering models."", 'Dataset for the First Evaluation on Chinese Machine Reading Comprehension. Machine Reading Comprehension (MRC) has become enormously popular recently and has attracted a lot of attention. However, existing reading comprehension datasets are mostly in English. To add diversity in reading comprehension datasets, in this paper we propose a new Chinese reading comprehension dataset for accelerating related research in the community. The proposed dataset contains two different types: cloze-style reading comprehension and user query reading comprehension, associated with large-scale training data as well as human-annotated validation and hidden test set. Along with this dataset, we also hosted the first Evaluation on Chinese Machine Reading Comprehension (CMRC-2017) and successfully attracted tens of participants, which suggest the potential impact of this dataset.', 'Training a Ranking Function for Open-Domain Question Answering. In recent years, there have been amazing advances in deep learning methods for machine reading. In machine reading, the machine reader has to extract the answer from the given ground truth paragraph. Recently, the state-of-the-art machine reading models achieve human level performance in SQuAD which is a reading comprehension-style question answering (QA) task. The success of machine reading has inspired researchers to combine information retrieval with machine reading to tackle open-domain QA. However, these systems perform poorly compared to reading comprehension-style QA because it is difficult to retrieve the pieces of paragraphs that contain the answer to the question. In this study, we propose two neural network rankers that assign scores to different passages based on their likelihood of containing the answer to a given question. Additionally, we analyze the relative importance of semantic similarity and word level relevance matching in open-domain QA.']"
9,250,9_ai_intelligence_artificial_artificial intelligence,"['ai', 'intelligence', 'artificial', 'artificial intelligence', 'ethical', 'ethics', 'systems', 'cognitive', 'machines', 'moral']","['Artificial Intelligence and its Role in Near Future. AI technology has a long history which is actively and constantly changing and growing. It focuses on intelligent agents, which contain devices that perceive the environment and based on which takes actions in order to maximize goal success chances. In this paper, we will explain the modern AI basics and various representative applications of AI. In the context of the modern digitalized world, AI is the property of machines, computer programs, and systems to perform the intellectual and creative functions of a person, independently find ways to solve problems, be able to draw conclusions and make decisions. Most artificial intelligence systems have the ability to learn, which allows people to improve their performance over time. The recent research on AI tools, including machine learning, deep learning and predictive analysis intended toward increasing the planning, learning, reasoning, thinking and action taking ability. Based on which, the proposed research intends towards exploring on how the human intelligence differs from the artificial intelligence. Moreover, we critically analyze what AI of today is capable of doing, why it still cannot reach human intelligence and what are the open challenges existing in front of AI to reach and outperform human level of intelligence. Furthermore, it will explore the future predictions for artificial intelligence and based on which potential solution will be recommended to solve it within next decades.', 'Building Ethics into Artificial Intelligence. As artificial intelligence (AI) systems become increasingly ubiquitous, the topic of AI governance for ethical decision-making by AI has captured public imagination. Within the AI research community, this topic remains less familiar to many researchers. In this paper, we complement existing surveys, which largely focused on the psychological, social and legal discussions of the topic, with an analysis of recent advances in technical solutions for AI governance. By reviewing publications in leading AI conferences including AAAI, AAMAS, ECAI and IJCAI, we propose a taxonomy which divides the field into four areas: 1) exploring ethical dilemmas; 2) individual ethical decision frameworks; 3) collective ethical decision frameworks; and 4) ethics in human-AI interactions. We highlight the intuitions and key techniques used in each approach, and discuss promising future research directions towards successful integration of ethical AI systems into human societies.', 'Ethical Considerations in Artificial Intelligence Courses. The recent surge in interest in ethics in artificial intelligence may leave many educators wondering how to address moral, ethical, and philosophical issues in their AI courses. As instructors we want to develop curriculum that not only prepares students to be artificial intelligence practitioners, but also to understand the moral, ethical, and philosophical impacts that artificial intelligence will have on society. In this article we provide practical case studies and links to resources for use by AI educators. We also provide concrete suggestions on how to integrate AI ethics into a general artificial intelligence course and how to teach a stand-alone artificial intelligence ethics course.']"
10,225,10_networks_neural networks_neural_deep,"['networks', 'neural networks', 'neural', 'deep', 'functions', 'relu', 'generalization', 'activation', 'minima', 'gradient']","['Non-attracting Regions of Local Minima in Deep and Wide Neural Networks. Understanding the loss surface of neural networks is essential for the design of models with predictable performance and their success in applications. Experimental results suggest that sufficiently deep and wide neural networks are not negatively impacted by suboptimal local minima. Despite recent progress, the reason for this outcome is not fully understood. Could deep networks have very few, if at all, suboptimal local optima? or could all of them be equally good? We provide a construction to show that suboptimal local minima (i.e., non-global ones), even though degenerate, exist for fully connected neural networks with sigmoid activation functions. The local minima obtained by our construction belong to a connected set of local solutions that can be escaped from via a non-increasing path on the loss curve. For extremely wide neural networks of decreasing width after the wide layer, we prove that every suboptimal local minimum belongs to such a connected set. This provides a partial explanation for the successful application of deep neural networks. In addition, we also characterize under what conditions the same construction leads to saddle points instead of local minima for deep neural networks.', 'The Expressive Power of Neural Networks: A View from the Width. The expressive power of neural networks is important for understanding deep learning. Most existing works consider this problem from the view of the depth of a network. In this paper, we study how width affects the expressiveness of neural networks. Classical results state that depth-bounded (e.g. depth-$2$) networks with suitable activation functions are universal approximators. We show a universal approximation theorem for width-bounded ReLU networks: width-$(n+4)$ ReLU networks, where $n$ is the input dimension, are universal approximators. Moreover, except for a measure zero set, all functions cannot be approximated by width-$n$ ReLU networks, which exhibits a phase transition. Several recent works demonstrate the benefits of depth by proving the depth-efficiency of neural networks. That is, there are classes of deep networks which cannot be realized by any shallow network whose size is no more than an exponential bound. Here we pose the dual question on the width-efficiency of ReLU networks: Are there wide networks that cannot be realized by narrow networks whose size is not substantially larger? We show that there exist classes of wide networks which cannot be realized by any narrow network whose depth is no more than a polynomial bound. On the other hand, we demonstrate by extensive experiments that narrow networks whose size exceed the polynomial bound by a constant factor can approximate wide and shallow network with high accuracy. Our results provide more comprehensive evidence that depth is more effective than width for the expressiveness of ReLU networks.', 'A Convergence Theory for Deep Learning via Over-Parameterization. Deep neural networks (DNNs) have demonstrated dominating performance in many fields; since AlexNet, networks used in practice are going wider and deeper. On the theoretical side, a long line of works has been focusing on training neural networks with one hidden layer. The theory of multi-layer networks remains largely unsettled.\n  In this work, we prove why stochastic gradient descent (SGD) can find $\\textit{global minima}$ on the training objective of DNNs in $\\textit{polynomial time}$. We only make two assumptions: the inputs are non-degenerate and the network is over-parameterized. The latter means the network width is sufficiently large: $\\textit{polynomial}$ in $L$, the number of layers and in $n$, the number of samples.\n  Our key technique is to derive that, in a sufficiently large neighborhood of the random initialization, the optimization landscape is almost-convex and semi-smooth even with ReLU activations. This implies an equivalence between over-parameterized neural networks and neural tangent kernel (NTK) in the finite (and polynomial) width setting.\n  As concrete examples, starting from randomly initialized weights, we prove that SGD can attain 100% training accuracy in classification tasks, or minimize regression loss in linear convergence speed, with running time polynomial in $n,L$. Our theory applies to the widely-used but non-smooth ReLU activation, and to any smooth and possibly non-convex loss functions. In terms of network architectures, our theory at least applies to fully-connected neural networks, convolutional neural networks (CNN), and residual neural networks (ResNet).']"
11,222,11_knowledge graph_knowledge_knowledge graphs_graph,"['knowledge graph', 'knowledge', 'knowledge graphs', 'graph', 'graphs', 'embedding', 'entities', 'kg', 'link prediction', 'link']","['LineaRE: Simple but Powerful Knowledge Graph Embedding for Link Prediction. The task of link prediction for knowledge graphs is to predict missing relationships between entities. Knowledge graph embedding, which aims to represent entities and relations of a knowledge graph as low dimensional vectors in a continuous vector space, has achieved promising predictive performance. If an embedding model can cover different types of connectivity patterns and mapping properties of relations as many as possible, it will potentially bring more benefits for link prediction tasks. In this paper, we propose a novel embedding model, namely LineaRE, which is capable of modeling four connectivity patterns (i.e., symmetry, antisymmetry, inversion, and composition) and four mapping properties (i.e., one-to-one, one-to-many, many-to-one, and many-to-many) of relations. Specifically, we regard knowledge graph embedding as a simple linear regression task, where a relation is modeled as a linear function of two low-dimensional vector-presented entities with two weight vectors and a bias vector. Since the vectors are defined in a real number space and the scoring function of the model is linear, our model is simple and scalable to large knowledge graphs. Experimental results on multiple widely used real-world datasets show that the proposed LineaRE model significantly outperforms existing state-of-the-art models for link prediction tasks.', 'A survey of embedding models of entities and relationships for knowledge graph completion. Knowledge graphs (KGs) of real-world facts about entities and their relationships are useful resources for a variety of natural language processing tasks. However, because knowledge graphs are typically incomplete, it is useful to perform knowledge graph completion or link prediction, i.e. predict whether a relationship not in the knowledge graph is likely to be true. This paper serves as a comprehensive survey of embedding models of entities and relationships for knowledge graph completion, summarizing up-to-date experimental results on standard benchmark datasets and pointing out potential future research directions.', 'TorusE: Knowledge Graph Embedding on a Lie Group. Knowledge graphs are useful for many artificial intelligence (AI) tasks. However, knowledge graphs often have missing facts. To populate the graphs, knowledge graph embedding models have been developed. Knowledge graph embedding models map entities and relations in a knowledge graph to a vector space and predict unknown triples by scoring candidate triples. TransE is the first translation-based method and it is well known because of its simplicity and efficiency for knowledge graph completion. It employs the principle that the differences between entity embeddings represent their relations. The principle seems very simple, but it can effectively capture the rules of a knowledge graph. However, TransE has a problem with its regularization. TransE forces entity embeddings to be on a sphere in the embedding vector space. This regularization warps the embeddings and makes it difficult for them to fulfill the abovementioned principle. The regularization also affects adversely the accuracies of the link predictions. On the other hand, regularization is important because entity embeddings diverge by negative sampling without it. This paper proposes a novel embedding model, TorusE, to solve the regularization problem. The principle of TransE can be defined on any Lie group. A torus, which is one of the compact Lie groups, can be chosen for the embedding space to avoid regularization. To the best of our knowledge, TorusE is the first model that embeds objects on other than a real or complex vector space, and this paper is the first to formally discuss the problem of regularization of TransE. Our approach outperforms other state-of-the-art approaches such as TransE, DistMult and ComplEx on a standard link prediction task. We show that TorusE is scalable to large-size knowledge graphs and is faster than the original TransE.']"
12,217,12_action_action recognition_video_temporal,"['action', 'action recognition', 'video', 'temporal', 'recognition', 'videos', 'actions', 'spatiotemporal', 'action detection', 'human action']","['Unsupervised Human Action Detection by Action Matching. We propose a new task of unsupervised action detection by action matching. Given two long videos, the objective is to temporally detect all pairs of matching video segments. A pair of video segments are matched if they share the same human action. The task is category independent---it does not matter what action is being performed---and no supervision is used to discover such video segments. Unsupervised action detection by action matching allows us to align videos in a meaningful manner. As such, it can be used to discover new action categories or as an action proposal technique within, say, an action detection pipeline. Moreover, it is a useful pre-processing step for generating video highlights, e.g., from sports videos.\n  We present an effective and efficient method for unsupervised action detection. We use an unsupervised temporal encoding method and exploit the temporal consistency in human actions to obtain candidate action segments. We evaluate our method on this challenging task using three activity recognition benchmarks, namely, the MPII Cooking activities dataset, the THUMOS15 action detection benchmark and a new dataset called the IKEA dataset. On the MPII Cooking dataset we detect action segments with a precision of 21.6% and recall of 11.7% over 946 long video pairs and over 5000 ground truth action segments. Similarly, on THUMOS dataset we obtain 18.4% precision and 25.1% recall over 5094 ground truth action segment pairs.', 'On the Integration of Optical Flow and Action Recognition. Most of the top performing action recognition methods use optical flow as a ""black box"" input. Here we take a deeper look at the combination of flow and action recognition, and investigate why optical flow is helpful, what makes a flow method good for action recognition, and how we can make it better. In particular, we investigate the impact of different flow algorithms and input transformations to better understand how these affect a state-of-the-art action recognition method. Furthermore, we fine tune two neural-network flow methods end-to-end on the most widely used action recognition dataset (UCF101). Based on these experiments, we make the following five observations: 1) optical flow is useful for action recognition because it is invariant to appearance, 2) optical flow methods are optimized to minimize end-point-error (EPE), but the EPE of current methods is not well correlated with action recognition performance, 3) for the flow methods tested, accuracy at boundaries and at small displacements is most correlated with action recognition performance, 4) training optical flow to minimize classification error instead of minimizing EPE improves recognition performance, and 5) optical flow learned for the task of action recognition differs from traditional optical flow especially inside the human body and at the boundary of the body. These observations may encourage optical flow researchers to look beyond EPE as a goal and guide action recognition researchers to seek better motion cues, leading to a tighter integration of the optical flow and action recognition communities.', 'Human Action Recognition without Human. The objective of this paper is to evaluate ""human action recognition without human"". Motion representation is frequently discussed in human action recognition. We have examined several sophisticated options, such as dense trajectories (DT) and the two-stream convolutional neural network (CNN). However, some features from the background could be too strong, as shown in some recent studies on human action recognition. Therefore, we considered whether a background sequence alone can classify human actions in current large-scale action datasets (e.g., UCF101). In this paper, we propose a novel concept for human action analysis that is named ""human action recognition without human"". An experiment clearly shows the effect of a background sequence for understanding an action label.']"
13,216,13_domain_domain adaptation_adaptation_target,"['domain', 'domain adaptation', 'adaptation', 'target', 'source', 'transfer', 'target domain', 'transfer learning', 'domains', 'source target']","['Deep Residual Correction Network for Partial Domain Adaptation. Deep domain adaptation methods have achieved appealing performance by learning transferable representations from a well-labeled source domain to a different but related unlabeled target domain. Most existing works assume source and target data share the identical label space, which is often difficult to be satisfied in many real-world applications. With the emergence of big data, there is a more practical scenario called partial domain adaptation, where we are always accessible to a more large-scale source domain while working on a relative small-scale target domain. In this case, the conventional domain adaptation assumption should be relaxed, and the target label space tends to be a subset of the source label space. Intuitively, reinforcing the positive effects of the most relevant source subclasses and reducing the negative impacts of irrelevant source subclasses are of vital importance to address partial domain adaptation challenge. This paper proposes an efficiently-implemented Deep Residual Correction Network (DRCN) by plugging one residual block into the source network along with the task-specific feature layer, which effectively enhances the adaptation from source to target and explicitly weakens the influence from the irrelevant source classes. Specifically, the plugged residual block, which consists of several fully-connected layers, could deepen basic network and boost its feature representation capability correspondingly. Moreover, we design a weighted class-wise domain alignment loss to couple two domains by matching the feature distributions of shared classes between source and target. Comprehensive experiments on partial, traditional and fine-grained cross-domain visual recognition demonstrate that DRCN is superior to the competitive deep domain adaptation approaches.', 'Domain Adaptation for Neural Networks by Parameter Augmentation. We propose a simple domain adaptation method for neural networks in a supervised setting. Supervised domain adaptation is a way of improving the generalization performance on the target domain by using the source domain dataset, assuming that both of the datasets are labeled. Recently, recurrent neural networks have been shown to be successful on a variety of NLP tasks such as caption generation; however, the existing domain adaptation techniques are limited to (1) tune the model parameters by the target dataset after the training by the source dataset, or (2) design the network to have dual output, one for the source domain and the other for the target domain. Reformulating the idea of the domain adaptation technique proposed by Daume (2007), we propose a simple domain adaptation method, which can be applied to neural networks trained with a cross-entropy loss. On captioning datasets, we show performance improvements over other domain adaptation methods.', 'Improving Unsupervised Domain Adaptation with Variational Information Bottleneck. Domain adaptation aims to leverage the supervision signal of source domain to obtain an accurate model for target domain, where the labels are not available. To leverage and adapt the label information from source domain, most existing methods employ a feature extracting function and match the marginal distributions of source and target domains in a shared feature space. In this paper, from the perspective of information theory, we show that representation matching is actually an insufficient constraint on the feature space for obtaining a model with good generalization performance in target domain. We then propose variational bottleneck domain adaptation (VBDA), a new domain adaptation method which improves feature transferability by explicitly enforcing the feature extractor to ignore the task-irrelevant factors and focus on the information that is essential to the task of interest for both source and target domains. Extensive experimental results demonstrate that VBDA significantly outperforms state-of-the-art methods across three domain adaptation benchmark datasets.']"
14,209,14_gans_gan_generative_generative adversarial,"['gans', 'gan', 'generative', 'generative adversarial', 'adversarial networks', 'adversarial', 'discriminator', 'generator', 'networks gans', 'distribution']","[""Unrolled Generative Adversarial Networks. We introduce a method to stabilize Generative Adversarial Networks (GANs) by defining the generator objective with respect to an unrolled optimization of the discriminator. This allows training to be adjusted between using the optimal discriminator in the generator's objective, which is ideal but infeasible in practice, and using the current value of the discriminator, which is often unstable and leads to poor solutions. We show how this technique solves the common problem of mode collapse, stabilizes training of GANs with complex recurrent generators, and increases diversity and coverage of the data distribution by the generator."", 'FusedProp: Towards Efficient Training of Generative Adversarial Networks. Generative adversarial networks (GANs) are capable of generating strikingly realistic samples but state-of-the-art GANs can be extremely computationally expensive to train. In this paper, we propose the fused propagation (FusedProp) algorithm which can be used to efficiently train the discriminator and the generator of common GANs simultaneously using only one forward and one backward propagation. We show that FusedProp achieves 1.49 times the training speed compared to the conventional training of GANs, although further studies are required to improve its stability. By reporting our preliminary results and open-sourcing our implementation, we hope to accelerate future research on the training of GANs.', 'Generative Adversarial Networks (GANs): An Overview of Theoretical Model, Evaluation Metrics, and Recent Developments. One of the most significant challenges in statistical signal processing and machine learning is how to obtain a generative model that can produce samples of large-scale data distribution, such as images and speeches. Generative Adversarial Network (GAN) is an effective method to address this problem. The GANs provide an appropriate way to learn deep representations without widespread use of labeled training data. This approach has attracted the attention of many researchers in computer vision since it can generate a large amount of data without precise modeling of the probability density function (PDF). In GANs, the generative model is estimated via a competitive process where the generator and discriminator networks are trained simultaneously. The generator learns to generate plausible data, and the discriminator learns to distinguish fake data created by the generator from real data samples. Given the rapid growth of GANs over the last few years and their application in various fields, it is necessary to investigate these networks accurately. In this paper, after introducing the main concepts and the theory of GAN, two new deep generative models are compared, the evaluation metrics utilized in the literature and challenges of GANs are also explained. Moreover, the most remarkable GAN architectures are categorized and discussed. Finally, the essential applications in computer vision are examined.']"
15,208,15_explanations_explanation_explainable_interpretability,"['explanations', 'explanation', 'explainable', 'interpretability', 'interpretable', 'xai', 'explainability', 'ai', 'machine learning', 'explainable ai']","[""Local Rule-Based Explanations of Black Box Decision Systems. The recent years have witnessed the rise of accurate but obscure decision systems which hide the logic of their internal decision processes to the users. The lack of explanations for the decisions of black box systems is a key ethical issue, and a limitation to the adoption of machine learning components in socially sensitive and safety-critical contexts. %Therefore, we need explanations that reveals the reasons why a predictor takes a certain decision. In this paper we focus on the problem of black box outcome explanation, i.e., explaining the reasons of the decision taken on a specific instance. We propose LORE, an agnostic method able to provide interpretable and faithful explanations. LORE first leans a local interpretable predictor on a synthetic neighborhood generated by a genetic algorithm. Then it derives from the logic of the local interpretable predictor a meaningful explanation consisting of: a decision rule, which explains the reasons of the decision; and a set of counterfactual rules, suggesting the changes in the instance's features that lead to a different outcome. Wide experiments show that LORE outperforms existing methods and baselines both in the quality of explanations and in the accuracy in mimicking the black box."", ""Directions for Explainable Knowledge-Enabled Systems. Interest in the field of Explainable Artificial Intelligence has been growing for decades and has accelerated recently. As Artificial Intelligence models have become more complex, and often more opaque, with the incorporation of complex machine learning techniques, explainability has become more critical. Recently, researchers have been investigating and tackling explainability with a user-centric focus, looking for explanations to consider trustworthiness, comprehensibility, explicit provenance, and context-awareness. In this chapter, we leverage our survey of explanation literature in Artificial Intelligence and closely related fields and use these past efforts to generate a set of explanation types that we feel reflect the expanded needs of explanation for today's artificial intelligence applications. We define each type and provide an example question that would motivate the need for this style of explanation. We believe this set of explanation types will help future system designers in their generation and prioritization of requirements and further help generate explanations that are better aligned to users' and situational needs."", ""The What, the Why, and the How of Artificial Explanations in Automated Decision-Making. The increasing incorporation of Artificial Intelligence in the form of automated systems into decision-making procedures highlights not only the importance of decision theory for automated systems but also the need for these decision procedures to be explainable to the people involved in them. Traditional realist accounts of explanation, wherein explanation is a relation that holds (or does not hold) eternally between an explanans and an explanandum, are not adequate to account for the notion of explanation required for artificial decision procedures. We offer an alternative account of explanation as used in the context of automated decision-making that makes explanation an epistemic phenomenon, and one that is dependent on context. This account of explanation better accounts for the way that we talk about, and use, explanations and derived concepts, such as `explanatory power', and also allows us to differentiate between reasons or causes on the one hand, which do not need to have an epistemic aspect, and explanations on the other, which do have such an aspect. Against this theoretical backdrop we then review existing approaches to explanation in Artificial Intelligence and Machine Learning, and suggest desiderata which truly explainable decision systems should fulfill.""]"
16,203,16_summarization_abstractive_summaries_extractive,"['summarization', 'abstractive', 'summaries', 'extractive', 'summary', 'text summarization', 'abstractive summarization', 'document', 'text', 'multidocument']","['Towards a Neural Network Approach to Abstractive Multi-Document Summarization. Till now, neural abstractive summarization methods have achieved great success for single document summarization (SDS). However, due to the lack of large scale multi-document summaries, such methods can be hardly applied to multi-document summarization (MDS). In this paper, we investigate neural abstractive methods for MDS by adapting a state-of-the-art neural abstractive summarization model for SDS. We propose an approach to extend the neural abstractive model trained on large scale SDS data to the MDS task. Our approach only makes use of a small number of multi-document summaries for fine tuning. Experimental results on two benchmark DUC datasets demonstrate that our approach can outperform a variety of baseline neural models.', 'StructSum: Summarization via Structured Representations. Abstractive text summarization aims at compressing the information of a long source document into a rephrased, condensed summary. Despite advances in modeling techniques, abstractive summarization models still suffer from several key challenges: (i) layout bias: they overfit to the style of training corpora; (ii) limited abstractiveness: they are optimized to copying n-grams from the source rather than generating novel abstractive summaries; (iii) lack of transparency: they are not interpretable. In this work, we propose a framework based on document-level structure induction for summarization to address these challenges. To this end, we propose incorporating latent and explicit dependencies across sentences in the source document into end-to-end single-document summarization models. Our framework complements standard encoder-decoder summarization models by augmenting them with rich structure-aware document representations based on implicitly learned (latent) structures and externally-derived linguistic (explicit) structures. We show that our summarization framework, trained on the CNN/DM dataset, improves the coverage of content in the source documents, generates more abstractive summaries by generating more novel n-grams, and incorporates interpretable sentence-level structures, while performing on par with standard baselines.', 'Query-Based Abstractive Summarization Using Neural Networks. In this paper, we present a model for generating summaries of text documents with respect to a query. This is known as query-based summarization. We adapt an existing dataset of news article summaries for the task and train a pointer-generator model using this dataset. The generated summaries are evaluated by measuring similarity to reference summaries. Our results show that a neural network summarization model, similar to existing neural network models for abstractive summarization, can be constructed to make use of queries to produce targeted summaries.']"
17,191,17_segmentation_semantic segmentation_semantic_instance segmentation,"['segmentation', 'semantic segmentation', 'semantic', 'instance segmentation', 'instance', 'mask', 'object', 'pascal', 'cityscapes', 'masks']","['Conditional Convolutions for Instance Segmentation. We propose a simple yet effective instance segmentation framework, termed CondInst (conditional convolutions for instance segmentation). Top-performing instance segmentation methods such as Mask R-CNN rely on ROI operations (typically ROIPool or ROIAlign) to obtain the final instance masks. In contrast, we propose to solve instance segmentation from a new perspective. Instead of using instance-wise ROIs as inputs to a network of fixed weights, we employ dynamic instance-aware networks, conditioned on instances. CondInst enjoys two advantages: 1) Instance segmentation is solved by a fully convolutional network, eliminating the need for ROI cropping and feature alignment. 2) Due to the much improved capacity of dynamically-generated conditional convolutions, the mask head can be very compact (e.g., 3 conv. layers, each having only 8 channels), leading to significantly faster inference. We demonstrate a simpler instance segmentation method that can achieve improved performance in both accuracy and inference speed. On the COCO dataset, we outperform a few recent methods including well-tuned Mask RCNN baselines, without longer training schedules needed.\n  Code is available: https://github.com/aim-uofa/adet', 'Towards Bounding-Box Free Panoptic Segmentation. In this work we introduce a new Bounding-Box Free Network (BBFNet) for panoptic segmentation. Panoptic segmentation is an ideal problem for proposal-free methods as it already requires per-pixel semantic class labels. We use this observation to exploit class boundaries from off-the-shelf semantic segmentation networks and refine them to predict instance labels. Towards this goal BBFNet predicts coarse watershed levels and uses them to detect large instance candidates where boundaries are well defined. For smaller instances, whose boundaries are less reliable, BBFNet also predicts instance centers by means of Hough voting followed by mean-shift to reliably detect small objects. A novel triplet loss network helps merging fragmented instances while refining boundary pixels. Our approach is distinct from previous works in panoptic segmentation that rely on a combination of a semantic segmentation network with a computationally costly instance segmentation network based on bounding box proposals, such as Mask R-CNN, to guide the prediction of instance labels using a Mixture-of-Expert (MoE) approach. We benchmark our proposal-free method on Cityscapes and Microsoft COCO datasets and show competitive performance with other MoE based approaches while outperforming existing non-proposal based methods on the COCO dataset. We show the flexibility of our method using different semantic segmentation backbones.', 'BiSeg: Simultaneous Instance Segmentation and Semantic Segmentation with Fully Convolutional Networks. We present a simple and effective framework for simultaneous semantic segmentation and instance segmentation with Fully Convolutional Networks (FCNs). The method, called BiSeg, predicts instance segmentation as a posterior in Bayesian inference, where semantic segmentation is used as a prior. We extend the idea of position-sensitive score maps used in recent methods to a fusion of multiple score maps at different scales and partition modes, and adopt it as a robust likelihood for instance segmentation inference. As both Bayesian inference and map fusion are performed per pixel, BiSeg is a fully convolutional end-to-end solution that inherits all the advantages of FCNs. We demonstrate state-of-the-art instance segmentation accuracy on PASCAL VOC.']"
18,184,18_anomaly_anomaly detection_detection_anomalies,"['anomaly', 'anomaly detection', 'detection', 'anomalies', 'outlier', 'time series', 'outlier detection', 'data', 'series', 'outliers']","['RobustTAD: Robust Time Series Anomaly Detection via Decomposition and Convolutional Neural Networks. The monitoring and management of numerous and diverse time series data at Alibaba Group calls for an effective and scalable time series anomaly detection service. In this paper, we propose RobustTAD, a Robust Time series Anomaly Detection framework by integrating robust seasonal-trend decomposition and convolutional neural network for time series data. The seasonal-trend decomposition can effectively handle complicated patterns in time series, and meanwhile significantly simplifies the architecture of the neural network, which is an encoder-decoder architecture with skip connections. This architecture can effectively capture the multi-scale information from time series, which is very useful in anomaly detection. Due to the limited labeled data in time series anomaly detection, we systematically investigate data augmentation methods in both time and frequency domains. We also introduce label-based weight and value-based weight in the loss function by utilizing the unbalanced nature of the time series anomaly detection problem. Compared with the widely used forecasting-based anomaly detection algorithms, decomposition-based algorithms, traditional statistical algorithms, as well as recent neural network based algorithms, RobustTAD performs significantly better on public benchmark datasets. It is deployed as a public online service and widely adopted in different business scenarios at Alibaba Group.', 'Adversarially Learned Anomaly Detection. Anomaly detection is a significant and hence well-studied problem. However, developing effective anomaly detection methods for complex and high-dimensional data remains a challenge. As Generative Adversarial Networks (GANs) are able to model the complex high-dimensional distributions of real-world data, they offer a promising approach to address this challenge. In this work, we propose an anomaly detection method, Adversarially Learned Anomaly Detection (ALAD) based on bi-directional GANs, that derives adversarially learned features for the anomaly detection task. ALAD then uses reconstruction errors based on these adversarially learned features to determine if a data sample is anomalous. ALAD builds on recent advances to ensure data-space and latent-space cycle-consistencies and stabilize GAN training, which results in significantly improved anomaly detection performance. ALAD achieves state-of-the-art performance on a range of image and tabular datasets while being several hundred-fold faster at test time than the only published GAN-based method.', 'Warping Resilient Scalable Anomaly Detection in Time Series. Time series data is ubiquitous in the real-world problems across various domains including healthcare, social media, and crime surveillance. Detecting anomalies, or irregular and rare events, in time series data, can enable us to find abnormal events in any natural phenomena, which may require special treatment. Moreover, labeled instances of anomaly are hard to get in time series data. On the other hand, time series data, due to its nature, often exhibits localized expansions and compressions in the time dimension which is called warping. These two challenges make it hard to detect anomalies in time series as often such warpings could get detected as anomalies erroneously. Our objective is to build an anomaly detection model that is robust to such warping variations. In this paper, we propose a novel unsupervised time series anomaly detection method, WaRTEm-AD, that operates in two stages. Within the key stage of representation learning, we employ data augmentation through bespoke time series operators which are passed through a twin autoencoder architecture to learn warping-robust representations for time series data. Second, adaptations of state-of-the-art anomaly detection methods are employed on the learnt representations to identify anomalies. We will illustrate that WaRTEm-AD is designed to detect two types of time series anomalies: point and sequence anomalies. We compare WaRTEm-AD with the state-of-the-art baselines and establish the effectiveness of our method both in terms of anomaly detection performance and computational efficiency.']"
19,182,19_reasoning_logic_theorem_proof,"['reasoning', 'logic', 'theorem', 'proof', 'logical', 'symbolic', 'proofs', 'inductive', 'theorem proving', 'proving']","['Deep Network Guided Proof Search. Deep learning techniques lie at the heart of several significant AI advances in recent years including object recognition and detection, image captioning, machine translation, speech recognition and synthesis, and playing the game of Go. Automated first-order theorem provers can aid in the formalization and verification of mathematical theorems and play a crucial role in program analysis, theory reasoning, security, interpolation, and system verification. Here we suggest deep learning based guidance in the proof search of the theorem prover E. We train and compare several deep neural network models on the traces of existing ATP proofs of Mizar statements and use them to select processed clauses during proof search. We give experimental evidence that with a hybrid, two-phase approach, deep learning based guidance can significantly reduce the average number of proof search steps while increasing the number of theorems proved. Using a few proof guidance strategies that leverage deep neural networks, we have found first-order proofs of 7.36% of the first-order logic translations of the Mizar Mathematical Library theorems that did not previously have ATP generated proofs. This increases the ratio of statements in the corpus with ATP generated proofs from 56% to 59%.', 'A Deep Reinforcement Learning Approach to First-Order Logic Theorem Proving. Automated theorem provers have traditionally relied on manually tuned heuristics to guide how they perform proof search. Deep reinforcement learning has been proposed as a way to obviate the need for such heuristics, however, its deployment in automated theorem proving remains a challenge. In this paper we introduce TRAIL, a system that applies deep reinforcement learning to saturation-based theorem proving. TRAIL leverages (a) a novel neural representation of the state of a theorem prover and (b) a novel characterization of the inference selection process in terms of an attention-based action policy. We show through systematic analysis that these mechanisms allow TRAIL to significantly outperform previous reinforcement-learning-based theorem provers on two benchmark datasets for first-order logic automated theorem proving (proving around 15% more theorems).', 'Learning to Reason. Automated theorem proving has long been a key task of artificial intelligence. Proofs form the bedrock of rigorous scientific inquiry. Many tools for both partially and fully automating their derivations have been developed over the last half a century. Some examples of state-of-the-art provers are E (Schulz, 2013), VAMPIRE (Kovács & Voronkov, 2013), and Prover9 (McCune, 2005-2010). Newer theorem provers, such as E, use superposition calculus in place of more traditional resolution and tableau based methods. There have also been a number of past attempts to apply machine learning methods to guiding proof search. Suttner & Ertel proposed a multilayer-perceptron based method using hand-engineered features as far back as 1990; Urban et al (2011) apply machine learning to tableau calculus; and Loos et al (2017) recently proposed a method for guiding the E theorem prover using deep nerual networks. All of this prior work, however, has one common limitation: they all rely on the axioms of classical first-order logic. Very little attention has been paid to automated theorem proving for non-classical logics. One of the only recent examples is McLaughlin & Pfenning (2008) who applied the polarized inverse method to intuitionistic propositional logic. The literature is otherwise mostly silent. This is truly unfortunate, as there are many reasons to desire non-classical proofs over classical. Constructive/intuitionistic proofs should be of particular interest to computer scientists thanks to the well-known Curry-Howard correspondence (Howard, 1980) which tells us that all terminating programs correspond to a proof in intuitionistic logic and vice versa. This work explores using Q-learning (Watkins, 1989) to inform proof search for a specific system called non-classical logic called Core Logic (Tennant, 2017).']"
20,179,20_asp_programming_answer set_sat,"['asp', 'programming', 'answer set', 'sat', 'set programming', 'constraint', 'answer', 'solver', 'solvers', 'logic']","['Debugging Non-Ground ASP Programs: Technique and Graphical Tools. Answer Set Programming (ASP) is one of the major declarative programming paradigms in the area of logic programming and non-monotonic reasoning. Despite that ASP features a simple syntax and an intuitive semantics, errors are common during the development of ASP programs. In this paper we propose a novel debugging approach allowing for interactive localization of bugs in non-ground programs. The new approach points the user directly to a set of non-ground rules involved in the bug, which might be refined (up to the point in which the bug is easily identified) by asking the programmer a sequence of questions on an expected answer set. The approach has been implemented on top of the ASP solver WASP. The resulting debugger has been complemented by a user-friendly graphical interface, and integrated in ASPIDE, a rich IDE for answer set programs. In addition, an empirical analysis shows that the new debugger is not affected by the grounding blowup limiting the application of previous approaches based on meta-programming. Under consideration in Theory and Practice of Logic Programming (TPLP).', ""Clingcon: The Next Generation. We present the third generation of the constraint answer set system clingcon, combining Answer Set Programming (ASP) with finite domain constraint processing (CP). While its predecessors rely on a black-box approach to hybrid solving by integrating the CP solver gecode, the new clingcon system pursues a lazy approach using dedicated constraint propagators to extend propagation in the underlying ASP solver clasp. No extension is needed for parsing and grounding clingcon's hybrid modeling language since both can be accommodated by the new generic theory handling capabilities of the ASP grounder gringo. As a whole, clingcon 3 is thus an extension of the ASP system clingo 5, which itself relies on the grounder gringo and the solver clasp. The new approach of clingcon offers a seamless integration of CP propagation into ASP solving that benefits from the whole spectrum of clasp's reasoning modes, including for instance multi-shot solving and advanced optimization techniques. This is accomplished by a lazy approach that unfolds the representation of constraints and adds it to that of the logic program only when needed. Although the unfolding is usually dictated by the constraint propagators during solving, it can already be partially (or even totally) done during preprocessing. Moreover, clingcon's constraint preprocessing and propagation incorporate several well established CP techniques that greatly improve its performance. We demonstrate this via an extensive empirical evaluation contrasting, first, the various techniques in the context of CSP solving and, second, the new clingcon system with other hybrid ASP systems. Under consideration in Theory and Practice of Logic Programming (TPLP)"", 'Combining Answer Set Programming and Domain Heuristics for Solving Hard Industrial Problems (Application Paper). Answer Set Programming (ASP) is a popular logic programming paradigm that has been applied for solving a variety of complex problems. Among the most challenging real-world applications of ASP are two industrial problems defined by Siemens: the Partner Units Problem (PUP) and the Combined Configuration Problem (CCP). The hardest instances of PUP and CCP are out of reach for state-of-the-art ASP solvers. Experiments show that the performance of ASP solvers could be significantly improved by embedding domain-specific heuristics, but a proper effective integration of such criteria in off-the-shelf ASP implementations is not obvious. In this paper the combination of ASP and domain-specific heuristics is studied with the goal of effectively solving real-world problem instances of PUP and CCP. As a byproduct of this activity, the ASP solver WASP was extended with an interface that eases embedding new external heuristics in the solver. The evaluation shows that our domain-heuristic-driven ASP solver finds solutions for all the real-world instances of PUP and CCP ever provided by Siemens. This paper is under consideration for acceptance in TPLP.']"
21,173,21_privacy_federated_private_federated learning,"['privacy', 'federated', 'private', 'federated learning', 'differential privacy', 'differential', 'differentially private', 'differentially', 'data', 'privacypreserving']","[""FedSel: Federated SGD under Local Differential Privacy with Top-k Dimension Selection. As massive data are produced from small gadgets, federated learning on mobile devices has become an emerging trend. In the federated setting, Stochastic Gradient Descent (SGD) has been widely used in federated learning for various machine learning models. To prevent privacy leakages from gradients that are calculated on users' sensitive data, local differential privacy (LDP) has been considered as a privacy guarantee in federated SGD recently. However, the existing solutions have a dimension dependency problem: the injected noise is substantially proportional to the dimension $d$. In this work, we propose a two-stage framework FedSel for federated SGD under LDP to relieve this problem. Our key idea is that not all dimensions are equally important so that we privately select Top-k dimensions according to their contributions in each iteration of federated SGD. Specifically, we propose three private dimension selection mechanisms and adapt the gradient accumulation technique to stabilize the learning process with noisy updates. We also theoretically analyze privacy, accuracy and time complexity of FedSel, which outperforms the state-of-the-art solutions. Experiments on real-world and synthetic datasets verify the effectiveness and efficiency of our framework."", 'Evaluating Differentially Private Machine Learning in Practice. Differential privacy is a strong notion for privacy that can be used to prove formal guarantees, in terms of a privacy budget, $ε$, about how much information is leaked by a mechanism. However, implementations of privacy-preserving machine learning often select large values of $ε$ in order to get acceptable utility of the model, with little understanding of the impact of such choices on meaningful privacy. Moreover, in scenarios where iterative learning procedures are used, differential privacy variants that offer tighter analyses are used which appear to reduce the needed privacy budget but present poorly understood trade-offs between privacy and utility. In this paper, we quantify the impact of these choices on privacy in experiments with logistic regression and neural network models. Our main finding is that there is a huge gap between the upper bounds on privacy loss that can be guaranteed, even with advanced mechanisms, and the effective privacy loss that can be measured using current inference attacks. Current mechanisms for differentially private machine learning rarely offer acceptable utility-privacy trade-offs with guarantees for complex learning tasks: settings that provide limited accuracy loss provide meaningless privacy guarantees, and settings that provide strong privacy guarantees result in useless models. Code for the experiments can be found here: https://github.com/bargavj/EvaluatingDPML', 'Concentrated Differentially Private and Utility Preserving Federated Learning. Federated learning is a machine learning setting where a set of edge devices collaboratively train a model under the orchestration of a central server without sharing their local data. At each communication round of federated learning, edge devices perform multiple steps of stochastic gradient descent with their local data and then upload the computation results to the server for model update. During this process, the challenge of privacy leakage arises due to the information exchange between edge devices and the server when the server is not fully trusted. While some previous privacy-preserving mechanisms could readily be used for federated learning, they usually come at a high cost on convergence of the algorithm and utility of the learned model. In this paper, we develop a federated learning approach that addresses the privacy challenge without much degradation on model utility through a combination of local gradient perturbation, secure aggregation, and zero-concentrated differential privacy (zCDP). We provide a tight end-to-end privacy guarantee of our approach and analyze its theoretical convergence rates. Through extensive numerical experiments on real-world datasets, we demonstrate the effectiveness of our proposed method and show its superior trade-off between privacy and model utility.']"
22,169,22_person_reidentification_person reidentification_reid,"['person', 'reidentification', 'person reidentification', 'reid', 'pedestrian', 'person reid', 'reidentification reid', 'pedestrian detection', 'attribute', 'camera']","[""Occluded Person Re-identification. Person re-identification (re-id) suffers from a serious occlusion problem when applied to crowded public places. In this paper, we propose to retrieve a full-body person image by using a person image with occlusions. This differs significantly from the conventional person re-id problem where it is assumed that person images are detected without any occlusion. We thus call this new problem the occluded person re-identitification. To address this new problem, we propose a novel Attention Framework of Person Body (AFPB) based on deep learning, consisting of 1) an Occlusion Simulator (OS) which automatically generates artificial occlusions for full-body person images, and 2) multi-task losses that force the neural network not only to discriminate a person's identity but also to determine whether a sample is from the occluded data distribution or the full-body data distribution. Experiments on a new occluded person re-id dataset and three existing benchmarks modified to include full-body person images and occluded person images show the superiority of the proposed method."", 'A Multi-task Deep Network for Person Re-identification. Person re-identification (ReID) focuses on identifying people across different scenes in video surveillance, which is usually formulated as a binary classification task or a ranking task in current person ReID approaches. In this paper, we take both tasks into account and propose a multi-task deep network (MTDnet) that makes use of their own advantages and jointly optimize the two tasks simultaneously for person ReID. To the best of our knowledge, we are the first to integrate both tasks in one network to solve the person ReID. We show that our proposed architecture significantly boosts the performance. Furthermore, deep architecture in general requires a sufficient dataset for training, which is usually not met in person ReID. To cope with this situation, we further extend the MTDnet and propose a cross-domain architecture that is capable of using an auxiliary set to assist training on small target sets. In the experiments, our approach outperforms most of existing person ReID algorithms on representative datasets including CUHK03, CUHK01, VIPeR, iLIDS and PRID2011, which clearly demonstrates the effectiveness of the proposed approach.', 'Homocentric Hypersphere Feature Embedding for Person Re-identification. Person re-identification (Person ReID) is a challenging task due to the large variations in camera viewpoint, lighting, resolution, and human pose. Recently, with the advancement of deep learning technologies, the performance of Person ReID has been improved swiftly. Feature extraction and feature matching are two crucial components in the training and deployment stages of Person ReID. However, many existing Person ReID methods have measure inconsistency between the training stage and the deployment stage, and they couple magnitude and orientation information of feature vectors in feature representation. Meanwhile, traditional triplet loss methods focus on samples within a mini-batch and lack knowledge of global feature distribution. To address these issues, we propose a novel homocentric hypersphere embedding scheme to decouple magnitude and orientation information for both feature and weight vectors, and reformulate classification loss and triplet loss to their angular versions and combine them into an angular discriminative loss. We evaluate our proposed method extensively on the widely used Person ReID benchmarks, including Market1501, CUHK03 and DukeMTMC-ReID. Our method demonstrates leading performance on all datasets.']"
23,169,23_parsing_dependency_parser_dependency parsing,"['parsing', 'dependency', 'parser', 'dependency parsing', 'parsers', 'transitionbased', 'amr', 'syntactic', 'tree', 'semantic parsing']","['Semi-Supervised Methods for Out-of-Domain Dependency Parsing. Dependency parsing is one of the important natural language processing tasks that assigns syntactic trees to texts. Due to the wider availability of dependency corpora and improved parsing and machine learning techniques, parsing accuracies of supervised learning-based systems have been significantly improved. However, due to the nature of supervised learning, those parsing systems highly rely on the manually annotated training corpora. They work reasonably good on the in-domain data but the performance drops significantly when tested on out-of-domain texts. To bridge the performance gap between in-domain and out-of-domain, this thesis investigates three semi-supervised techniques for out-of-domain dependency parsing, namely co-training, self-training and dependency language models. Our approaches use easily obtainable unlabelled data to improve out-of-domain parsing accuracies without the need of expensive corpora annotation. The evaluations on several English domains and multi-lingual data show quite good improvements on parsing accuracy. Overall this work conducted a survey of semi-supervised methods for out-of-domain dependency parsing, where I extended and compared a number of important semi-supervised methods in a unified framework. The comparison between those techniques shows that self-training works equally well as co-training on out-of-domain parsing, while dependency language models can improve both in- and out-of-domain accuracies.', 'Improving a Strong Neural Parser with Conjunction-Specific Features. While dependency parsers reach very high overall accuracy, some dependency relations are much harder than others. In particular, dependency parsers perform poorly in coordination construction (i.e., correctly attaching the ""conj"" relation). We extend a state-of-the-art dependency parser with conjunction-specific features, focusing on the similarity between the conjuncts head words. Training the extended parser yields an improvement in ""conj"" attachment as well as in overall dependency parsing accuracy on the Stanford dependency conversion of the Penn TreeBank.', 'Head-Driven Phrase Structure Grammar Parsing on Penn Treebank. Head-driven phrase structure grammar (HPSG) enjoys a uniform formalism representing rich contextual syntactic and even semantic meanings. This paper makes the first attempt to formulate a simplified HPSG by integrating constituent and dependency formal representations into head-driven phrase structure. Then two parsing algorithms are respectively proposed for two converted tree representations, division span and joint span. As HPSG encodes both constituent and dependency structure information, the proposed HPSG parsers may be regarded as a sort of joint decoder for both types of structures and thus are evaluated in terms of extracted or converted constituent and dependency parsing trees. Our parser achieves new state-of-the-art performance for both parsing tasks on Penn Treebank (PTB) and Chinese Penn Treebank, verifying the effectiveness of joint learning constituent and dependency structures. In details, we report 96.33 F1 of constituent parsing and 97.20\\% UAS of dependency parsing on PTB.']"
24,166,24_image_denoising_deblurring_imaging,"['image', 'denoising', 'deblurring', 'imaging', 'reconstruction', 'blur', 'inverse', 'noise', 'deconvolution', 'inverse problems']","['General Phase Regularized Reconstruction using Phase Cycling. Purpose: To develop a general phase regularized image reconstruction method, with applications to partial Fourier imaging, water-fat imaging and flow imaging.\n  Theory and Methods: The problem of enforcing phase constraints in reconstruction was studied under a regularized inverse problem framework. A general phase regularized reconstruction algorithm was proposed to enable various joint reconstruction of partial Fourier imaging, water-fat imaging and flow imaging, along with parallel imaging (PI) and compressed sensing (CS). Since phase regularized reconstruction is inherently non-convex and sensitive to phase wraps in the initial solution, a reconstruction technique, named phase cycling, was proposed to render the overall algorithm invariant to phase wraps. The proposed method was applied to retrospectively under-sampled in vivo datasets and compared with state of the art reconstruction methods.\n  Results: Phase cycling reconstructions showed reduction of artifacts compared to reconstructions with- out phase cycling and achieved similar performances as state of the art results in partial Fourier, water-fat and divergence-free regularized flow reconstruction. Joint reconstruction of partial Fourier + water-fat imaging + PI + CS, and partial Fourier + divergence-free regularized flow imaging + PI + CS were demonstrated.\n  Conclusion: The proposed phase cycling reconstruction provides an alternative way to perform phase regularized reconstruction, without the need to perform phase unwrapping. It is robust to the choice of initial solutions and encourages the joint reconstruction of phase imaging applications.', 'Efficient Blind Deblurring under High Noise Levels. The goal of blind image deblurring is to recover a sharp image from a motion blurred one without knowing the camera motion. Current state-of-the-art methods have a remarkably good performance on images with no noise or very low noise levels. However, the noiseless assumption is not realistic considering that low light conditions are the main reason for the presence of motion blur due to requiring longer exposure times. In fact, motion blur and high to moderate noise often appear together. Most works approach this problem by first estimating the blur kernel $k$ and then deconvolving the noisy blurred image. In this work, we first show that current state-of-the-art kernel estimation methods based on the $\\ell_0$ gradient prior can be adapted to handle high noise levels while keeping their efficiency. Then, we show that a fast non-blind deconvolution method can be significantly improved by first denoising the blurry image. The proposed approach yields results that are equivalent to those obtained with much more computationally demanding methods.', 'The Little Engine that Could: Regularization by Denoising (RED). Removal of noise from an image is an extensively studied problem in image processing. Indeed, the recent advent of sophisticated and highly effective denoising algorithms lead some to believe that existing methods are touching the ceiling in terms of noise removal performance. Can we leverage this impressive achievement to treat other tasks in image processing? Recent work has answered this question positively, in the form of the Plug-and-Play Prior ($P^3$) method, showing that any inverse problem can be handled by sequentially applying image denoising steps. This relies heavily on the ADMM optimization technique in order to obtain this chained denoising interpretation.\n  Is this the only way in which tasks in image processing can exploit the image denoising engine? In this paper we provide an alternative, more powerful and more flexible framework for achieving the same goal. As opposed to the $P^3$ method, we offer Regularization by Denoising (RED): using the denoising engine in defining the regularization of the inverse problem. We propose an explicit image-adaptive Laplacian-based regularization functional, making the overall objective functional clearer and better defined. With a complete flexibility to choose the iterative optimization procedure for minimizing the above functional, RED is capable of incorporating any image denoising algorithm, treat general inverse problems very effectively, and is guaranteed to converge to the globally optimal result. We test this approach and demonstrate state-of-the-art results in the image deblurring and super-resolution problems.']"
25,165,25_routing_problem_search_solutions,"['routing', 'problem', 'search', 'solutions', 'vehicle routing', 'optimization', 'vehicle', 'problems', 'heuristic', 'scheduling']","['Neural Large Neighborhood Search for the Capacitated Vehicle Routing Problem. Learning how to automatically solve optimization problems has the potential to provide the next big leap in optimization technology. The performance of automatically learned heuristics on routing problems has been steadily improving in recent years, but approaches based purely on machine learning are still outperformed by state-of-the-art optimization methods. To close this performance gap, we propose a novel large neighborhood search (LNS) framework for vehicle routing that integrates learned heuristics for generating new solutions. The learning mechanism is based on a deep neural network with an attention mechanism and has been especially designed to be integrated into an LNS search setting. We evaluate our approach on the capacitated vehicle routing problem (CVRP) and the split delivery vehicle routing problem (SDVRP). On CVRP instances with up to 297 customers, our approach significantly outperforms an LNS that uses only handcrafted heuristics and a well-known heuristic from the literature. Furthermore, we show for the CVRP and the SDVRP that our approach surpasses the performance of existing machine learning approaches and comes close to the performance of state-of-the-art optimization approaches.', ""A new constraint programming model and a linear programming-based adaptive large neighborhood search for the vehicle routing problem with synchronization constraints. We consider a vehicle routing problem which seeks to minimize cost subject to time window and synchronization constraints. In this problem, the fleet of vehicles is categorized into regular and special vehicles. Some customers require both vehicles' services, whose starting service times at the customer are synchronized. Despite its important real-world application, this problem has rarely been studied in the literature. To solve the problem, we propose a Constraint Programming (CP) model and an Adaptive Large Neighborhood Search (ALNS) in which the design of insertion operators is based on solving linear programming (LP) models to check the insertion feasibility. A number of acceleration techniques is also proposed to significantly reduce the computational time. The computational experiments show that our new CP model finds better solutions than an existing CP-based ANLS, when used on small instances with 25 customers and with a much shorter running time. Our LP-based ALNS dominates the cp-ALNS, in terms of solution quality, when it provides solutions with better objective values, on average, for all instance classes. This demonstrates the advantage of using linear programming instead of constraint programming when dealing with a variant of vehicle routing problems with relatively tight constraints, which is often considered to be more favorable for CP-based methods."", 'Heuristic with elements of tabu search for Truck and Trailer Routing Problem. Vehicle Routing Problem is a well-known problem in logistics and transportation, and the variety of such problems is explained by the fact that it occurs in many real-life situations. It is an NP-hard combinatorial optimization problem and finding an exact optimal solution is practically impossible. In this work, Site-Dependent Truck and Trailer Routing Problem with hard and soft Time Windows and Split Deliveries is considered (SDTTRPTWSD). In this article, we develop a heuristic with the elements of Tabu Search for solving SDTTRPTWSD. The heuristic uses the concept of neighborhoods and visits infeasible solutions during the search. A greedy heuristic is applied to construct an initial solution.']"
26,152,26_tracking_visual tracking_tracker_trackers,"['tracking', 'visual tracking', 'tracker', 'trackers', 'object', 'object tracking', 'multiobject', 'filter', 'correlation', 'appearance']","['Semantic tracking: Single-target tracking with inter-supervised convolutional networks. This article presents a semantic tracker which simultaneously tracks a single target and recognises its category. In general, it is hard to design a tracking model suitable for all object categories, e.g., a rigid tracker for a car is not suitable for a deformable gymnast. Category-based trackers usually achieve superior tracking performance for the objects of that specific category, but have difficulties being generalised. Therefore, we propose a novel unified robust tracking framework which explicitly encodes both generic features and category-based features. The tracker consists of a shared convolutional network (NetS), which feeds into two parallel networks, NetC for classification and NetT for tracking. NetS is pre-trained on ImageNet to serve as a generic feature extractor across the different object categories for NetC and NetT. NetC utilises those features within fully connected layers to classify the object category. NetT has multiple branches, corresponding to multiple categories, to distinguish the tracked object from the background. Since each branch in NetT is trained by the videos of a specific category or groups of similar categories, NetT encodes category-based features for tracking. During online tracking, NetC and NetT jointly determine the target regions with the right category and foreground labels for target estimation. To improve the robustness and precision, NetC and NetT inter-supervise each other and trigger network adaptation when their outputs are ambiguous for the same image regions (i.e., when the category label contradicts the foreground/background classification). We have compared the performance of our tracker to other state-of-the-art trackers on a large-scale tracking benchmark (100 sequences)---the obtained results demonstrate the effectiveness of our proposed tracker as it outperformed other 38 state-of-the-art tracking algorithms.', 'Good Features to Correlate for Visual Tracking. During the recent years, correlation filters have shown dominant and spectacular results for visual object tracking. The types of the features that are employed in these family of trackers significantly affect the performance of visual tracking. The ultimate goal is to utilize robust features invariant to any kind of appearance change of the object, while predicting the object location as properly as in the case of no appearance change. As the deep learning based methods have emerged, the study of learning features for specific tasks has accelerated. For instance, discriminative visual tracking methods based on deep architectures have been studied with promising performance. Nevertheless, correlation filter based (CFB) trackers confine themselves to use the pre-trained networks which are trained for object classification problem. To this end, in this manuscript the problem of learning deep fully convolutional features for the CFB visual tracking is formulated. In order to learn the proposed model, a novel and efficient backpropagation algorithm is presented based on the loss function of the network. The proposed learning framework enables the network model to be flexible for a custom design. Moreover, it alleviates the dependency on the network trained for classification. Extensive performance analysis shows the efficacy of the proposed custom design in the CFB tracking framework. By fine-tuning the convolutional parts of a state-of-the-art network and integrating this model to a CFB tracker, which is the top performing one of VOT2016, 18% increase is achieved in terms of expected average overlap, and tracking failures are decreased by 25%, while maintaining the superiority over the state-of-the-art methods in OTB-2013 and OTB-2015 tracking datasets.', 'Multiple Object Tracking with Kernelized Correlation Filters in Urban Mixed Traffic. Recently, the Kernelized Correlation Filters tracker (KCF) achieved competitive performance and robustness in visual object tracking. On the other hand, visual trackers are not typically used in multiple object tracking. In this paper, we investigate how a robust visual tracker like KCF can improve multiple object tracking. Since KCF is a fast tracker, many can be used in parallel and still result in fast tracking. We build a multiple object tracking system based on KCF and background subtraction. Background subtraction is applied to extract moving objects and get their scale and size in combination with KCF outputs, while KCF is used for data association and to handle fragmentation and occlusion problems. As a result, KCF and background subtraction help each other to take tracking decision at every frame. Sometimes KCF outputs are the most trustworthy (e.g. during occlusion), while in some other case, it is the background subtraction outputs. To validate the effectiveness of our system, the algorithm is demonstrated on four urban video recordings from a standard dataset. Results show that our method is competitive with state-of-the-art trackers even if we use a much simpler data association step.']"
27,146,27_sentiment_sentiment analysis_emotion_analysis,"['sentiment', 'sentiment analysis', 'emotion', 'analysis', 'polarity', 'emotions', 'lexicon', 'lexicons', 'text', 'words']","[""Automated Classification of Text Sentiment. The ability to identify sentiment in text, referred to as sentiment analysis, is one which is natural to adult humans. This task is, however, not one which a computer can perform by default. Identifying sentiments in an automated, algorithmic manner will be a useful capability for business and research in their search to understand what consumers think about their products or services and to understand human sociology. Here we propose two new Genetic Algorithms (GAs) for the task of automated text sentiment analysis. The GAs learn whether words occurring in a text corpus are either sentiment or amplifier words, and their corresponding magnitude. Sentiment words, such as 'horrible', add linearly to the final sentiment. Amplifier words in contrast, which are typically adjectives/adverbs like 'very', multiply the sentiment of the following word. This increases, decreases or negates the sentiment of the following word. The sentiment of the full text is then the sum of these terms. This approach grows both a sentiment and amplifier dictionary which can be reused for other purposes and fed into other machine learning algorithms. We report the results of multiple experiments conducted on large Amazon data sets. The results reveal that our proposed approach was able to outperform several public and/or commercial sentiment analysis algorithms."", 'Detecting Domain Polarity-Changes of Words in a Sentiment Lexicon. Sentiment lexicons are instrumental for sentiment analysis. One can use a set of sentiment words provided in a sentiment lexicon and a lexicon-based classifier to perform sentiment classification. One major issue with this approach is that many sentiment words are domain dependent. That is, they may be positive in some domains but negative in some others. We refer to this problem as domain polarity-changes of words. Detecting such words and correcting their sentiment for an application domain is very important. In this paper, we propose a graph-based technique to tackle this problem. Experimental results show its effectiveness on multiple real-world datasets.', 'Sentiment Identification in Code-Mixed Social Media Text. Sentiment analysis is the Natural Language Processing (NLP) task dealing with the detection and classification of sentiments in texts. While some tasks deal with identifying the presence of sentiment in the text (Subjectivity analysis), other tasks aim at determining the polarity of the text categorizing them as positive, negative and neutral. Whenever there is a presence of sentiment in the text, it has a source (people, group of people or any entity) and the sentiment is directed towards some entity, object, event or person. Sentiment analysis tasks aim to determine the subject, the target and the polarity or valence of the sentiment. In our work, we try to automatically extract sentiment (positive or negative) from Facebook posts using a machine learning approach.While some works have been done in code-mixed social media data and in sentiment analysis separately, our work is the first attempt (as of now) which aims at performing sentiment analysis of code-mixed social media text. We have used extensive pre-processing to remove noise from raw text. Multilayer Perceptron model has been used to determine the polarity of the sentiment. We have also developed the corpus for this task by manually labeling Facebook posts with their associated sentiments.']"
28,145,28_object_object detection_detection_detectors,"['object', 'object detection', 'detection', 'detectors', 'detector', 'object detectors', 'coco', 'rcnn', 'objects', 'bounding']","['ScarfNet: Multi-scale Features with Deeply Fused and Redistributed Semantics for Enhanced Object Detection. Convolutional neural network (CNN) has led to significant progress in object detection. In order to detect the objects in various sizes, the object detectors often exploit the hierarchy of the multi-scale feature maps called feature pyramid, which is readily obtained by the CNN architecture. However, the performance of these object detectors is limited since the bottom-level feature maps, which experience fewer convolutional layers, lack the semantic information needed to capture the characteristics of the small objects. In order to address such problem, various methods have been proposed to increase the depth for the bottom-level features used for object detection. While most approaches are based on the generation of additional features through the top-down pathway with lateral connections, our approach directly fuses multi-scale feature maps using bidirectional long short term memory (biLSTM) in effort to generate deeply fused semantics. Then, the resulting semantic information is redistributed to the individual pyramidal feature at each scale through the channel-wise attention model. We integrate our semantic combining and attentive redistribution feature network (ScarfNet) with baseline object detectors, i.e., Faster R-CNN, single-shot multibox detector (SSD) and RetinaNet. Our experiments show that our method outperforms the existing feature pyramid methods as well as the baseline detectors and achieve the state of the art performances in the PASCAL VOC and COCO detection benchmarks.', 'Unsupervised Adversarial Visual Level Domain Adaptation for Learning Video Object Detectors from Images. Deep learning based object detectors require thousands of diversified bounding box and class annotated examples. Though image object detectors have shown rapid progress in recent years with the release of multiple large-scale static image datasets, object detection on videos still remains an open problem due to scarcity of annotated video frames. Having a robust video object detector is an essential component for video understanding and curating large-scale automated annotations in videos. Domain difference between images and videos makes the transferability of image object detectors to videos sub-optimal. The most common solution is to use weakly supervised annotations where a video frame has to be tagged for presence/absence of object categories. This still takes up manual effort. In this paper we take a step forward by adapting the concept of unsupervised adversarial image-to-image translation to perturb static high quality images to be visually indistinguishable from a set of video frames. We assume the presence of a fully annotated static image dataset and an unannotated video dataset. Object detector is trained on adversarially transformed image dataset using the annotations of the original dataset. Experiments on Youtube-Objects and Youtube-Objects-Subset datasets with two contemporary baseline object detectors reveal that such unsupervised pixel level domain adaptation boosts the generalization performance on video frames compared to direct application of original image object detector. Also, we achieve competitive performance compared to recent baselines of weakly supervised methods. This paper can be seen as an application of image translation for cross domain object detection.', 'Exploring the Vulnerability of Single Shot Module in Object Detectors via Imperceptible Background Patches. Recent works succeeded to generate adversarial perturbations on the entire image or the object of interests to corrupt CNN based object detectors. In this paper, we focus on exploring the vulnerability of the Single Shot Module (SSM) commonly used in recent object detectors, by adding small perturbations to patches in the background outside the object. The SSM is referred to the Region Proposal Network used in a two-stage object detector or the single-stage object detector itself. The SSM is typically a fully convolutional neural network which generates output in a single forward pass. Due to the excessive convolutions used in SSM, the actual receptive field is larger than the object itself. As such, we propose a novel method to corrupt object detectors by generating imperceptible patches only in the background. Our method can find a few background patches for perturbation, which can effectively decrease true positives and dramatically increase false positives. Efficacy is demonstrated on 5 two-stage object detectors and 8 single-stage object detectors on the MS COCO 2014 dataset. Results indicate that perturbations with small distortions outside the bounding box of object region can still severely damage the detection performance.']"
29,140,29_clinical_medical_biomedical_health,"['clinical', 'medical', 'biomedical', 'health', 'records', 'extraction', 'notes', 'text', 'deidentification', 'entity']","['Building a comprehensive syntactic and semantic corpus of Chinese clinical texts. Objective: To build a comprehensive corpus covering syntactic and semantic annotations of Chinese clinical texts with corresponding annotation guidelines and methods as well as to develop tools trained on the annotated corpus, which supplies baselines for research on Chinese texts in the clinical domain.\n  Materials and methods: An iterative annotation method was proposed to train annotators and to develop annotation guidelines. Then, by using annotation quality assurance measures, a comprehensive corpus was built, containing annotations of part-of-speech (POS) tags, syntactic tags, entities, assertions, and relations. Inter-annotator agreement (IAA) was calculated to evaluate the annotation quality and a Chinese clinical text processing and information extraction system (CCTPIES) was developed based on our annotated corpus.\n  Results: The syntactic corpus consists of 138 Chinese clinical documents with 47,424 tokens and 2553 full parsing trees, while the semantic corpus includes 992 documents that annotated 39,511 entities with their assertions and 7695 relations. IAA evaluation shows that this comprehensive corpus is of good quality, and the system modules are effective.\n  Discussion: The annotated corpus makes a considerable contribution to natural language processing (NLP) research into Chinese texts in the clinical domain. However, this corpus has a number of limitations. Some additional types of clinical text should be introduced to improve corpus coverage and active learning methods should be utilized to promote annotation efficiency.\n  Conclusions: In this study, several annotation guidelines and an annotation method for Chinese clinical texts were proposed, and a comprehensive corpus with its NLP modules were constructed, providing a foundation for further study of applying NLP techniques to Chinese texts in the clinical domain.', ""Med7: a transferable clinical natural language processing model for electronic health records. The field of clinical natural language processing has been advanced significantly since the introduction of deep learning models. The self-supervised representation learning and the transfer learning paradigm became the methods of choice in many natural language processing application, in particular in the settings with the dearth of high quality manually annotated data. Electronic health record systems are ubiquitous and the majority of patients' data are now being collected electronically and in particular in the form of free text. Identification of medical concepts and information extraction is a challenging task, yet important ingredient for parsing unstructured data into structured and tabulated format for downstream analytical tasks. In this work we introduced a named-entity recognition model for clinical natural language processing. The model is trained to recognise seven categories: drug names, route, frequency, dosage, strength, form, duration. The model was first self-supervisedly pre-trained by predicting the next word, using a collection of 2 million free-text patients' records from MIMIC-III corpora and then fine-tuned on the named-entity recognition task. The model achieved a lenient (strict) micro-averaged F1 score of 0.957 (0.893) across all seven categories. Additionally, we evaluated the transferability of the developed model using the data from the Intensive Care Unit in the US to secondary care mental health records (CRIS) in the UK. A direct application of the trained NER model to CRIS data resulted in reduced performance of F1=0.762, however after fine-tuning on a small sample from CRIS, the model achieved a reasonable performance of F1=0.944. This demonstrated that despite a close similarity between the data sets and the NER tasks, it is essential to fine-tune on the target domain data in order to achieve more accurate results."", 'MedCAT -- Medical Concept Annotation Tool. Biomedical documents such as Electronic Health Records (EHRs) contain a large amount of information in an unstructured format. The data in EHRs is a hugely valuable resource documenting clinical narratives and decisions, but whilst the text can be easily understood by human doctors it is challenging to use in research and clinical applications. To uncover the potential of biomedical documents we need to extract and structure the information they contain. The task at hand is Named Entity Recognition and Linking (NER+L). The number of entities, ambiguity of words, overlapping and nesting make the biomedical area significantly more difficult than many others. To overcome these difficulties, we have developed the Medical Concept Annotation Tool (MedCAT), an open-source unsupervised approach to NER+L. MedCAT uses unsupervised machine learning to disambiguate entities. It was validated on MIMIC-III (a freely accessible critical care database) and MedMentions (Biomedical papers annotated with mentions from the Unified Medical Language System). In case of NER+L, the comparison with existing tools shows that MedCAT improves the previous best with only unsupervised learning (F1=0.848 vs 0.691 for disease detection; F1=0.710 vs. 0.222 for general concept detection). A qualitative analysis of the vector embeddings learnt by MedCAT shows that it captures latent medical knowledge available in EHRs (MIMIC-III). Unsupervised learning can improve the performance of large scale entity extraction, but it has some limitations when working with only a couple of entities and a small dataset. In that case options are supervised learning or active learning, both of which are supported in MedCAT via the MedCATtrainer extension. Our approach can detect and link millions of different biomedical concepts with state-of-the-art performance, whilst being lightweight, fast and easy to use.']"
30,139,30_causal_observational_variables_observational data,"['causal', 'observational', 'variables', 'observational data', 'treatment', 'causal inference', 'causality', 'causal models', 'effect', 'causal structure']","['Joint Causal Inference from Multiple Contexts. The gold standard for discovering causal relations is by means of experimentation. Over the last decades, alternative methods have been proposed that can infer causal relations between variables from certain statistical patterns in purely observational data. We introduce Joint Causal Inference (JCI), a novel approach to causal discovery from multiple data sets from different contexts that elegantly unifies both approaches. JCI is a causal modeling framework rather than a specific algorithm, and it can be implemented using any causal discovery algorithm that can take into account certain background knowledge. JCI can deal with different types of interventions (e.g., perfect, imperfect, stochastic, etc.) in a unified fashion, and does not require knowledge of intervention targets or types in case of interventional data. We explain how several well-known causal discovery algorithms can be seen as addressing special cases of the JCI framework, and we also propose novel implementations that extend existing causal discovery methods for purely observational data to the JCI setting. We evaluate different JCI implementations on synthetic data and on flow cytometry protein expression data and conclude that JCI implementations can considerably outperform state-of-the-art causal discovery algorithms.', 'A Ladder of Causal Distances. Causal discovery, the task of automatically constructing a causal model from data, is of major significance across the sciences. Evaluating the performance of causal discovery algorithms should ideally involve comparing the inferred models to ground-truth models available for benchmark datasets, which in turn requires a notion of distance between causal models. While such distances have been proposed previously, they are limited by focusing on graphical properties of the causal models being compared. Here, we overcome this limitation by defining distances derived from the causal distributions induced by the models, rather than exclusively from their graphical structure. Pearl and Mackenzie (2018) have arranged the properties of causal models in a hierarchy called the ""ladder of causation"" spanning three rungs: observational, interventional, and counterfactual. Following this organization, we introduce a hierarchy of three distances, one for each rung of the ladder. Our definitions are intuitively appealing as well as efficient to compute approximately. We put our causal distances to use by benchmarking standard causal discovery systems on both synthetic and real-world datasets for which ground-truth causal models are available. Finally, we highlight the usefulness of our causal distances by briefly discussing further applications beyond the evaluation of causal discovery techniques.', 'Causal query in observational data with hidden variables. This paper discusses the problem of causal query in observational data with hidden variables, with the aim of seeking the change of an outcome when ""manipulating"" a variable while given a set of plausible confounding variables which affect the manipulated variable and the outcome. Such an ""experiment on data"" to estimate the causal effect of the manipulated variable is useful for validating an experiment design using historical data or for exploring confounders when studying a new relationship. However, existing data-driven methods for causal effect estimation face some major challenges, including poor scalability with high dimensional data, low estimation accuracy due to heuristics used by the global causal structure learning algorithms, and the assumption of causal sufficiency when hidden variables are inevitable in data. In this paper, we develop a theorem for using local search to find a superset of the adjustment (or confounding) variables for causal effect estimation from observational data under a realistic pretreatment assumption. The theorem ensures that the unbiased estimate of causal effect is included in the set of causal effects estimated by the superset of adjustment variables. Based on the developed theorem, we propose a data-driven algorithm for causal query. Experiments show that the proposed algorithm is faster and produces better causal effect estimation than an existing data-driven causal effect estimation method with hidden variables. The causal effects estimated by the proposed algorithm are as accurate as those by the state-of-the-art methods using domain knowledge.']"
31,135,31_3d_shape_point_point cloud,"['3d', 'shape', 'point', 'point cloud', 'cloud', 'point clouds', 'clouds', '3d shape', 'shapes', 'reconstruction']","['RGCNN: Regularized Graph CNN for Point Cloud Segmentation. Point cloud, an efficient 3D object representation, has become popular with the development of depth sensing and 3D laser scanning techniques. It has attracted attention in various applications such as 3D tele-presence, navigation for unmanned vehicles and heritage reconstruction. The understanding of point clouds, such as point cloud segmentation, is crucial in exploiting the informative value of point clouds for such applications. Due to the irregularity of the data format, previous deep learning works often convert point clouds to regular 3D voxel grids or collections of images before feeding them into neural networks, which leads to voluminous data and quantization artifacts. In this paper, we instead propose a regularized graph convolutional neural network (RGCNN) that directly consumes point clouds. Leveraging on spectral graph theory, we treat features of points in a point cloud as signals on graph, and define the convolution over graph by Chebyshev polynomial approximation. In particular, we update the graph Laplacian matrix that describes the connectivity of features in each layer according to the corresponding learned features, which adaptively captures the structure of dynamic graphs. Further, we deploy a graph-signal smoothness prior in the loss function, thus regularizing the learning process. Experimental results on the ShapeNet part dataset show that the proposed approach significantly reduces the computational complexity while achieving competitive performance with the state of the art. Also, experiments show RGCNN is much more robust to both noise and point cloud density in comparison with other methods. We further apply RGCNN to point cloud classification and achieve competitive results on ModelNet40 dataset.', 'Shape Completion using 3D-Encoder-Predictor CNNs and Shape Synthesis. We introduce a data-driven approach to complete partial 3D shapes through a combination of volumetric deep neural networks and 3D shape synthesis. From a partially-scanned input shape, our method first infers a low-resolution -- but complete -- output. To this end, we introduce a 3D-Encoder-Predictor Network (3D-EPN) which is composed of 3D convolutional layers. The network is trained to predict and fill in missing data, and operates on an implicit surface representation that encodes both known and unknown space. This allows us to predict global structure in unknown areas at high accuracy. We then correlate these intermediary results with 3D geometry from a shape database at test time. In a final pass, we propose a patch-based 3D shape synthesis method that imposes the 3D geometry from these retrieved shapes as constraints on the coarsely-completed mesh. This synthesis process enables us to reconstruct fine-scale detail and generate high-resolution output while respecting the global mesh structure obtained by the 3D-EPN. Although our 3D-EPN outperforms state-of-the-art completion method, the main contribution in our work lies in the combination of a data-driven shape predictor and analytic 3D shape synthesis. In our results, we show extensive evaluations on a newly-introduced shape completion benchmark for both real-world and synthetic data.', 'MeshNet: Mesh Neural Network for 3D Shape Representation. Mesh is an important and powerful type of data for 3D shapes and widely studied in the field of computer vision and computer graphics. Regarding the task of 3D shape representation, there have been extensive research efforts concentrating on how to represent 3D shapes well using volumetric grid, multi-view and point cloud. However, there is little effort on using mesh data in recent years, due to the complexity and irregularity of mesh data. In this paper, we propose a mesh neural network, named MeshNet, to learn 3D shape representation from mesh data. In this method, face-unit and feature splitting are introduced, and a general architecture with available and effective blocks are proposed. In this way, MeshNet is able to solve the complexity and irregularity problem of mesh and conduct 3D shape representation well. We have applied the proposed MeshNet method in the applications of 3D shape classification and retrieval. Experimental results and comparisons with the state-of-the-art methods demonstrate that the proposed MeshNet can achieve satisfying 3D shape classification and retrieval performance, which indicates the effectiveness of the proposed method on 3D shape representation.']"
32,135,32_reinforcement learning_reinforcement_reward_learning,"['reinforcement learning', 'reinforcement', 'reward', 'learning', 'robot', 'tasks', 'policy', 'demonstrations', 'agent', 'skills']","['Reinforcement Learning with Goal-Distance Gradient. Reinforcement learning usually uses the feedback rewards of environmental to train agents. But the rewards in the actual environment are sparse, and even some environments will not rewards. Most of the current methods are difficult to get good performance in sparse reward or non-reward environments. Although using shaped rewards is effective when solving sparse reward tasks, it is limited to specific problems and learning is also susceptible to local optima. We propose a model-free method that does not rely on environmental rewards to solve the problem of sparse rewards in the general environment. Our method use the minimum number of transitions between states as the distance to replace the rewards of environmental, and proposes a goal-distance gradient to achieve policy improvement. We also introduce a bridge point planning method based on the characteristics of our method to improve exploration efficiency, thereby solving more complex tasks. Experiments show that our method performs better on sparse reward and local optimal problems in complex environments than previous work.', 'Improvements on Hindsight Learning. Sparse reward problems are one of the biggest challenges in Reinforcement Learning. Goal-directed tasks are one such sparse reward problems where a reward signal is received only when the goal is reached. One promising way to train an agent to perform goal-directed tasks is to use Hindsight Learning approaches. In these approaches, even when an agent fails to reach the desired goal, the agent learns to reach the goal it achieved instead. Doing this over multiple trajectories while generalizing the policy learned from the achieved goals, the agent learns a goal conditioned policy to reach any goal. One such approach is Hindsight Experience replay which uses an off-policy Reinforcement Learning algorithm to learn a goal conditioned policy. In this approach, a replay of the past transitions happens in a uniformly random fashion. Another approach is to use a Hindsight version of the policy gradients to directly learn a policy. In this work, we discuss different ways to replay past transitions to improve learning in hindsight experience replay focusing on prioritized variants in particular. Also, we implement the Hindsight Policy gradient methods to robotic tasks.', 'Overcoming Exploration in Reinforcement Learning with Demonstrations. Exploration in environments with sparse rewards has been a persistent problem in reinforcement learning (RL). Many tasks are natural to specify with a sparse reward, and manually shaping a reward function can result in suboptimal performance. However, finding a non-zero reward is exponentially more difficult with increasing task horizon or action dimensionality. This puts many real-world tasks out of practical reach of RL methods. In this work, we use demonstrations to overcome the exploration problem and successfully learn to perform long-horizon, multi-step robotics tasks with continuous control such as stacking blocks with a robot arm. Our method, which builds on top of Deep Deterministic Policy Gradients and Hindsight Experience Replay, provides an order of magnitude of speedup over RL on simulated robotics tasks. It is simple to implement and makes only the additional assumption that we can collect a small set of demonstrations. Furthermore, our method is able to solve tasks not solvable by either RL or behavior cloning alone, and often ends up outperforming the demonstrator policy.']"
33,134,33_quantization_quantized_weights_hardware,"['quantization', 'quantized', 'weights', 'hardware', 'precision', 'fullprecision', 'networks', 'accuracy', 'ternary', 'neural networks']","['Incremental Network Quantization: Towards Lossless CNNs with Low-Precision Weights. This paper presents incremental network quantization (INQ), a novel method, targeting to efficiently convert any pre-trained full-precision convolutional neural network (CNN) model into a low-precision version whose weights are constrained to be either powers of two or zero. Unlike existing methods which are struggled in noticeable accuracy loss, our INQ has the potential to resolve this issue, as benefiting from two innovations. On one hand, we introduce three interdependent operations, namely weight partition, group-wise quantization and re-training. A well-proven measure is employed to divide the weights in each layer of a pre-trained CNN model into two disjoint groups. The weights in the first group are responsible to form a low-precision base, thus they are quantized by a variable-length encoding method. The weights in the other group are responsible to compensate for the accuracy loss from the quantization, thus they are the ones to be re-trained. On the other hand, these three operations are repeated on the latest re-trained group in an iterative manner until all the weights are converted into low-precision ones, acting as an incremental network quantization and accuracy enhancement procedure. Extensive experiments on the ImageNet classification task using almost all known deep CNN architectures including AlexNet, VGG-16, GoogleNet and ResNets well testify the efficacy of the proposed method. Specifically, at 5-bit quantization, our models have improved accuracy than the 32-bit floating-point references. Taking ResNet-18 as an example, we further show that our quantized models with 4-bit, 3-bit and 2-bit ternary weights have improved or very similar accuracy against its 32-bit floating-point baseline. Besides, impressive results with the combination of network pruning and INQ are also reported. The code is available at https://github.com/Zhouaojun/Incremental-Network-Quantization.', ""Training High-Performance and Large-Scale Deep Neural Networks with Full 8-bit Integers. Deep neural network (DNN) quantization converting floating-point (FP) data in the network to integers (INT) is an effective way to shrink the model size for memory saving and simplify the operations for compute acceleration. Recently, researches on DNN quantization develop from inference to training, laying a foundation for the online training on accelerators. However, existing schemes leaving batch normalization (BN) untouched during training are mostly incomplete quantization that still adopts high precision FP in some parts of the data paths. Currently, there is no solution that can use only low bit-width INT data during the whole training process of large-scale DNNs with acceptable accuracy. In this work, through decomposing all the computation steps in DNNs and fusing three special quantization functions to satisfy the different precision requirements, we propose a unified complete quantization framework termed as ``WAGEUBN'' to quantize DNNs involving all data paths including W (Weights), A (Activation), G (Gradient), E (Error), U (Update), and BN. Moreover, the Momentum optimizer is also quantized to realize a completely quantized framework. Experiments on ResNet18/34/50 models demonstrate that WAGEUBN can achieve competitive accuracy on the ImageNet dataset. For the first time, the study of quantization in large-scale DNNs is advanced to the full 8-bit INT level. In this way, all the operations in the training and inference can be bit-wise operations, pushing towards faster processing speed, decreased memory cost, and higher energy efficiency. Our throughout quantization framework has great potential for future efficient portable devices with online learning ability."", 'Dataflow-based Joint Quantization of Weights and Activations for Deep Neural Networks. This paper addresses a challenging problem - how to reduce energy consumption without incurring performance drop when deploying deep neural networks (DNNs) at the inference stage. In order to alleviate the computation and storage burdens, we propose a novel dataflow-based joint quantization approach with the hypothesis that a fewer number of quantization operations would incur less information loss and thus improve the final performance. It first introduces a quantization scheme with efficient bit-shifting and rounding operations to represent network parameters and activations in low precision. Then it restructures the network architectures to form unified modules for optimization on the quantized model. Extensive experiments on ImageNet and KITTI validate the effectiveness of our model, demonstrating that state-of-the-art results for various tasks can be achieved by this quantized model. Besides, we designed and synthesized an RTL model to measure the hardware costs among various quantization methods. For each quantization operation, it reduces area cost by about 15 times and energy consumption by about 9 times, compared to a strong baseline.']"
34,133,34_news_fake news_fake_stance,"['news', 'fake news', 'fake', 'stance', 'stance detection', 'media', 'claim', 'political', 'claims', 'social media']","['""Liar, Liar Pants on Fire"": A New Benchmark Dataset for Fake News Detection. Automatic fake news detection is a challenging problem in deception detection, and it has tremendous real-world political and social impacts. However, statistical approaches to combating fake news has been dramatically limited by the lack of labeled benchmark datasets. In this paper, we present liar: a new, publicly available dataset for fake news detection. We collected a decade-long, 12.8K manually labeled short statements in various contexts from PolitiFact.com, which provides detailed analysis report and links to source documents for each case. This dataset can be used for fact-checking research as well. Notably, this new dataset is an order of magnitude larger than previously largest public fake news datasets of similar type. Empirically, we investigate automatic fake news detection based on surface-level linguistic patterns. We have designed a novel, hybrid convolutional neural network to integrate meta-data with text. We show that this hybrid approach can improve a text-only deep learning model.', 'Automatic Detection of Fake News. The proliferation of misleading information in everyday access media outlets such as social media feeds, news blogs, and online newspapers have made it challenging to identify trustworthy news sources, thus increasing the need for computational tools able to provide insights into the reliability of online content. In this paper, we focus on the automatic identification of fake content in online news. Our contribution is twofold. First, we introduce two novel datasets for the task of fake news detection, covering seven different news domains. We describe the collection, annotation, and validation process in detail and present several exploratory analysis on the identification of linguistic differences in fake and legitimate news content. Second, we conduct a set of learning experiments to build accurate fake news detectors. In addition, we provide comparative analyses of the automatic and manual identification of fake news.', 'Fake News Early Detection: An Interdisciplinary Study. Massive dissemination of fake news and its potential to erode democracy has increased the demand for accurate fake news detection. Recent advancements in this area have proposed novel techniques that aim to detect fake news by exploring how it propagates on social networks. Nevertheless, to detect fake news at an early stage, i.e., when it is published on a news outlet but not yet spread on social media, one cannot rely on news propagation information as it does not exist. Hence, there is a strong need to develop approaches that can detect fake news by focusing on news content. In this paper, a theory-driven model is proposed for fake news detection. The method investigates news content at various levels: lexicon-level, syntax-level, semantic-level and discourse-level. We represent news at each level, relying on well-established theories in social and forensic psychology. Fake news detection is then conducted within a supervised machine learning framework. As an interdisciplinary research, our work explores potential fake news patterns, enhances the interpretability in fake news feature engineering, and studies the relationships among fake news, deception/disinformation, and clickbaits. Experiments conducted on two real-world datasets indicate the proposed method can outperform the state-of-the-art and enable fake news early detection when there is limited content information.']"
35,132,35_depth_stereo_depth estimation_monocular,"['depth', 'stereo', 'depth estimation', 'monocular', 'estimation', 'monocular depth', 'stereo matching', 'disparity', '3d', 'depth map']","['RealMonoDepth: Self-Supervised Monocular Depth Estimation for General Scenes. We present a generalised self-supervised learning approach for monocular estimation of the real depth across scenes with diverse depth ranges from 1--100s of meters. Existing supervised methods for monocular depth estimation require accurate depth measurements for training. This limitation has led to the introduction of self-supervised methods that are trained on stereo image pairs with a fixed camera baseline to estimate disparity which is transformed to depth given known calibration. Self-supervised approaches have demonstrated impressive results but do not generalise to scenes with different depth ranges or camera baselines. In this paper, we introduce RealMonoDepth a self-supervised monocular depth estimation approach which learns to estimate the real scene depth for a diverse range of indoor and outdoor scenes. A novel loss function with respect to the true scene depth based on relative depth scaling and warping is proposed. This allows self-supervised training of a single network with multiple data sets for scenes with diverse depth ranges from both stereo pair and in the wild moving camera data sets. A comprehensive performance evaluation across five benchmark data sets demonstrates that RealMonoDepth provides a single trained network which generalises depth estimation across indoor and outdoor scenes, consistently outperforming previous self-supervised approaches.', ""Don't Forget The Past: Recurrent Depth Estimation from Monocular Video. Autonomous cars need continuously updated depth information. Thus far, depth is mostly estimated independently for a single frame at a time, even if the method starts from video input. Our method produces a time series of depth maps, which makes it an ideal candidate for online learning approaches. In particular, we put three different types of depth estimation (supervised depth prediction, self-supervised depth prediction, and self-supervised depth completion) into a common framework. We integrate the corresponding networks with a ConvLSTM such that the spatiotemporal structures of depth across frames can be exploited to yield a more accurate depth estimation. Our method is flexible. It can be applied to monocular videos only or be combined with different types of sparse depth patterns. We carefully study the architecture of the recurrent network and its training strategy. We are first to successfully exploit recurrent networks for real-time self-supervised monocular depth estimation and completion. Extensive experiments show that our recurrent method outperforms its image-based counterpart consistently and significantly in both self-supervised scenarios. It also outperforms previous depth estimation methods of the three popular groups. Please refer to https://www.trace.ethz.ch/publications/2020/rec_depth_estimation/ for details."", 'Monocular Depth Estimation Based On Deep Learning: An Overview. Depth information is important for autonomous systems to perceive environments and estimate their own state. Traditional depth estimation methods, like structure from motion and stereo vision matching, are built on feature correspondences of multiple viewpoints. Meanwhile, the predicted depth maps are sparse. Inferring depth information from a single image (monocular depth estimation) is an ill-posed problem. With the rapid development of deep neural networks, monocular depth estimation based on deep learning has been widely studied recently and achieved promising performance in accuracy. Meanwhile, dense depth maps are estimated from single images by deep neural networks in an end-to-end manner. In order to improve the accuracy of depth estimation, different kinds of network frameworks, loss functions and training strategies are proposed subsequently. Therefore, we survey the current monocular depth estimation methods based on deep learning in this review. Initially, we conclude several widely used datasets and evaluation indicators in deep learning-based depth estimation. Furthermore, we review some representative existing methods according to different training manners: supervised, unsupervised and semi-supervised. Finally, we discuss the challenges and provide some ideas for future researches in monocular depth estimation.']"
36,130,36_planning_plan_plans_planners,"['planning', 'plan', 'plans', 'planners', 'actions', 'pddl', 'goal recognition', 'goal', 'planning problems', 'plan recognition']","['Une approche totalement instanciée pour la planification HTN. Many planning techniques have been developed to allow autonomous systems to act and make decisions based on their perceptions of the environment. Among these techniques, HTN ({\\it Hierarchical Task Network}) planning is one of the most used in practice. Unlike classical approaches of planning. HTN operates by decomposing task into sub-tasks until each of these sub-tasks can be achieved an action. This hierarchical representation provide a richer representation of planning problems and allows to better guide the plan search and provides more knowledge to the underlying algorithms. In this paper, we propose a new approach of HTN planning in which, as in conventional planning, we instantiate all planning operators before starting the search process. This approach has proven its effectiveness in classical planning and is necessary for the development of effective heuristics and encoding planning problems in other formalism such as CSP or SAT. The instantiation is actually used by most modern planners but has never been applied in an HTN based planning framework. We present in this article a generic instantiation algorithm which implements many simplification techniques to reduce the process complexity inspired from those used in classical planning. Finally we present some results obtained from an experimentation on a range of problems used in the international planning competitions with a modified version of SHOP planner using fully instantiated problems.', 'Landmark-Based Approaches for Goal Recognition as Planning. The task of recognizing goals and plans from missing and full observations can be done efficiently by using automated planning techniques. In many applications, it is important to recognize goals and plans not only accurately, but also quickly. To address this challenge, we develop novel goal recognition approaches based on planning techniques that rely on planning landmarks. In automated planning, landmarks are properties (or actions) that cannot be avoided to achieve a goal. We show the applicability of a number of planning techniques with an emphasis on landmarks for goal and plan recognition tasks in two settings: (1) we use the concept of landmarks to develop goal recognition heuristics; and (2) we develop a landmark-based filtering method to refine existing planning-based goal and plan recognition approaches. These recognition approaches are empirically evaluated in experiments over several classical planning domains. We show that our goal recognition approaches yield not only accuracy comparable to (and often higher than) other state-of-the-art techniques, but also substantially faster recognition time over such techniques.', 'Task Planning in Robotics: an Empirical Comparison of PDDL-based and ASP-based Systems. Robots need task planning algorithms to sequence actions toward accomplishing goals that are impossible through individual actions. Off-the-shelf task planners can be used by intelligent robotics practitioners to solve a variety of planning problems. However, many different planners exist, each with different strengths and weaknesses, and there are no general rules for which planner would be best to apply to a given problem.\n  In this article, we empirically compare the performance of state-of-the-art planners that use either the Planning Domain Description Language (PDDL), or Answer Set Programming (ASP) as the underlying action language. PDDL is designed for task planning, and PDDL-based planners are widely used for a variety of planning problems. ASP is designed for knowledge-intensive reasoning, but can also be used for solving task planning problems. Given domain encodings that are as similar as possible, we find that PDDL-based planners perform better on problems with longer solutions, and ASP-based planners are better on tasks with a large number of objects or in which complex reasoning is required to reason about action preconditions and effects. The resulting analysis can inform selection among general purpose planning systems for particular robot task planning domains.']"
37,125,37_style_style transfer_transfer_sketch,"['style', 'style transfer', 'transfer', 'sketch', 'styles', 'painting', 'art', 'artistic', 'color', 'content']","['Arbitrary Style Transfer via Multi-Adaptation Network. Arbitrary style transfer is a significant topic with research value and application prospect. A desired style transfer, given a content image and referenced style painting, would render the content image with the color tone and vivid stroke patterns of the style painting while synchronously maintaining the detailed content structure information. Style transfer approaches would initially learn content and style representations of the content and style references and then generate the stylized images guided by these representations. In this paper, we propose the multi-adaptation network which involves two self-adaptation (SA) modules and one co-adaptation (CA) module: the SA modules adaptively disentangle the content and style representations, i.e., content SA module uses position-wise self-attention to enhance content representation and style SA module uses channel-wise self-attention to enhance style representation; the CA module rearranges the distribution of style representation based on content representation distribution by calculating the local similarity between the disentangled content and style features in a non-local fashion. Moreover, a new disentanglement loss function enables our network to extract main style patterns and exact content structures to adapt to various input images, respectively. Various qualitative and quantitative experiments demonstrate that the proposed multi-adaptation network leads to better results than the state-of-the-art style transfer methods.', 'A Comprehensive Comparison between Neural Style Transfer and Universal Style Transfer. Style transfer aims to transfer arbitrary visual styles to content images. We explore algorithms adapted from two papers that try to solve the problem of style transfer while generalizing on unseen styles or compromised visual quality. Majority of the improvements made focus on optimizing the algorithm for real-time style transfer while adapting to new styles with considerably less resources and constraints. We compare these strategies and compare how they measure up to produce visually appealing images. We explore two approaches to style transfer: neural style transfer with improvements and universal style transfer. We also make a comparison between the different images produced and how they can be qualitatively measured.', ""A Unified Framework for Generalizable Style Transfer: Style and Content Separation. Image style transfer has drawn broad attention in recent years. However, most existing methods aim to explicitly model the transformation between different styles, and the learned model is thus not generalizable to new styles. We here propose a unified style transfer framework for both character typeface transfer and neural style transfer tasks leveraging style and content separation. A key merit of such framework is its generalizability to new styles and contents. The overall framework consists of style encoder, content encoder, mixer and decoder. The style encoder and content encoder are used to extract the style and content representations from the corresponding reference images. The mixer integrates the above two representations and feeds it into the decoder to generate images with the target style and content. During training, the encoder networks learn to extract styles and contents from limited size of style/content reference images. This learning framework allows simultaneous style transfer among multiple styles and can be deemed as a special `multi-task' learning scenario. The encoders are expected to capture the underlying features for different styles and contents which is generalizable to new styles and contents. Under this framework, we design two individual networks for character typeface transfer and neural style transfer, respectively. For character typeface transfer, to separate the style features and content features, we leverage the conditional dependence of styles and contents given an image. For neural style transfer, we leverage the statistical information of feature maps in certain layers to represent style. Extensive experimental results have demonstrated the effectiveness and robustness of the proposed methods.""]"
38,122,38_gradient_stochastic_descent_sgd,"['gradient', 'stochastic', 'descent', 'sgd', 'gradient descent', 'stochastic gradient', 'nonconvex', 'convergence', 'adam', 'optimization']","['Decoupled Asynchronous Proximal Stochastic Gradient Descent with Variance Reduction. In the era of big data, optimizing large scale machine learning problems becomes a challenging task and draws significant attention. Asynchronous optimization algorithms come out as a promising solution. Recently, decoupled asynchronous proximal stochastic gradient descent (DAP-SGD) is proposed to minimize a composite function. It is claimed to be able to off-loads the computation bottleneck from server to workers by allowing workers to evaluate the proximal operators, therefore, server just need to do element-wise operations. However, it still suffers from slow convergence rate because of the variance of stochastic gradient is nonzero. In this paper, we propose a faster method, decoupled asynchronous proximal stochastic variance reduced gradient descent method (DAP-SVRG). We prove that our method has linear convergence for strongly convex problem. Large-scale experiments are also conducted in this paper, and results demonstrate our theoretical analysis.', 'On the insufficiency of existing momentum schemes for Stochastic Optimization. Momentum based stochastic gradient methods such as heavy ball (HB) and Nesterov\'s accelerated gradient descent (NAG) method are widely used in practice for training deep networks and other supervised learning models, as they often provide significant improvements over stochastic gradient descent (SGD). Rigorously speaking, ""fast gradient"" methods have provable improvements over gradient descent only for the deterministic case, where the gradients are exact. In the stochastic case, the popular explanations for their wide applicability is that when these fast gradient methods are applied in the stochastic case, they partially mimic their exact gradient counterparts, resulting in some practical gain. This work provides a counterpoint to this belief by proving that there exist simple problem instances where these methods cannot outperform SGD despite the best setting of its parameters. These negative problem instances are, in an informal sense, generic; they do not look like carefully constructed pathological instances. These results suggest (along with empirical evidence) that HB or NAG\'s practical performance gains are a by-product of mini-batching.\n  Furthermore, this work provides a viable (and provable) alternative, which, on the same set of problem instances, significantly improves over HB, NAG, and SGD\'s performance. This algorithm, referred to as Accelerated Stochastic Gradient Descent (ASGD), is a simple to implement stochastic algorithm, based on a relatively less popular variant of Nesterov\'s Acceleration. Extensive empirical results in this paper show that ASGD has performance gains over HB, NAG, and SGD.', 'Stochastic Nested Variance Reduction for Nonconvex Optimization. We study finite-sum nonconvex optimization problems, where the objective function is an average of $n$ nonconvex functions. We propose a new stochastic gradient descent algorithm based on nested variance reduction. Compared with conventional stochastic variance reduced gradient (SVRG) algorithm that uses two reference points to construct a semi-stochastic gradient with diminishing variance in each iteration, our algorithm uses $K+1$ nested reference points to build a semi-stochastic gradient to further reduce its variance in each iteration. For smooth nonconvex functions, the proposed algorithm converges to an $ε$-approximate first-order stationary point (i.e., $\\|\\nabla F(\\mathbf{x})\\|_2\\leq ε$) within $\\tilde O(n\\land ε^{-2}+ε^{-3}\\land n^{1/2}ε^{-2})$ number of stochastic gradient evaluations. This improves the best known gradient complexity of SVRG $O(n+n^{2/3}ε^{-2})$ and that of SCSG $O(n\\land ε^{-2}+ε^{-10/3}\\land n^{2/3}ε^{-2})$. For gradient dominated functions, our algorithm also achieves better gradient complexity than the state-of-the-art algorithms. Thorough experimental results on different nonconvex optimization problems back up our theory.']"
39,120,39_fairness_fair_discrimination_protected,"['fairness', 'fair', 'discrimination', 'protected', 'machine learning', 'bias', 'groups', 'machine', 'decisions', 'group']","['Preventing Fairness Gerrymandering: Auditing and Learning for Subgroup Fairness. The most prevalent notions of fairness in machine learning are statistical definitions: they fix a small collection of pre-defined groups, and then ask for parity of some statistic of the classifier across these groups. Constraints of this form are susceptible to intentional or inadvertent ""fairness gerrymandering"", in which a classifier appears to be fair on each individual group, but badly violates the fairness constraint on one or more structured subgroups defined over the protected attributes. We propose instead to demand statistical notions of fairness across exponentially (or infinitely) many subgroups, defined by a structured class of functions over the protected attributes. This interpolates between statistical definitions of fairness and recently proposed individual notions of fairness, but raises several computational challenges. It is no longer clear how to audit a fixed classifier to see if it satisfies such a strong definition of fairness. We prove that the computational problem of auditing subgroup fairness for both equality of false positive rates and statistical parity is equivalent to the problem of weak agnostic learning, which means it is computationally hard in the worst case, even for simple structured subclasses.\n  We then derive two algorithms that provably converge to the best fair classifier, given access to oracles which can solve the agnostic learning problem. The algorithms are based on a formulation of subgroup fairness as a two-player zero-sum game between a Learner and an Auditor. Our first algorithm provably converges in a polynomial number of steps. Our second algorithm enjoys only provably asymptotic convergence, but has the merit of simplicity and faster per-step computation. We implement the simpler algorithm using linear regression as a heuristic oracle, and show that we can effectively both audit and learn fair classifiers on real datasets.', 'Practical Compositional Fairness: Understanding Fairness in Multi-Component Recommender Systems. How can we build recommender systems to take into account fairness? Real-world recommender systems are often composed of multiple models, built by multiple teams. However, most research on fairness focuses on improving fairness in a single model. Further, recent research on classification fairness has shown that combining multiple ""fair"" classifiers can still result in an ""unfair"" classification system. This presents a significant challenge: how do we understand and improve fairness in recommender systems composed of multiple components?\n  In this paper, we study the compositionality of recommender fairness. We consider two recently proposed fairness ranking metrics: equality of exposure and pairwise ranking accuracy. While we show that fairness in recommendation is not guaranteed to compose, we provide theory for a set of conditions under which fairness of individual models does compose. We then present an analytical framework for both understanding whether a real system\'s signals can achieve compositional fairness, and improving which component would have the greatest impact on the fairness of the overall system. In addition to the theoretical results, we find on multiple datasets -- including a large-scale real-world recommender system -- that the overall system\'s end-to-end fairness is largely achievable by improving fairness in individual components.', '50 Years of Test (Un)fairness: Lessons for Machine Learning. Quantitative definitions of what is unfair and what is fair have been introduced in multiple disciplines for well over 50 years, including in education, hiring, and machine learning. We trace how the notion of fairness has been defined within the testing communities of education and hiring over the past half century, exploring the cultural and social context in which different fairness definitions have emerged. In some cases, earlier definitions of fairness are similar or identical to definitions of fairness in current machine learning research, and foreshadow current formal work. In other cases, insights into what fairness means and how to measure it have largely gone overlooked. We compare past and current notions of fairness along several dimensions, including the fairness criteria, the focus of the criteria (e.g., a test, a model, or its use), the relationship of fairness to individuals, groups, and subgroups, and the mathematical method for measuring fairness (e.g., classification, regression). This work points the way towards future research and measurement of (un)fairness that builds from our modern understanding of fairness while incorporating insights from the past.']"
40,114,40_ontology_ontologies_owl_web,"['ontology', 'ontologies', 'owl', 'web', 'semantic web', 'ontological', 'knowledge', 'axioms', 'semantic', 'rules']","[""An Ontology for Satellite Databases. This paper demonstrates the development of ontology for satellite databases. First, I create a computational ontology for the Union of Concerned Scientists (UCS) Satellite Database (UCSSD for short), called the UCS Satellite Ontology (or UCSSO). Second, in developing UCSSO I show that The Space Situational Awareness Ontology (SSAO) (Rovetto and Kelso 2016)--an existing space domain reference ontology--and related ontology work by the author (Rovetto 2015, 2016) can be used either (i) with a database-specific local ontology such as UCSSO, or (ii) in its stead. In case (i), local ontologies such as UCSSO can reuse SSAO terms, perform term mappings, or extend it. In case (ii), the author's orbital space ontology work, such as the SSAO, is usable by the UCSSD and organizations with other space object catalogs, as a reference ontology suite providing a common semantically-rich domain model. The SSAO, UCSSO, and the broader Orbital Space Environment Domain Ontology project is online at http://purl.org/space-ontology and GitHub. This ontology effort aims, in part, to provide accurate formal representations of the domain for various applications. Ontology engineering has the potential to facilitate the sharing and integration of satellite data from federated databases and sensors for safer spaceflight."", 'The Information Flow Foundation for Conceptual Knowledge Organization. The sharing of ontologies between diverse communities of discourse allows them to compare their own information structures with that of other communities that share a common terminology and semantics - ontology sharing facilitates interoperability between online knowledge organizations. This paper demonstrates how ontology sharing is formalizable within the conceptual knowledge model of Information Flow (IF). Information Flow indirectly represents sharing through a specifiable, ontology extension hierarchy augmented with synonymic type equivalencing - two ontologies share terminology and meaning through a common generic ontology that each extends. Using the paradigm of participant community ontologies formalized as IF logics, a common shared extensible ontology formalized as an IF theory, participant community specification links from the common ontology to the participating community ontology formalizable as IF theory interpretations, this paper argues that ontology sharing is concentrated in a virtual ontology of community connections, and demonstrates how this virtual ontology is computable as the fusion of the participant ontologies - the quotient of the sum of the participant ontologies modulo the ontological sharing structure.', 'The African Wildlife Ontology tutorial ontologies: requirements, design, and content. Background. Most tutorial ontologies focus on illustrating one aspect of ontology development, notably language features and automated reasoners, but ignore ontology development factors, such as emergent modelling guidelines and ontological principles. Yet, novices replicate examples from the exercises they carry out. Not providing good examples holistically causes the propagation of sub-optimal ontology development, which may negatively affect the quality of a real domain ontology. Results. We identified 22 requirements that a good tutorial ontology should satisfy regarding subject domain, logics and reasoning, and engineering aspects. We developed a set of ontologies about African Wildlife to serve as tutorial ontologies. A majority of the requirements have been met with the set of African Wildlife Ontology tutorial ontologies, which are introduced in this paper. The African Wildlife Ontology is mature and has been used yearly in an ontology engineering course or tutorial since 2010 and is included in a recent ontology engineering textbook with relevant examples and exercises. Conclusion. The African Wildlife Ontology provides a wide range of options concerning examples and exercises for ontology engineering well beyond illustrating only language features and automated reasoning. It assists in demonstrating tasks about ontology quality, such as alignment to a foundational ontology and satisfying competency questions, versioning, and multilingual ontologies.']"
41,113,41_relation_relation extraction_extraction_distant supervision,"['relation', 'relation extraction', 'extraction', 'distant supervision', 'distant', 'relations', 'entity', 'biomedical', 'supervision', 'entities']","['Towards Time-Aware Distant Supervision for Relation Extraction. Distant supervision for relation extraction heavily suffers from the wrong labeling problem. To alleviate this issue in news data with the timestamp, we take a new factor time into consideration and propose a novel time-aware distant supervision framework (Time-DS). Time-DS is composed of a time series instance-popularity and two strategies. Instance-popularity is to encode the strong relevance of time and true relation mention. Therefore, instance-popularity would be an effective clue to reduce the noises generated through distant supervision labeling. The two strategies, i.e., hard filter and curriculum learning are both ways to implement instance-popularity for better relation extraction in the manner of Time-DS. The curriculum learning is a more sophisticated and flexible way to exploit instance-popularity to eliminate the bad effects of noises, thus get better relation extraction performance. Experiments on our collected multi-source news corpus show that Time-DS achieves significant improvements for relation extraction.', 'PERLEX: A Bilingual Persian-English Gold Dataset for Relation Extraction. Relation extraction is the task of extracting semantic relations between entities in a sentence. It is an essential part of some natural language processing tasks such as information extraction, knowledge extraction, and knowledge base population. The main motivations of this research stem from a lack of a dataset for relation extraction in the Persian language as well as the necessity of extracting knowledge from the growing big-data in the Persian language for different applications. In this paper, we present ""PERLEX"" as the first Persian dataset for relation extraction, which is an expert-translated version of the ""Semeval-2010-Task-8"" dataset. Moreover, this paper addresses Persian relation extraction utilizing state-of-the-art language-agnostic algorithms. We employ six different models for relation extraction on the proposed bilingual dataset, including a non-neural model (as the baseline), three neural models, and two deep learning models fed by multilingual-BERT contextual word representations. The experiments result in the maximum f-score 77.66% (provided by BERTEM-MTB method) as the state-of-the-art of relation extraction in the Persian language.', 'Improving Distantly Supervised Relation Extraction using Word and Entity Based Attention. Relation extraction is the problem of classifying the relationship between two entities in a given sentence. Distant Supervision (DS) is a popular technique for developing relation extractors starting with limited supervision. We note that most of the sentences in the distant supervision relation extraction setting are very long and may benefit from word attention for better sentence representation. Our contributions in this paper are threefold. Firstly, we propose two novel word attention models for distantly- supervised relation extraction: (1) a Bi-directional Gated Recurrent Unit (Bi-GRU) based word attention model (BGWA), (2) an entity-centric attention model (EA), and (3) a combination model which combines multiple complementary models using weighted voting method for improved relation extraction. Secondly, we introduce GDS, a new distant supervision dataset for relation extraction. GDS removes test data noise present in all previous distant- supervision benchmark datasets, making credible automatic evaluation possible. Thirdly, through extensive experiments on multiple real-world datasets, we demonstrate the effectiveness of the proposed methods.']"
42,112,42_fewshot_metalearning_fewshot learning_fewshot classification,"['fewshot', 'metalearning', 'fewshot learning', 'fewshot classification', 'maml', 'classes', 'tasks', 'learning', 'examples', 'meta']","['Multimodal Model-Agnostic Meta-Learning via Task-Aware Modulation. Model-agnostic meta-learners aim to acquire meta-learned parameters from similar tasks to adapt to novel tasks from the same distribution with few gradient updates. With the flexibility in the choice of models, those frameworks demonstrate appealing performance on a variety of domains such as few-shot image classification and reinforcement learning. However, one important limitation of such frameworks is that they seek a common initialization shared across the entire task distribution, substantially limiting the diversity of the task distributions that they are able to learn from. In this paper, we augment MAML with the capability to identify the mode of tasks sampled from a multimodal task distribution and adapt quickly through gradient updates. Specifically, we propose a multimodal MAML (MMAML) framework, which is able to modulate its meta-learned prior parameters according to the identified mode, allowing more efficient fast adaptation. We evaluate the proposed model on a diverse set of few-shot learning tasks, including regression, image classification, and reinforcement learning. The results not only demonstrate the effectiveness of our model in modulating the meta-learned prior in response to the characteristics of tasks but also show that training on a multimodal distribution can produce an improvement over unimodal training.', ""Rapid Learning or Feature Reuse? Towards Understanding the Effectiveness of MAML. An important research direction in machine learning has centered around developing meta-learning algorithms to tackle few-shot learning. An especially successful algorithm has been Model Agnostic Meta-Learning (MAML), a method that consists of two optimization loops, with the outer loop finding a meta-initialization, from which the inner loop can efficiently learn new tasks. Despite MAML's popularity, a fundamental open question remains -- is the effectiveness of MAML due to the meta-initialization being primed for rapid learning (large, efficient changes in the representations) or due to feature reuse, with the meta initialization already containing high quality features? We investigate this question, via ablation studies and analysis of the latent representations, finding that feature reuse is the dominant factor. This leads to the ANIL (Almost No Inner Loop) algorithm, a simplification of MAML where we remove the inner loop for all but the (task-specific) head of a MAML-trained network. ANIL matches MAML's performance on benchmark few-shot image classification and RL and offers computational improvements over MAML. We further study the precise contributions of the head and body of the network, showing that performance on the test tasks is entirely determined by the quality of the learned features, and we can remove even the head of the network (the NIL algorithm). We conclude with a discussion of the rapid learning vs feature reuse question for meta-learning algorithms more broadly."", 'Meta-Transfer Learning for Few-Shot Learning. Meta-learning has been proposed as a framework to address the challenging few-shot learning setting. The key idea is to leverage a large number of similar few-shot tasks in order to learn how to adapt a base-learner to a new task for which only a few labeled samples are available. As deep neural networks (DNNs) tend to overfit using a few samples only, meta-learning typically uses shallow neural networks (SNNs), thus limiting its effectiveness. In this paper we propose a novel few-shot learning method called meta-transfer learning (MTL) which learns to adapt a deep NN for few shot learning tasks. Specifically, ""meta"" refers to training multiple tasks, and ""transfer"" is achieved by learning scaling and shifting functions of DNN weights for each task. In addition, we introduce the hard task (HT) meta-batch scheme as an effective learning curriculum for MTL. We conduct experiments using (5-class, 1-shot) and (5-class, 5-shot) recognition tasks on two challenging few-shot learning benchmarks: miniImageNet and Fewshot-CIFAR100. Extensive comparisons to related works validate that our meta-transfer learning approach trained with the proposed HT meta-batch scheme achieves top performance. An ablation study also shows that both components contribute to fast convergence and high accuracy.']"
43,111,43_financial_forecasting_time series_series,"['financial', 'forecasting', 'time series', 'series', 'fraud', 'stock', 'time', 'prediction', 'business', 'price']","['A Memory-Network Based Solution for Multivariate Time-Series Forecasting. Multivariate time series forecasting is extensively studied throughout the years with ubiquitous applications in areas such as finance, traffic, environment, etc. Still, concerns have been raised on traditional methods for incapable of modeling complex patterns or dependencies lying in real word data. To address such concerns, various deep learning models, mainly Recurrent Neural Network (RNN) based methods, are proposed. Nevertheless, capturing extremely long-term patterns while effectively incorporating information from other variables remains a challenge for time-series forecasting. Furthermore, lack-of-explainability remains one serious drawback for deep neural network models. Inspired by Memory Network proposed for solving the question-answering task, we propose a deep learning based model named Memory Time-series network (MTNet) for time series forecasting. MTNet consists of a large memory component, three separate encoders, and an autoregressive component to train jointly. Additionally, the attention mechanism designed enable MTNet to be highly interpretable. We can easily tell which part of the historic data is referenced the most.', 'A machine learning approach for forecasting hierarchical time series. In this paper, we propose a machine learning approach for forecasting hierarchical time series. When dealing with hierarchical time series, apart from generating accurate forecasts, one needs to select a suitable method for producing reconciled forecasts. Forecast reconciliation is the process of adjusting forecasts to make them coherent across the hierarchy. In literature, coherence is often enforced by using a post-processing technique on the base forecasts produced by suitable time series forecasting methods. On the contrary, our idea is to use a deep neural network to directly produce accurate and reconciled forecasts. We exploit the ability of a deep neural network to extract information capturing the structure of the hierarchy. We impose the reconciliation at training time by minimizing a customized loss function. In many practical applications, besides time series data, hierarchical time series include explanatory variables that are beneficial for increasing the forecasting accuracy. Exploiting this further information, our approach links the relationship between time series features extracted at any level of the hierarchy and the explanatory variables into an end-to-end neural network providing accurate and reconciled point forecasts. The effectiveness of the approach is validated on three real-world datasets, where our method outperforms state-of-the-art competitors in hierarchical forecasting.', '""The Squawk Bot"": Joint Learning of Time Series and Text Data Modalities for Automated Financial Information Filtering. Multimodal analysis that uses numerical time series and textual corpora as input data sources is becoming a promising approach, especially in the financial industry. However, the main focus of such analysis has been on achieving high prediction accuracy while little effort has been spent on the important task of understanding the association between the two data modalities. Performance on the time series hence receives little explanation though human-understandable textual information is available. In this work, we address the problem of given a numerical time series, and a general corpus of textual stories collected in the same period of the time series, the task is to timely discover a succinct set of textual stories associated with that time series. Towards this goal, we propose a novel multi-modal neural model called MSIN that jointly learns both numerical time series and categorical text articles in order to unearth the association between them. Through multiple steps of data interrelation between the two data modalities, MSIN learns to focus on a small subset of text articles that best align with the performance in the time series. This succinct set is timely discovered and presented as recommended documents, acting as automated information filtering, for the given time series. We empirically evaluate the performance of our model on discovering relevant news articles for two stock time series from Apple and Google companies, along with the daily news articles collected from the Thomson Reuters over a period of seven consecutive years. The experimental results demonstrate that MSIN achieves up to 84.9% and 87.2% in recalling the ground truth articles respectively to the two examined time series, far more superior to state-of-the-art algorithms that rely on conventional attention mechanism in deep learning.']"
44,109,44_game_games_ai_video game,"['game', 'games', 'ai', 'video game', 'levels', 'mechanics', 'procedural', 'game design', 'content generation', 'content']","['AtDelfi: Automatically Designing Legible, Full Instructions For Games. This paper introduces a fully automatic method for generating video game tutorials. The AtDELFI system (AuTomatically DEsigning Legible, Full Instructions for games) was created to investigate procedural generation of instructions that teach players how to play video games. We present a representation of game rules and mechanics using a graph system as well as a tutorial generation method that uses said graph representation. We demonstrate the concept by testing it on games within the General Video Game Artificial Intelligence (GVG-AI) framework; the paper discusses tutorials generated for eight different games. Our findings suggest that a graph representation scheme works well for simple arcade style games such as Space Invaders and Pacman, but it appears that tutorials for more complex games might require higher-level understanding of the game than just single mechanics.', 'Deceptive Games. Deceptive games are games where the reward structure or other aspects of the game are designed to lead the agent away from a globally optimal policy. While many games are already deceptive to some extent, we designed a series of games in the Video Game Description Language (VGDL) implementing specific types of deception, classified by the cognitive biases they exploit. VGDL games can be run in the General Video Game Artificial Intelligence (GVGAI) Framework, making it possible to test a variety of existing AI agents that have been submitted to the GVGAI Competition on these deceptive games. Our results show that all tested agents are vulnerable to several kinds of deception, but that different agents have different weaknesses. This suggests that we can use deception to understand the capabilities of a game-playing algorithm, and game-playing algorithms to characterize the deception displayed by a game.', 'General Video Game AI: a Multi-Track Framework for Evaluating Agents, Games and Content Generation Algorithms. General Video Game Playing (GVGP) aims at designing an agent that is capable of playing multiple video games with no human intervention. In 2014, The General Video Game AI (GVGAI) competition framework was created and released with the purpose of providing researchers a common open-source and easy to use platform for testing their AI methods with potentially infinity of games created using Video Game Description Language (VGDL). The framework has been expanded into several tracks during the last few years to meet the demand of different research directions. The agents are required either to play multiple unknown games with or without access to game simulations, or to design new game levels or rules. This survey paper presents the VGDL, the GVGAI framework, existing tracks, and reviews the wide use of GVGAI framework in research, education and competitions five years after its birth. A future plan of framework improvements is also described.']"
45,108,45_instructions_robot_navigation_robots,"['instructions', 'robot', 'navigation', 'robots', 'language', 'agent', 'environments', 'instruction', 'grounding', 'natural language']","['Gated-Attention Architectures for Task-Oriented Language Grounding. To perform tasks specified by natural language instructions, autonomous agents need to extract semantically meaningful representations of language and map it to visual elements and actions in the environment. This problem is called task-oriented language grounding. We propose an end-to-end trainable neural architecture for task-oriented language grounding in 3D environments which assumes no prior linguistic or perceptual knowledge and requires only raw pixels from the environment and the natural language instruction as input. The proposed model combines the image and text representations using a Gated-Attention mechanism and learns a policy to execute the natural language instruction using standard reinforcement and imitation learning methods. We show the effectiveness of the proposed model on unseen instructions as well as unseen maps, both quantitatively and qualitatively. We also introduce a novel environment based on a 3D game engine to simulate the challenges of task-oriented language grounding over a rich set of instructions and environment states.', 'Environment-agnostic Multitask Learning for Natural Language Grounded Navigation. Recent research efforts enable study for natural language grounded navigation in photo-realistic environments, e.g., following natural language instructions or dialog. However, existing methods tend to overfit training data in seen environments and fail to generalize well in previously unseen environments. To close the gap between seen and unseen environments, we aim at learning a generalized navigation model from two novel perspectives: (1) we introduce a multitask navigation model that can be seamlessly trained on both Vision-Language Navigation (VLN) and Navigation from Dialog History (NDH) tasks, which benefits from richer natural language guidance and effectively transfers knowledge across tasks; (2) we propose to learn environment-agnostic representations for the navigation policy that are invariant among the environments seen during training, thus generalizing better on unseen environments. Extensive experiments show that environment-agnostic multitask learning significantly reduces the performance gap between seen and unseen environments, and the navigation agent trained so outperforms baselines on unseen environments by 16% (relative measure on success rate) on VLN and 120% (goal progress) on NDH. Our submission to the CVDN leaderboard establishes a new state-of-the-art for the NDH task on the holdout test set. Code is available at https://github.com/google-research/valan.', ""Learning from Implicit Information in Natural Language Instructions for Robotic Manipulations. Human-robot interaction often occurs in the form of instructions given from a human to a robot. For a robot to successfully follow instructions, a common representation of the world and objects in it should be shared between humans and the robot so that the instructions can be grounded. Achieving this representation can be done via learning, where both the world representation and the language grounding are learned simultaneously. However, in robotics this can be a difficult task due to the cost and scarcity of data. In this paper, we tackle the problem by separately learning the world representation of the robot and the language grounding. While this approach can address the challenges in getting sufficient data, it may give rise to inconsistencies between both learned components. Therefore, we further propose Bayesian learning to resolve such inconsistencies between the natural language grounding and a robot's world representation by exploiting spatio-relational information that is implicitly present in instructions given by a human. Moreover, we demonstrate the feasibility of our approach on a scenario involving a robotic arm in the physical world.""]"
46,106,46_vqa_visual question_question_visual,"['vqa', 'visual question', 'question', 'visual', 'answering', 'question answering', 'questions', 'answering vqa', 'answer', 'vqa models']","[""Inverse Visual Question Answering: A New Benchmark and VQA Diagnosis Tool. In recent years, visual question answering (VQA) has become topical. The premise of VQA's significance as a benchmark in AI, is that both the image and textual question need to be well understood and mutually grounded in order to infer the correct answer. However, current VQA models perhaps `understand' less than initially hoped, and instead master the easier task of exploiting cues given away in the question and biases in the answer distribution. In this paper we propose the inverse problem of VQA (iVQA). The iVQA task is to generate a question that corresponds to a given image and answer pair. We propose a variational iVQA model that can generate diverse, grammatically correct and content correlated questions that match the given answer. Based on this model, we show that iVQA is an interesting benchmark for visuo-linguistic understanding, and a more challenging alternative to VQA because an iVQA model needs to understand the image better to be successful. As a second contribution, we show how to use iVQA in a novel reinforcement learning framework to diagnose any existing VQA model by way of exposing its belief set: the set of question-answer pairs that the VQA model would predict true for a given image. This provides a completely new window into what VQA models `believe' about images. We show that existing VQA models have more erroneous beliefs than previously thought, revealing their intrinsic weaknesses. Suggestions are then made on how to address these weaknesses going forward."", 'C-VQA: A Compositional Split of the Visual Question Answering (VQA) v1.0 Dataset. Visual Question Answering (VQA) has received a lot of attention over the past couple of years. A number of deep learning models have been proposed for this task. However, it has been shown that these models are heavily driven by superficial correlations in the training data and lack compositionality -- the ability to answer questions about unseen compositions of seen concepts. This compositionality is desirable and central to intelligence. In this paper, we propose a new setting for Visual Question Answering where the test question-answer pairs are compositionally novel compared to training question-answer pairs. To facilitate developing models under this setting, we present a new compositional split of the VQA v1.0 dataset, which we call Compositional VQA (C-VQA). We analyze the distribution of questions and answers in the C-VQA splits. Finally, we evaluate several existing VQA models under this new setting and show that the performances of these models degrade by a significant amount compared to the original VQA setting.', ""Don't Just Assume; Look and Answer: Overcoming Priors for Visual Question Answering. A number of studies have found that today's Visual Question Answering (VQA) models are heavily driven by superficial correlations in the training data and lack sufficient image grounding. To encourage development of models geared towards the latter, we propose a new setting for VQA where for every question type, train and test sets have different prior distributions of answers. Specifically, we present new splits of the VQA v1 and VQA v2 datasets, which we call Visual Question Answering under Changing Priors (VQA-CP v1 and VQA-CP v2 respectively). First, we evaluate several existing VQA models under this new setting and show that their performance degrades significantly compared to the original VQA setting. Second, we propose a novel Grounded Visual Question Answering model (GVQA) that contains inductive biases and restrictions in the architecture specifically designed to prevent the model from 'cheating' by primarily relying on priors in the training data. Specifically, GVQA explicitly disentangles the recognition of visual concepts present in the image from the identification of plausible answer space for a given question, enabling the model to more robustly generalize across different distributions of answers. GVQA is built off an existing VQA model -- Stacked Attention Networks (SAN). Our experiments demonstrate that GVQA significantly outperforms SAN on both VQA-CP v1 and VQA-CP v2 datasets. Interestingly, it also outperforms more powerful VQA models such as Multimodal Compact Bilinear Pooling (MCB) in several cases. GVQA offers strengths complementary to SAN when trained and evaluated on the original VQA v1 and VQA v2 datasets. Finally, GVQA is more transparent and interpretable than existing VQA models.""]"
47,104,47_patients_clinical_health_care,"['patients', 'clinical', 'health', 'care', 'patient', 'survival', 'risk', 'prediction', 'icu', 'ehr']","[""Personalized Risk Scoring for Critical Care Prognosis using Mixtures of Gaussian Processes. Objective: In this paper, we develop a personalized real-time risk scoring algorithm that provides timely and granular assessments for the clinical acuity of ward patients based on their (temporal) lab tests and vital signs; the proposed risk scoring system ensures timely intensive care unit (ICU) admissions for clinically deteriorating patients. Methods: The risk scoring system learns a set of latent patient subtypes from the offline electronic health record data, and trains a mixture of Gaussian Process (GP) experts, where each expert models the physiological data streams associated with a specific patient subtype. Transfer learning techniques are used to learn the relationship between a patient's latent subtype and her static admission information (e.g. age, gender, transfer status, ICD-9 codes, etc). Results: Experiments conducted on data from a heterogeneous cohort of 6,321 patients admitted to Ronald Reagan UCLA medical center show that our risk score significantly and consistently outperforms the currently deployed risk scores, such as the Rothman index, MEWS, APACHE and SOFA scores, in terms of timeliness, true positive rate (TPR), and positive predictive value (PPV). Conclusion: Our results reflect the importance of adopting the concepts of personalized medicine in critical care settings; significant accuracy and timeliness gains can be achieved by accounting for the patients' heterogeneity. Significance: The proposed risk scoring methodology can confer huge clinical and social benefits on more than 200,000 critically ill inpatient who exhibit cardiac arrests in the US every year."", 'Learning from Clinical Judgments: Semi-Markov-Modulated Marked Hawkes Processes for Risk Prognosis. Critically ill patients in regular wards are vulnerable to unanticipated adverse events which require prompt transfer to the intensive care unit (ICU). To allow for accurate prognosis of deteriorating patients, we develop a novel continuous-time probabilistic model for a monitored patient\'s temporal sequence of physiological data. Our model captures ""informatively sampled"" patient episodes: the clinicians\' decisions on when to observe a hospitalized patient\'s vital signs and lab tests over time are represented by a marked Hawkes process, with intensity parameters that are modulated by the patient\'s latent clinical states, and with observable physiological data (mark process) modeled as a switching multi-task Gaussian process. In addition, our model captures ""informatively censored"" patient episodes by representing the patient\'s latent clinical states as an absorbing semi-Markov jump process. The model parameters are learned from offline patient episodes in the electronic health records via an EM-based algorithm. Experiments conducted on a cohort of patients admitted to a major medical center over a 3-year period show that risk prognosis based on our model significantly outperforms the currently deployed medical risk scores and other baseline machine learning algorithms.', 'Individualized Risk Prognosis for Critical Care Patients: A Multi-task Gaussian Process Model. We report the development and validation of a data-driven real-time risk score that provides timely assessments for the clinical acuity of ward patients based on their temporal lab tests and vital signs, which allows for timely intensive care unit (ICU) admissions. Unlike the existing risk scoring technologies, the proposed score is individualized; it uses the electronic health record (EHR) data to cluster the patients based on their static covariates into subcohorts of similar patients, and then learns a separate temporal, non-stationary multi-task Gaussian Process (GP) model that captures the physiology of every subcohort. Experiments conducted on data from a heterogeneous cohort of 6,094 patients admitted to the Ronald Reagan UCLA medical center show that our risk score significantly outperforms the state-of-the-art risk scoring technologies, such as the Rothman index and MEWS, in terms of timeliness, true positive rate (TPR), and positive predictive value (PPV). In particular, the proposed score increases the AUC with 20% and 38% as compared to Rothman index and MEWS respectively, and can predict ICU admissions 8 hours before clinicians at a PPV of 35% and a TPR of 50%. Moreover, we show that the proposed risk score allows for better decisions on when to discharge clinically stable patients from the ward, thereby improving the efficiency of hospital resource utilization.']"
48,104,48_convolutional_cnns_pooling_convolution,"['convolutional', 'cnns', 'pooling', 'convolution', 'networks', 'layers', 'invariance', 'transformations', 'convolutional neural', 'residual']","['Pooling is neither necessary nor sufficient for appropriate deformation stability in CNNs. Many of our core assumptions about how neural networks operate remain empirically untested. One common assumption is that convolutional neural networks need to be stable to small translations and deformations to solve image recognition tasks. For many years, this stability was baked into CNN architectures by incorporating interleaved pooling layers. Recently, however, interleaved pooling has largely been abandoned. This raises a number of questions: Are our intuitions about deformation stability right at all? Is it important? Is pooling necessary for deformation invariance? If not, how is deformation invariance achieved in its absence? In this work, we rigorously test these questions, and find that deformation stability in convolutional networks is more nuanced than it first appears: (1) Deformation invariance is not a binary property, but rather that different tasks require different degrees of deformation stability at different layers. (2) Deformation stability is not a fixed property of a network and is heavily adjusted over the course of training, largely through the smoothness of the convolutional filters. (3) Interleaved pooling layers are neither necessary nor sufficient for achieving the optimal form of deformation stability for natural image classification. (4) Pooling confers too much deformation stability for image classification at initialization, and during training, networks have to learn to counteract this inductive bias. Together, these findings provide new insights into the role of interleaved pooling and deformation invariance in CNNs, and demonstrate the importance of rigorous empirical testing of even our most basic assumptions about the working of neural networks.', 'LeanResNet: A Low-cost Yet Effective Convolutional Residual Networks. Convolutional Neural Networks (CNNs) filter the input data using spatial convolution operators with compact stencils. Commonly, the convolution operators couple features from all channels, which leads to immense computational cost in the training of and prediction with CNNs. To improve the efficiency of CNNs, we introduce lean convolution operators that reduce the number of parameters and computational complexity, and can be used in a wide range of existing CNNs. Here, we exemplify their use in residual networks (ResNets), which have been very reliable for a few years now and analyzed intensively. In our experiments on three image classification problems, the proposed LeanResNet yields results that are comparable to other recently proposed reduced architectures using similar number of parameters.', 'Active Convolution: Learning the Shape of Convolution for Image Classification. In recent years, deep learning has achieved great success in many computer vision applications. Convolutional neural networks (CNNs) have lately emerged as a major approach to image classification. Most research on CNNs thus far has focused on developing architectures such as the Inception and residual networks. The convolution layer is the core of the CNN, but few studies have addressed the convolution unit itself. In this paper, we introduce a convolution unit called the active convolution unit (ACU). A new convolution has no fixed shape, because of which we can define any form of convolution. Its shape can be learned through backpropagation during training. Our proposed unit has a few advantages. First, the ACU is a generalization of convolution; it can define not only all conventional convolutions, but also convolutions with fractional pixel coordinates. We can freely change the shape of the convolution, which provides greater freedom to form CNN structures. Second, the shape of the convolution is learned while training and there is no need to tune it by hand. Third, the ACU can learn better than a conventional unit, where we obtained the improvement simply by changing the conventional convolution to an ACU. We tested our proposed method on plain and residual networks, and the results showed significant improvement using our method on various datasets and architectures in comparison with the baseline.']"
49,104,49_multiagent_agents_multiagent reinforcement_reinforcement,"['multiagent', 'agents', 'multiagent reinforcement', 'reinforcement', 'communication', 'reinforcement learning', 'marl', 'cooperative', 'agent', 'policies']","['From Few to More: Large-scale Dynamic Multiagent Curriculum Learning. A lot of efforts have been devoted to investigating how agents can learn effectively and achieve coordination in multiagent systems. However, it is still challenging in large-scale multiagent settings due to the complex dynamics between the environment and agents and the explosion of state-action space. In this paper, we design a novel Dynamic Multiagent Curriculum Learning (DyMA-CL) to solve large-scale problems by starting from learning on a multiagent scenario with a small size and progressively increasing the number of agents. We propose three transfer mechanisms across curricula to accelerate the learning process. Moreover, due to the fact that the state dimension varies across curricula,, and existing network structures cannot be applied in such a transfer setting since their network input sizes are fixed. Therefore, we design a novel network structure called Dynamic Agent-number Network (DyAN) to handle the dynamic size of the network input. Experimental results show that DyMA-CL using DyAN greatly improves the performance of large-scale multiagent learning compared with state-of-the-art deep reinforcement learning approaches. We also investigate the influence of three transfer mechanisms across curricula through extensive simulations.', ""A Unified Game-Theoretic Approach to Multiagent Reinforcement Learning. To achieve general intelligence, agents must learn how to interact with others in a shared environment: this is the challenge of multiagent reinforcement learning (MARL). The simplest form is independent reinforcement learning (InRL), where each agent treats its experience as part of its (non-stationary) environment. In this paper, we first observe that policies learned using InRL can overfit to the other agents' policies during training, failing to sufficiently generalize during execution. We introduce a new metric, joint-policy correlation, to quantify this effect. We describe an algorithm for general MARL, based on approximate best responses to mixtures of policies generated using deep reinforcement learning, and empirical game-theoretic analysis to compute meta-strategies for policy selection. The algorithm generalizes previous ones such as InRL, iterated best response, double oracle, and fictitious play. Then, we present a scalable implementation which reduces the memory requirement using decoupled meta-solvers. Finally, we demonstrate the generality of the resulting policies in two partially observable settings: gridworld coordination games and poker."", 'Optimal Decision-Making in Mixed-Agent Partially Observable Stochastic Environments via Reinforcement Learning. Optimal decision making with limited or no information in stochastic environments where multiple agents interact is a challenging topic in the realm of artificial intelligence. Reinforcement learning (RL) is a popular approach for arriving at optimal strategies by predicating stimuli, such as the reward for following a strategy, on experience. RL is heavily explored in the single-agent context, but is a nascent concept in multiagent problems. To this end, I propose several principled model-free and partially model-based reinforcement learning approaches for several multiagent settings. In the realm of normative reinforcement learning, I introduce scalable extensions to Monte Carlo exploring starts for partially observable Markov Decision Processes (POMDP), dubbed MCES-P, where I expand the theory and algorithm to the multiagent setting. I first examine MCES-P with probably approximately correct (PAC) bounds in the context of multiagent setting, showing MCESP+PAC holds in the presence of other agents. I then propose a more sample-efficient methodology for antagonistic settings, MCESIP+PAC. For cooperative settings, I extend MCES-P to the Multiagent POMDP, dubbed MCESMP+PAC. I then explore the use of reinforcement learning as a methodology in searching for optima in realistic and latent model environments. First, I explore a parameterized Q-learning approach in modeling humans learning to reason in an uncertain, multiagent environment. Next, I propose an implementation of MCES-P, along with image segmentation, to create an adaptive team-based reinforcement learning technique to positively identify the presence of phenotypically-expressed water and pathogen stress in crop fields.']"
50,103,50_driving_traffic_autonomous_control,"['driving', 'traffic', 'autonomous', 'control', 'vehicles', 'reinforcement learning', 'reinforcement', 'autonomous driving', 'vehicle', 'deep reinforcement']","['Urban Driving with Conditional Imitation Learning. Hand-crafting generalised decision-making rules for real-world urban autonomous driving is hard. Alternatively, learning behaviour from easy-to-collect human driving demonstrations is appealing. Prior work has studied imitation learning (IL) for autonomous driving with a number of limitations. Examples include only performing lane-following rather than following a user-defined route, only using a single camera view or heavily cropped frames lacking state observability, only lateral (steering) control, but not longitudinal (speed) control and a lack of interaction with traffic. Importantly, the majority of such systems have been primarily evaluated in simulation - a simple domain, which lacks real-world complexities. Motivated by these challenges, we focus on learning representations of semantics, geometry and motion with computer vision for IL from human driving demonstrations. As our main contribution, we present an end-to-end conditional imitation learning approach, combining both lateral and longitudinal control on a real vehicle for following urban routes with simple traffic. We address inherent dataset bias by data balancing, training our final policy on approximately 30 hours of demonstrations gathered over six months. We evaluate our method on an autonomous vehicle by driving 35km of novel routes in European urban streets.', ""Deep Reinforcement Learning for Traffic Light Control in Vehicular Networks. Existing inefficient traffic light control causes numerous problems, such as long delay and waste of energy. To improve efficiency, taking real-time traffic information as an input and dynamically adjusting the traffic light duration accordingly is a must. In terms of how to dynamically adjust traffic signals' duration, existing works either split the traffic signal into equal duration or extract limited traffic information from the real data. In this paper, we study how to decide the traffic signals' duration based on the collected data from different sensors and vehicular networks. We propose a deep reinforcement learning model to control the traffic light. In the model, we quantify the complex traffic scenario as states by collecting data and dividing the whole intersection into small grids. The timing changes of a traffic light are the actions, which are modeled as a high-dimension Markov decision process. The reward is the cumulative waiting time difference between two cycles. To solve the model, a convolutional neural network is employed to map the states to rewards. The proposed model is composed of several components to improve the performance, such as dueling network, target network, double Q-learning network, and prioritized experience replay. We evaluate our model via simulation in the Simulation of Urban MObility (SUMO) in a vehicular network, and the simulation results show the efficiency of our model in controlling traffic lights."", 'Formulation of Deep Reinforcement Learning Architecture Toward Autonomous Driving for On-Ramp Merge. Multiple automakers have in development or in production automated driving systems (ADS) that offer freeway-pilot functions. This type of ADS is typically limited to restricted-access freeways only, that is, the transition from manual to automated modes takes place only after the ramp merging process is completed manually. One major challenge to extend the automation to ramp merging is that the automated vehicle needs to incorporate and optimize long-term objectives (e.g. successful and smooth merge) when near-term actions must be safely executed. Moreover, the merging process involves interactions with other vehicles whose behaviors are sometimes hard to predict but may influence the merging vehicle optimal actions. To tackle such a complicated control problem, we propose to apply Deep Reinforcement Learning (DRL) techniques for finding an optimal driving policy by maximizing the long-term reward in an interactive environment. Specifically, we apply a Long Short-Term Memory (LSTM) architecture to model the interactive environment, from which an internal state containing historical driving information is conveyed to a Deep Q-Network (DQN). The DQN is used to approximate the Q-function, which takes the internal state as input and generates Q-values as output for action selection. With this DRL architecture, the historical impact of interactive environment on the long-term reward can be captured and taken into account for deciding the optimal control policy. The proposed architecture has the potential to be extended and applied to other autonomous driving scenarios such as driving through a complex intersection or changing lanes under varying traffic flow conditions.']"
51,103,51_emotion_multimodal_emotion recognition_modalities,"['emotion', 'multimodal', 'emotion recognition', 'modalities', 'emotional', 'emotions', 'audio', 'recognition', 'sentiment', 'fusion']","['Multi-Modal Emotion recognition on IEMOCAP Dataset using Deep Learning. Emotion recognition has become an important field of research in Human Computer Interactions as we improve upon the techniques for modelling the various aspects of behaviour. With the advancement of technology our understanding of emotions are advancing, there is a growing need for automatic emotion recognition systems. One of the directions the research is heading is the use of Neural Networks which are adept at estimating complex functions that depend on a large number and diverse source of input data. In this paper we attempt to exploit this effectiveness of Neural networks to enable us to perform multimodal Emotion recognition on IEMOCAP dataset using data from Speech, Text, and Motion capture data from face expressions, rotation and hand movements. Prior research has concentrated on Emotion detection from Speech on the IEMOCAP dataset, but our approach is the first that uses the multiple modes of data offered by IEMOCAP for a more robust and accurate emotion detection.', 'Fusion of EEG and Musical Features in Continuous Music-emotion Recognition. Emotion estimation in music listening is confronting challenges to capture the emotion variation of listeners. Recent years have witnessed attempts to exploit multimodality fusing information from musical contents and physiological signals captured from listeners to improve the performance of emotion recognition. In this paper, we present a study of fusion of signals of electroencephalogram (EEG), a tool to capture brainwaves at a high-temporal resolution, and musical features at decision level in recognizing the time-varying binary classes of arousal and valence. Our empirical results showed that the fusion could outperform the performance of emotion recognition using only EEG modality that was suffered from inter-subject variability, and this suggested the promise of multimodal fusion in improving the accuracy of music-emotion recognition.', 'EmoBed: Strengthening Monomodal Emotion Recognition via Training with Crossmodal Emotion Embeddings. Despite remarkable advances in emotion recognition, they are severely restrained from either the essentially limited property of the employed single modality, or the synchronous presence of all involved multiple modalities. Motivated by this, we propose a novel crossmodal emotion embedding framework called EmoBed, which aims to leverage the knowledge from other auxiliary modalities to improve the performance of an emotion recognition system at hand. The framework generally includes two main learning components, i. e., joint multimodal training and crossmodal training. Both of them tend to explore the underlying semantic emotion information but with a shared recognition network or with a shared emotion embedding space, respectively. In doing this, the enhanced system trained with this approach can efficiently make use of the complementary information from other modalities. Nevertheless, the presence of these auxiliary modalities is not demanded during inference. To empirically investigate the effectiveness and robustness of the proposed framework, we perform extensive experiments on the two benchmark databases RECOLA and OMG-Emotion for the tasks of dimensional emotion regression and categorical emotion classification, respectively. The obtained results show that the proposed framework significantly outperforms related baselines in monomodal inference, and are also competitive or superior to the recently reported systems, which emphasises the importance of the proposed crossmodal learning for emotion recognition.']"
52,103,52_saliency_salient_salient object_saliency maps,"['saliency', 'salient', 'salient object', 'saliency maps', 'saliency map', 'saliency detection', 'object', 'maps', 'object detection', 'detection']","['Saliency detection by aggregating complementary background template with optimization framework. This paper proposes an unsupervised bottom-up saliency detection approach by aggregating complementary background template with refinement. Feature vectors are extracted from each superpixel to cover regional color, contrast and texture information. By using these features, a coarse detection for salient region is realized based on background template achieved by different combinations of boundary regions instead of only treating four boundaries as background. Then, by ranking the relevance of the image nodes with foreground cues extracted from the former saliency map, we obtain an improved result. Finally, smoothing operation is utilized to refine the foreground-based saliency map to improve the contrast between salient and non-salient regions until a close to binary saliency map is reached. Experimental results show that the proposed algorithm generates more accurate saliency maps and performs favorably against the state-off-the-art saliency detection methods on four publicly available datasets.', 'RGBD Salient Object Detection via Deep Fusion. Numerous efforts have been made to design different low level saliency cues for the RGBD saliency detection, such as color or depth contrast features, background and color compactness priors. However, how these saliency cues interact with each other and how to incorporate these low level saliency cues effectively to generate a master saliency map remain a challenging problem. In this paper, we design a new convolutional neural network (CNN) to fuse different low level saliency cues into hierarchical features for automatically detecting salient objects in RGBD images. In contrast to the existing works that directly feed raw image pixels to the CNN, the proposed method takes advantage of the knowledge in traditional saliency detection by adopting various meaningful and well-designed saliency feature vectors as input. This can guide the training of CNN towards detecting salient object more effectively due to the reduced learning ambiguity. We then integrate a Laplacian propagation framework with the learned CNN to extract a spatially consistent saliency map by exploiting the intrinsic structure of the input image. Extensive quantitative and qualitative experimental evaluations on three datasets demonstrate that the proposed method consistently outperforms state-of-the-art methods.', 'Co-saliency Detection for RGBD Images Based on Multi-constraint Feature Matching and Cross Label Propagation. Co-saliency detection aims at extracting the common salient regions from an image group containing two or more relevant images. It is a newly emerging topic in computer vision community. Different from the most existing co-saliency methods focusing on RGB images, this paper proposes a novel co-saliency detection model for RGBD images, which utilizes the depth information to enhance identification of co-saliency. First, the intra saliency map for each image is generated by the single image saliency model, while the inter saliency map is calculated based on the multi-constraint feature matching, which represents the constraint relationship among multiple images. Then, the optimization scheme, namely Cross Label Propagation (CLP), is used to refine the intra and inter saliency maps in a cross way. Finally, all the original and optimized saliency maps are integrated to generate the final co-saliency result. The proposed method introduces the depth information and multi-constraint feature matching to improve the performance of co-saliency detection. Moreover, the proposed method can effectively exploit any existing single image saliency model to work well in co-saliency scenarios. Experiments on two RGBD co-saliency datasets demonstrate the effectiveness of our proposed model.']"
53,103,53_game_games_playing_player,"['game', 'games', 'playing', 'player', 'players', 'chess', 'card', 'alphazero', 'monte carlo', 'monte']","['Monte Carlo Methods for the Game Kingdomino. Kingdomino is introduced as an interesting game for studying game playing: the game is multiplayer (4 independent players per game); it has a limited game depth (13 moves per player); and it has limited but not insignificant interaction among players.\n  Several strategies based on locally greedy players, Monte Carlo Evaluation (MCE), and Monte Carlo Tree Search (MCTS) are presented with variants. We examine a variation of UCT called progressive win bias and a playout policy (Player-greedy) focused on selecting good moves for the player. A thorough evaluation is done showing how the strategies perform and how to choose parameters given specific time constraints. The evaluation shows that surprisingly MCE is stronger than MCTS for a game like Kingdomino.\n  All experiments use a cloud-native design, with a game server in a Docker container, and agents communicating using a REST-style JSON protocol. This enables a multi-language approach to separating the game state, the strategy implementations, and the coordination layer.', 'Traditional Wisdom and Monte Carlo Tree Search Face-to-Face in the Card Game Scopone. We present the design of a competitive artificial intelligence for Scopone, a popular Italian card game. We compare rule-based players using the most established strategies (one for beginners and two for advanced players) against players using Monte Carlo Tree Search (MCTS) and Information Set Monte Carlo Tree Search (ISMCTS) with different reward functions and simulation strategies. MCTS requires complete information about the game state and thus implements a cheating player while ISMCTS can deal with incomplete information and thus implements a fair player. Our results show that, as expected, the cheating MCTS outperforms all the other strategies; ISMCTS is stronger than all the rule-based players implementing well-known and most advanced strategies and it also turns out to be a challenging opponent for human players.', 'Competing in a Complex Hidden Role Game with Information Set Monte Carlo Tree Search. Advances in intelligent game playing agents have led to successes in perfect information games like Go and imperfect information games like Poker. The Information Set Monte Carlo Tree Search (ISMCTS) family of algorithms outperforms previous algorithms using Monte Carlo methods in imperfect information games. In this paper, Single Observer Information Set Monte Carlo Tree Search (SO-ISMCTS) is applied to Secret Hitler, a popular social deduction board game that combines traditional hidden role mechanics with the randomness of a card deck. This combination leads to a more complex information model than the hidden role and card deck mechanics alone. It is shown in 10108 simulated games that SO-ISMCTS plays as well as simpler rule based agents, and demonstrates the potential of ISMCTS algorithms in complicated information set domains.']"
54,100,54_forgetting_catastrophic_catastrophic forgetting_continual,"['forgetting', 'catastrophic', 'catastrophic forgetting', 'continual', 'continual learning', 'lifelong', 'lifelong learning', 'tasks', 'incremental', 'memory']","['Experience Replay for Continual Learning. Continual learning is the problem of learning new tasks or knowledge while protecting old knowledge and ideally generalizing from old experience to learn new tasks faster. Neural networks trained by stochastic gradient descent often degrade on old tasks when trained successively on new tasks with different data distributions. This phenomenon, referred to as catastrophic forgetting, is considered a major hurdle to learning with non-stationary data or sequences of new tasks, and prevents networks from continually accumulating knowledge and skills. We examine this issue in the context of reinforcement learning, in a setting where an agent is exposed to tasks in a sequence. Unlike most other work, we do not provide an explicit indication to the model of task boundaries, which is the most general circumstance for a learning agent exposed to continuous experience. While various methods to counteract catastrophic forgetting have recently been proposed, we explore a straightforward, general, and seemingly overlooked solution - that of using experience replay buffers for all past events - with a mixture of on- and off-policy learning, leveraging behavioral cloning. We show that this strategy can still learn new tasks quickly yet can substantially reduce catastrophic forgetting in both Atari and DMLab domains, even matching the performance of methods that require task identities. When buffer storage is constrained, we confirm that a simple mechanism for randomly discarding data allows a limited size buffer to perform almost as well as an unbounded one.', 'Few-Shot Self Reminder to Overcome Catastrophic Forgetting. Deep neural networks are known to suffer the catastrophic forgetting problem, where they tend to forget the knowledge from the previous tasks when sequentially learning new tasks. Such failure hinders the application of deep learning based vision system in continual learning settings. In this work, we present a simple yet surprisingly effective way of preventing catastrophic forgetting. Our method, called Few-shot Self Reminder (FSR), regularizes the neural net from changing its learned behaviour by performing logit matching on selected samples kept in episodic memory from the old tasks. Surprisingly, this simplistic approach only requires to retrain a small amount of data in order to outperform previous methods in knowledge retention. We demonstrate the superiority of our method to the previous ones in two different continual learning settings on popular benchmarks, as well as a new continual learning problem where tasks are designed to be more dissimilar.', 'Dissecting Catastrophic Forgetting in Continual Learning by Deep Visualization. Interpreting the behaviors of Deep Neural Networks (usually considered as a black box) is critical especially when they are now being widely adopted over diverse aspects of human life. Taking the advancements from Explainable Artificial Intelligent, this paper proposes a novel technique called Auto DeepVis to dissect catastrophic forgetting in continual learning. A new method to deal with catastrophic forgetting named critical freezing is also introduced upon investigating the dilemma by Auto DeepVis. Experiments on a captioning model meticulously present how catastrophic forgetting happens, particularly showing which components are forgetting or changing. The effectiveness of our technique is then assessed; and more precisely, critical freezing claims the best performance on both previous and coming tasks over baselines, proving the capability of the investigation. Our techniques could not only be supplementary to existing solutions for completely eradicating catastrophic forgetting for life-long learning but also explainable.']"
55,100,55_uncertainty_bayesian_calibration_gaussian,"['uncertainty', 'bayesian', 'calibration', 'gaussian', 'ensemble', 'bayesian neural', 'ensembles', 'gp', 'posterior', 'gaussian process']","['DropConnect Is Effective in Modeling Uncertainty of Bayesian Deep Networks. Deep neural networks (DNNs) have achieved state-of-the-art performances in many important domains, including medical diagnosis, security, and autonomous driving. In these domains where safety is highly critical, an erroneous decision can result in serious consequences. While a perfect prediction accuracy is not always achievable, recent work on Bayesian deep networks shows that it is possible to know when DNNs are more likely to make mistakes. Knowing what DNNs do not know is desirable to increase the safety of deep learning technology in sensitive applications. Bayesian neural networks attempt to address this challenge. However, traditional approaches are computationally intractable and do not scale well to large, complex neural network architectures. In this paper, we develop a theoretical framework to approximate Bayesian inference for DNNs by imposing a Bernoulli distribution on the model weights. This method, called MC-DropConnect, gives us a tool to represent the model uncertainty with little change in the overall model structure or computational cost. We extensively validate the proposed algorithm on multiple network architectures and datasets for classification and semantic segmentation tasks. We also propose new metrics to quantify the uncertainty estimates. This enables an objective comparison between MC-DropConnect and prior approaches. Our empirical results demonstrate that the proposed framework yields significant improvement in both prediction accuracy and uncertainty estimation quality compared to the state of the art.', 'Evaluating Scalable Bayesian Deep Learning Methods for Robust Computer Vision. While deep neural networks have become the go-to approach in computer vision, the vast majority of these models fail to properly capture the uncertainty inherent in their predictions. Estimating this predictive uncertainty can be crucial, for example in automotive applications. In Bayesian deep learning, predictive uncertainty is commonly decomposed into the distinct types of aleatoric and epistemic uncertainty. The former can be estimated by letting a neural network output the parameters of a certain probability distribution. Epistemic uncertainty estimation is a more challenging problem, and while different scalable methods recently have emerged, no extensive comparison has been performed in a real-world setting. We therefore accept this task and propose a comprehensive evaluation framework for scalable epistemic uncertainty estimation methods in deep learning. Our proposed framework is specifically designed to test the robustness required in real-world computer vision applications. We also apply this framework to provide the first properly extensive and conclusive comparison of the two current state-of-the-art scalable methods: ensembling and MC-dropout. Our comparison demonstrates that ensembling consistently provides more reliable and practically useful uncertainty estimates. Code is available at https://github.com/fregu856/evaluating_bdl.', 'Maximizing Overall Diversity for Improved Uncertainty Estimates in Deep Ensembles. The inaccuracy of neural network models on inputs that do not stem from the training data distribution is both problematic and at times unrecognized. Model uncertainty estimation can address this issue, where uncertainty estimates are often based on the variation in predictions produced by a diverse ensemble of models applied to the same input. Here we describe Maximize Overall Diversity (MOD), a straightforward approach to improve ensemble-based uncertainty estimates by encouraging larger overall diversity in ensemble predictions across all possible inputs that might be encountered in the future. When applied to various neural network ensembles, MOD significantly improves predictive performance for out-of-distribution test examples without sacrificing in-distribution performance on 38 Protein-DNA binding regression datasets, 9 UCI datasets, and the IMDB-Wiki image dataset. Across many Bayesian optimization tasks, the performance of UCB acquisition is also greatly improved by leveraging MOD uncertainty estimates.']"
56,96,56_facial_expression_facial expression_expression recognition,"['facial', 'expression', 'facial expression', 'expression recognition', 'pain', 'recognition', 'expressions', 'fer', 'emotion', 'au']","[""Facial Expression Recognition Based on Complexity Perception Classification Algorithm. Facial expression recognition (FER) has always been a challenging issue in computer vision. The different expressions of emotion and uncontrolled environmental factors lead to inconsistencies in the complexity of FER and variability of between expression categories, which is often overlooked in most facial expression recognition systems. In order to solve this problem effectively, we presented a simple and efficient CNN model to extract facial features, and proposed a complexity perception classification (CPC) algorithm for FER. The CPC algorithm divided the dataset into an easy classification sample subspace and a complex classification sample subspace by evaluating the complexity of facial features that are suitable for classification. The experimental results of our proposed algorithm on Fer2013 and CK-plus datasets demonstrated the algorithm's effectiveness and superiority over other state-of-the-art approaches."", 'Unifying Geometric Features and Facial Action Units for Improved Performance of Facial Expression Analysis. Previous approaches to model and analyze facial expression analysis use three different techniques: facial action units, geometric features and graph based modelling. However, previous approaches have treated these technique separately. There is an interrelationship between these techniques. The facial expression analysis is significantly improved by utilizing these mappings between major geometric features involved in facial expressions and the subset of facial action units whose presence or absence are unique to a facial expression. This paper combines dimension reduction techniques and image classification with search space pruning achieved by this unique subset of facial action units to significantly prune the search space. The performance results on the publicly facial expression database shows an improvement in performance by 70% over time while maintaining the emotion recognition correctness.', 'A Recursive Framework for Expression Recognition: From Web Images to Deep Models to Game Dataset. In this paper, we propose a recursive framework to recognize facial expressions from images in real scenes. Unlike traditional approaches that typically focus on developing and refining algorithms for improving recognition performance on an existing dataset, we integrate three important components in a recursive manner: facial dataset generation, facial expression recognition model building, and interactive interfaces for testing and new data collection. To start with, we first create a candid-images-for-facial-expression (CIFE) dataset. We then apply a convolutional neural network (CNN) to CIFE and build a CNN model for web image expression classification. In order to increase the expression recognition accuracy, we also fine-tune the CNN model and thus obtain a better CNN facial expression recognition model. Based on the fine-tuned CNN model, we design a facial expression game engine and collect a new and more balanced dataset, GaMo. The images of this dataset are collected from the different expressions our game users make when playing the game. Finally, we evaluate the GaMo and CIFE datasets and show that our recursive framework can help build a better facial expression model for dealing with real scene facial expression tasks.']"
57,94,57_camera_slam_pose_cameras,"['camera', 'slam', 'pose', 'cameras', 'odometry', 'motion', 'visual odometry', 'monocular', 'shutter', 'sfm']","['Monocular Visual Odometry with a Rolling Shutter Camera. Rolling Shutter (RS) cameras have become popularized because of low-cost imaging capability. However, the RS cameras suffer from undesirable artifacts when the camera or the subject is moving, or illumination condition changes. For that reason, Monocular Visual Odometry (MVO) with RS cameras produces inaccurate ego-motion estimates. Previous works solve this RS distortion problem with motion prediction from images and/or inertial sensors. However, the MVO still has trouble in handling the RS distortion when the camera motion changes abruptly (e.g. vibration of mobile cameras causes extremely fast motion instantaneously). To address the problem, we propose the novel MVO algorithm in consideration of the geometric characteristics of RS cameras. The key idea of the proposed algorithm is the new RS essential matrix which incorporates the instantaneous angular and linear velocities at each frame. Our algorithm produces accurate and robust ego-motion estimates in an online manner, and is applicable to various mobile applications with RS cameras. The superiority of the proposed algorithm is validated through quantitative and qualitative comparison on both synthetic and real dataset.', 'Extending Monocular Visual Odometry to Stereo Camera Systems by Scale Optimization. This paper proposes a novel approach for extending monocular visual odometry to a stereo camera system. The proposed method uses an additional camera to accurately estimate and optimize the scale of the monocular visual odometry, rather than triangulating 3D points from stereo matching. Specifically, the 3D points generated by the monocular visual odometry are projected onto the other camera of the stereo pair, and the scale is recovered and optimized by directly minimizing the photometric error. It is computationally efficient, adding minimal overhead to the stereo vision system compared to straightforward stereo matching, and is robust to repetitive texture. Additionally, direct scale optimization enables stereo visual odometry to be purely based on the direct method. Extensive evaluation on public datasets (e.g., KITTI), and outdoor environments (both terrestrial and underwater) demonstrates the accuracy and efficiency of a stereo visual odometry approach extended by scale optimization, and its robustness in environments with challenging textures.', 'GSLAM: Initialization-robust Monocular Visual SLAM via Global Structure-from-Motion. Many monocular visual SLAM algorithms are derived from incremental structure-from-motion (SfM) methods. This work proposes a novel monocular SLAM method which integrates recent advances made in global SfM. In particular, we present two main contributions to visual SLAM. First, we solve the visual odometry problem by a novel rank-1 matrix factorization technique which is more robust to the errors in map initialization. Second, we adopt a recent global SfM method for the pose-graph optimization, which leads to a multi-stage linear formulation and enables L1 optimization for better robustness to false loops. The combination of these two approaches generates more robust reconstruction and is significantly faster (4X) than recent state-of-the-art SLAM systems. We also present a new dataset recorded with ground truth camera motion in a Vicon motion capture room, and compare our method to prior systems on it and established benchmark datasets.']"
58,93,58_captioning_image captioning_captions_image,"['captioning', 'image captioning', 'captions', 'image', 'caption', 'descriptions', 'attention', 'visual', 'mscoco', 'images']","['Watch What You Just Said: Image Captioning with Text-Conditional Attention. Attention mechanisms have attracted considerable interest in image captioning due to its powerful performance. However, existing methods use only visual content as attention and whether textual context can improve attention in image captioning remains unsolved. To explore this problem, we propose a novel attention mechanism, called \\textit{text-conditional attention}, which allows the caption generator to focus on certain image features given previously generated text. To obtain text-related image features for our attention model, we adopt the guiding Long Short-Term Memory (gLSTM) captioning architecture with CNN fine-tuning. Our proposed method allows joint learning of the image embedding, text embedding, text-conditional attention and language model with one network architecture in an end-to-end manner. We perform extensive experiments on the MS-COCO dataset. The experimental results show that our method outperforms state-of-the-art captioning methods on various quantitative metrics as well as in human evaluation, which supports the use of our text-conditional attention in image captioning.', 'Object Counts! Bringing Explicit Detections Back into Image Captioning. The use of explicit object detectors as an intermediate step to image captioning - which used to constitute an essential stage in early work - is often bypassed in the currently dominant end-to-end approaches, where the language model is conditioned directly on a mid-level image embedding. We argue that explicit detections provide rich semantic information, and can thus be used as an interpretable representation to better understand why end-to-end image captioning systems work well. We provide an in-depth analysis of end-to-end image captioning by exploring a variety of cues that can be derived from such object detections. Our study reveals that end-to-end image captioning systems rely on matching image representations to generate captions, and that encoding the frequency, size and position of objects are complementary and all play a role in forming a good image representation. It also reveals that different object categories contribute in different ways towards image captioning.', 'Unsupervised Image Captioning. Deep neural networks have achieved great successes on the image captioning task. However, most of the existing models depend heavily on paired image-sentence datasets, which are very expensive to acquire. In this paper, we make the first attempt to train an image captioning model in an unsupervised manner. Instead of relying on manually labeled image-sentence pairs, our proposed model merely requires an image set, a sentence corpus, and an existing visual concept detector. The sentence corpus is used to teach the captioning model how to generate plausible sentences. Meanwhile, the knowledge in the visual concept detector is distilled into the captioning model to guide the model to recognize the visual concepts in an image. In order to further encourage the generated captions to be semantically consistent with the image, the image and caption are projected into a common latent space so that they can reconstruct each other. Given that the existing sentence corpora are mainly designed for linguistic research and are thus with little reference to image contents, we crawl a large-scale image description corpus of two million natural sentences to facilitate the unsupervised image captioning scenario. Experimental results show that our proposed model is able to produce quite promising results without any caption annotations.']"
59,92,59_remote sensing_remote_sensing_satellite,"['remote sensing', 'remote', 'sensing', 'satellite', 'imagery', 'land', 'aerial', 'images', 'change detection', 'land cover']","['A framework for remote sensing images processing using deep learning technique. Deep learning techniques are becoming increasingly important to solve a number of image processing tasks. Among common algorithms, Convolutional Neural Networks and Recurrent Neural Networks based systems achieve state of the art results on satellite and aerial imagery in many applications. While these approaches are subject to scientific interest, there is currently no operational and generic implementation available at user-level for the remote sensing community. In this paper, we presents a framework enabling the use of deep learning techniques with remote sensing images and geospatial data. Our solution takes roots in two extensively used open-source libraries, the remote sensing image processing library Orfeo ToolBox, and the high performance numerical computation library TensorFlow. It can apply deep nets without restriction on images size and is computationally efficient, regardless hardware configuration.', 'A Remote Sensing Image Dataset for Cloud Removal. Cloud-based overlays are often present in optical remote sensing images, thus limiting the application of acquired data. Removing clouds is an indispensable pre-processing step in remote sensing image analysis. Deep learning has achieved great success in the field of remote sensing in recent years, including scene classification and change detection. However, deep learning is rarely applied in remote sensing image removal clouds. The reason is the lack of data sets for training neural networks. In order to solve this problem, this paper first proposed the Remote sensing Image Cloud rEmoving dataset (RICE). The proposed dataset consists of two parts: RICE1 contains 500 pairs of images, each pair has images with cloud and cloudless size of 512*512; RICE2 contains 450 sets of images, each set contains three 512*512 size images. , respectively, the reference picture without clouds, the picture of the cloud and the mask of its cloud. The dataset is freely available at \\url{https://github.com/BUPTLdy/RICE_DATASET}.', 'Remote Sensing Image Scene Classification Meets Deep Learning: Challenges, Methods, Benchmarks, and Opportunities. Remote sensing image scene classification, which aims at labeling remote sensing images with a set of semantic categories based on their contents, has broad applications in a range of fields. Propelled by the powerful feature learning capabilities of deep neural networks, remote sensing image scene classification driven by deep learning has drawn remarkable attention and achieved significant breakthroughs. However, to the best of our knowledge, a comprehensive review of recent achievements regarding deep learning for scene classification of remote sensing images is still lacking. Considering the rapid evolution of this field, this paper provides a systematic survey of deep learning methods for remote sensing image scene classification by covering more than 160 papers. To be specific, we discuss the main challenges of remote sensing image scene classification and survey (1) Autoencoder-based remote sensing image scene classification methods, (2) Convolutional Neural Network-based remote sensing image scene classification methods, and (3) Generative Adversarial Network-based remote sensing image scene classification methods. In addition, we introduce the benchmarks used for remote sensing image scene classification and summarize the performance of more than two dozen of representative algorithms on three commonly-used benchmark data sets. Finally, we discuss the promising opportunities for further research.']"
60,92,60_bounds_mixture_bound_generalization,"['bounds', 'mixture', 'bound', 'generalization', 'mixtures', 'sample', 'sampling', 'distributions', 'mcmc', 'complexity']","[""Near-optimal Sample Complexity Bounds for Robust Learning of Gaussians Mixtures via Compression Schemes. We prove that $\\tildeΘ(k d^2 / \\varepsilon^2)$ samples are necessary and sufficient for learning a mixture of $k$ Gaussians in $\\mathbb{R}^d$, up to error $\\varepsilon$ in total variation distance. This improves both the known upper bounds and lower bounds for this problem. For mixtures of axis-aligned Gaussians, we show that $\\tilde{O}(k d / \\varepsilon^2)$ samples suffice, matching a known lower bound. Moreover, these results hold in the agnostic-learning/robust-estimation setting as well, where the target distribution is only approximately a mixture of Gaussians.\n  The upper bound is shown using a novel technique for distribution learning based on a notion of `compression.' Any class of distributions that allows such a compression scheme can also be learned with few samples. Moreover, if a class of distributions has such a compression scheme, then so do the classes of products and mixtures of those distributions. The core of our main result is showing that the class of Gaussians in $\\mathbb{R}^d$ admits a small-sized compression scheme."", 'Generalization Error Bounds for Noisy, Iterative Algorithms. In statistical learning theory, generalization error is used to quantify the degree to which a supervised machine learning algorithm may overfit to training data. Recent work [Xu and Raginsky (2017)] has established a bound on the generalization error of empirical risk minimization based on the mutual information $I(S;W)$ between the algorithm input $S$ and the algorithm output $W$, when the loss function is sub-Gaussian. We leverage these results to derive generalization error bounds for a broad class of iterative algorithms that are characterized by bounded, noisy updates with Markovian structure. Our bounds are very general and are applicable to numerous settings of interest, including stochastic gradient Langevin dynamics (SGLD) and variants of the stochastic gradient Hamiltonian Monte Carlo (SGHMC) algorithm. Furthermore, our error bounds hold for any output function computed over the path of iterates, including the last iterate of the algorithm or the average of subsets of iterates, and also allow for non-uniform sampling of data in successive updates of the algorithm.', 'Statistical Query Lower Bounds for Robust Estimation of High-dimensional Gaussians and Gaussian Mixtures. We describe a general technique that yields the first {\\em Statistical Query lower bounds} for a range of fundamental high-dimensional learning problems involving Gaussian distributions. Our main results are for the problems of (1) learning Gaussian mixture models (GMMs), and (2) robust (agnostic) learning of a single unknown Gaussian distribution. For each of these problems, we show a {\\em super-polynomial gap} between the (information-theoretic) sample complexity and the computational complexity of {\\em any} Statistical Query algorithm for the problem. Our SQ lower bound for Problem (1) is qualitatively matched by known learning algorithms for GMMs. Our lower bound for Problem (2) implies that the accuracy of the robust learning algorithm in~\\cite{DiakonikolasKKLMS16} is essentially best possible among all polynomial-time SQ algorithms.\n  Our SQ lower bounds are attained via a unified moment-matching technique that is useful in other contexts and may be of broader interest. Our technique yields nearly-tight lower bounds for a number of related unsupervised estimation problems. Specifically, for the problems of (3) robust covariance estimation in spectral norm, and (4) robust sparse mean estimation, we establish a quadratic {\\em statistical--computational tradeoff} for SQ algorithms, matching known upper bounds. Finally, our technique can be used to obtain tight sample complexity lower bounds for high-dimensional {\\em testing} problems. Specifically, for the classical problem of robustly {\\em testing} an unknown mean (known covariance) Gaussian, our technique implies an information-theoretic sample lower bound that scales {\\em linearly} in the dimension. Our sample lower bound matches the sample complexity of the corresponding robust {\\em learning} problem and separates the sample complexity of robust testing from standard (non-robust) testing.']"
61,91,61_hashing_hash_codes_retrieval,"['hashing', 'hash', 'codes', 'retrieval', 'hashing methods', 'hash codes', 'binary', 'deep hashing', 'search', 'hamming']","[""Deep Reinforcement Learning for Image Hashing. Deep hashing methods have received much attention recently, which achieve promising results by taking advantage of the strong representation power of deep networks. However, most existing deep hashing methods learn a whole set of hashing functions independently, while ignore the correlations between different hashing functions that can promote the retrieval accuracy greatly. Inspired by the sequential decision ability of deep reinforcement learning, we propose a new Deep Reinforcement Learning approach for Image Hashing (DRLIH). Our proposed DRLIH approach models the hashing learning problem as a sequential decision process, which learns each hashing function by correcting the errors imposed by previous ones and promotes retrieval accuracy. To the best of our knowledge, this is the first work to address hashing problem from deep reinforcement learning perspective. The main contributions of our proposed DRLIH approach can be summarized as follows: (1) We propose a deep reinforcement learning hashing network. In the proposed network, we utilize recurrent neural network (RNN) as agents to model the hashing functions, which take actions of projecting images into binary codes sequentially, so that the current hashing function learning can take previous hashing functions' error into account. (2) We propose a sequential learning strategy based on proposed DRLIH. We define the state as a tuple of internal features of RNN's hidden layers and image features, which can reflect history decisions made by the agents. We also propose an action group method to enhance the correlation of hash functions in the same group. Experiments on three widely-used datasets demonstrate the effectiveness of our proposed DRLIH approach."", 'A Survey on Deep Hashing Methods. Nearest neighbor search aims to obtain the samples in the database with the smallest distances from them to the queries, which is a basic task in a range of fields, including computer vision and data mining. Hashing is one of the most widely used methods for its computational and storage efficiency. With the development of deep learning, deep hashing methods show more advantages than traditional methods. In this survey, we detailedly investigate current deep hashing algorithms including deep supervised hashing and deep unsupervised hashing. Specifically, we categorize deep supervised hashing methods into pairwise methods, ranking-based methods, pointwise methods as well as quantization according to how measuring the similarities of the learned hash codes. Moreover, deep unsupervised hashing is categorized into similarity reconstruction-based methods, pseudo-label-based methods and prediction-free self-supervised learning-based methods based on their semantic learning manners. We also introduce three related important topics including semi-supervised deep hashing, domain adaption deep hashing and multi-modal deep hashing. Meanwhile, we present some commonly used public datasets and the scheme to measure the performance of deep hashing algorithms. Finally, we discuss some potential research directions in conclusion.', 'Deep Supervised Hashing with Triplet Labels. Hashing is one of the most popular and powerful approximate nearest neighbor search techniques for large-scale image retrieval. Most traditional hashing methods first represent images as off-the-shelf visual features and then produce hashing codes in a separate stage. However, off-the-shelf visual features may not be optimally compatible with the hash code learning procedure, which may result in sub-optimal hash codes. Recently, deep hashing methods have been proposed to simultaneously learn image features and hash codes using deep neural networks and have shown superior performance over traditional hashing methods. Most deep hashing methods are given supervised information in the form of pairwise labels or triplet labels. The current state-of-the-art deep hashing method DPSH~\\cite{li2015feature}, which is based on pairwise labels, performs image feature learning and hash code learning simultaneously by maximizing the likelihood of pairwise similarities. Inspired by DPSH~\\cite{li2015feature}, we propose a triplet label based deep hashing method which aims to maximize the likelihood of the given triplet labels. Experimental results show that our method outperforms all the baselines on CIFAR-10 and NUS-WIDE datasets, including the state-of-the-art method DPSH~\\cite{li2015feature} and all the previous triplet label based deep hashing methods.']"
62,91,62_aspect_sentiment_reviews_sentiment analysis,"['aspect', 'sentiment', 'reviews', 'sentiment analysis', 'aspectbased', 'review', 'aspectbased sentiment', 'opinion', 'extraction', 'aspects']","['Aspect-Based Sentiment Analysis Using a Two-Step Neural Network Architecture. The World Wide Web holds a wealth of information in the form of unstructured texts such as customer reviews for products, events and more. By extracting and analyzing the expressed opinions in customer reviews in a fine-grained way, valuable opportunities and insights for customers and businesses can be gained. We propose a neural network based system to address the task of Aspect-Based Sentiment Analysis to compete in Task 2 of the ESWC-2016 Challenge on Semantic Sentiment Analysis. Our proposed architecture divides the task in two subtasks: aspect term extraction and aspect-specific sentiment extraction. This approach is flexible in that it allows to address each subtask independently. As a first step, a recurrent neural network is used to extract aspects from a text by framing the problem as a sequence labeling task. In a second step, a recurrent network processes each extracted aspect with respect to its context and predicts a sentiment label. The system uses pretrained semantic word embedding features which we experimentally enhance with semantic knowledge extracted from WordNet. Further features extracted from SenticNet prove to be beneficial for the extraction of sentiment labels. As the best performing system in its category, our proposed system proves to be an effective approach for the Aspect-Based Sentiment Analysis.', ""A Position Aware Decay Weighted Network for Aspect based Sentiment Analysis. Aspect Based Sentiment Analysis (ABSA) is the task of identifying sentiment polarity of a text given another text segment or aspect. In ABSA, a text can have multiple sentiments depending upon each aspect. Aspect Term Sentiment Analysis (ATSA) is a subtask of ABSA, in which aspect terms are contained within the given sentence. Most of the existing approaches proposed for ATSA, incorporate aspect information through a different subnetwork thereby overlooking the advantage of aspect terms' presence within the sentence. In this paper, we propose a model that leverages the positional information of the aspect. The proposed model introduces a decay mechanism based on position. This decay function mandates the contribution of input words for ABSA. The contribution of a word declines as farther it is positioned from the aspect terms in the sentence. The performance is measured on two standard datasets from SemEval 2014 Task 4. In comparison with recent architectures, the effectiveness of the proposed model is demonstrated."", 'Aspect Sentiment Model for Micro Reviews. This paper aims at an aspect sentiment model for aspect-based sentiment analysis (ABSA) focused on micro reviews. This task is important in order to understand short reviews majority of the users write, while existing topic models are targeted for expert-level long reviews with sufficient co-occurrence patterns to observe. Current methods on aggregating micro reviews using metadata information may not be effective as well due to metadata absence, topical heterogeneity, and cold start problems. To this end, we propose a model called Micro Aspect Sentiment Model (MicroASM). MicroASM is based on the observation that short reviews 1) are viewed with sentiment-aspect word pairs as building blocks of information, and 2) can be clustered into larger reviews. When compared to the current state-of-the-art aspect sentiment models, experiments show that our model provides better performance on aspect-level tasks such as aspect term extraction and document-level tasks such as sentiment classification.']"
63,90,63_face_face recognition_recognition_faces,"['face', 'face recognition', 'recognition', 'faces', 'facial', '3d face', '3d', 'loss', 'face images', 'images']","['Disentangling Features in 3D Face Shapes for Joint Face Reconstruction and Recognition. This paper proposes an encoder-decoder network to disentangle shape features during 3D face reconstruction from single 2D images, such that the tasks of reconstructing accurate 3D face shapes and learning discriminative shape features for face recognition can be accomplished simultaneously. Unlike existing 3D face reconstruction methods, our proposed method directly regresses dense 3D face shapes from single 2D images, and tackles identity and residual (i.e., non-identity) components in 3D face shapes explicitly and separately based on a composite 3D face shape model with latent representations. We devise a training process for the proposed network with a joint loss measuring both face identification error and 3D face shape reconstruction error. To construct training data we develop a method for fitting 3D morphable model (3DMM) to multiple 2D images of a subject. Comprehensive experiments have been done on MICC, BU3DFE, LFW and YTF databases. The results show that our method expands the capacity of 3DMM for capturing discriminative shape features and facial detail, and thus outperforms existing methods both in 3D face reconstruction accuracy and in face recognition accuracy.', ""Face Recognition Machine Vision System Using Eigenfaces. Face Recognition is a common problem in Machine Learning. This technology has already been widely used in our lives. For example, Facebook can automatically tag people's faces in images, and also some mobile devices use face recognition to protect private security. Face images comes with different background, variant illumination, different facial expression and occlusion. There are a large number of approaches for the face recognition. Different approaches for face recognition have been experimented with specific databases which consist of single type, format and composition of image. Doing so, these approaches don't suit with different face databases. One of the basic face recognition techniques is eigenface which is quite simple, efficient, and yields generally good results in controlled circumstances. So, this paper presents an experimental performance comparison of face recognition using Principal Component Analysis (PCA) and Normalized Principal Component Analysis (NPCA). The experiments are carried out on the ORL (ATT) and Indian face database (IFD) which contain variability in expression, pose, and facial details. The results obtained for the two methods have been compared by varying the number of training images. MATLAB is used for implementing algorithms also."", 'Deep 3D Face Identification. We propose a novel 3D face recognition algorithm using a deep convolutional neural network (DCNN) and a 3D augmentation technique. The performance of 2D face recognition algorithms has significantly increased by leveraging the representational power of deep neural networks and the use of large-scale labeled training data. As opposed to 2D face recognition, training discriminative deep features for 3D face recognition is very difficult due to the lack of large-scale 3D face datasets. In this paper, we show that transfer learning from a CNN trained on 2D face images can effectively work for 3D face recognition by fine-tuning the CNN with a relatively small number of 3D facial scans. We also propose a 3D face augmentation technique which synthesizes a number of different facial expressions from a single 3D face scan. Our proposed method shows excellent recognition results on Bosphorus, BU-3DFE, and 3D-TEC datasets, without using hand-crafted features. The 3D identification using our deep features also scales well for large databases.']"
64,89,64_matrix_factorization_matrix factorization_lowrank,"['matrix', 'factorization', 'matrix factorization', 'lowrank', 'matrix completion', 'rank', 'nonnegative matrix', 'nonnegative', 'lowrank matrix', 'matrices']","['Structured Low-Rank Matrix Factorization: Global Optimality, Algorithms, and Applications. Recently, convex formulations of low-rank matrix factorization problems have received considerable attention in machine learning. However, such formulations often require solving for a matrix of the size of the data matrix, making it challenging to apply them to large scale datasets. Moreover, in many applications the data can display structures beyond simply being low-rank, e.g., images and videos present complex spatio-temporal structures that are largely ignored by standard low-rank methods. In this paper we study a matrix factorization technique that is suitable for large datasets and captures additional structure in the factors by using a particular form of regularization that includes well-known regularizers such as total variation and the nuclear norm as particular cases. Although the resulting optimization problem is non-convex, we show that if the size of the factors is large enough, under certain conditions, any local minimizer for the factors yields a global minimizer. A few practical algorithms are also provided to solve the matrix factorization problem, and bounds on the distance from a given approximate solution of the optimization problem to the global optimum are derived. Examples in neural calcium imaging video segmentation and hyperspectral compressed recovery show the advantages of our approach on high-dimensional datasets.', 'Fast Low-Rank Bayesian Matrix Completion with Hierarchical Gaussian Prior Models. The problem of low rank matrix completion is considered in this paper. To exploit the underlying low-rank structure of the data matrix, we propose a hierarchical Gaussian prior model, where columns of the low-rank matrix are assumed to follow a Gaussian distribution with zero mean and a common precision matrix, and a Wishart distribution is specified as a hyperprior over the precision matrix. We show that such a hierarchical Gaussian prior has the potential to encourage a low-rank solution. Based on the proposed hierarchical prior model, a variational Bayesian method is developed for matrix completion, where the generalized approximate massage passing (GAMP) technique is embedded into the variational Bayesian inference in order to circumvent cumbersome matrix inverse operations. Simulation results show that our proposed method demonstrates superiority over existing state-of-the-art matrix completion methods.', 'Targeted matrix completion. Matrix completion is a problem that arises in many data-analysis settings where the input consists of a partially-observed matrix (e.g., recommender systems, traffic matrix analysis etc.). Classical approaches to matrix completion assume that the input partially-observed matrix is low rank. The success of these methods depends on the number of observed entries and the rank of the matrix; the larger the rank, the more entries need to be observed in order to accurately complete the matrix. In this paper, we deal with matrices that are not necessarily low rank themselves, but rather they contain low-rank submatrices. We propose Targeted, which is a general framework for completing such matrices. In this framework, we first extract the low-rank submatrices and then apply a matrix-completion algorithm to these low-rank submatrices as well as the remainder matrix separately. Although for the completion itself we use state-of-the-art completion methods, our results demonstrate that Targeted achieves significantly smaller reconstruction errors than other classical matrix-completion methods. One of the key technical contributions of the paper lies in the identification of the low-rank submatrices from the input partially-observed matrices.']"
65,89,65_hate_hate speech_offensive_speech,"['hate', 'hate speech', 'offensive', 'speech', 'social', 'media', 'social media', 'toxic', 'abusive', 'speech detection']","['Surfacing contextual hate speech words within social media. Social media platforms have recently seen an increase in the occurrence of hate speech discourse which has led to calls for improved detection methods. Most of these rely on annotated data, keywords, and a classification technique. While this approach provides good coverage, it can fall short when dealing with new terms produced by online extremist communities which act as original sources of words which have alternate hate speech meanings. These code words (which can be both created and adopted words) are designed to evade automatic detection and often have benign meanings in regular discourse. As an example, ""skypes"", ""googles"", and ""yahoos"" are all instances of words which have an alternate meaning that can be used for hate speech. This overlap introduces additional challenges when relying on keywords for both the collection of data that is specific to hate speech, and downstream classification. In this work, we develop a community detection approach for finding extremist hate speech communities and collecting data from their members. We also develop a word embedding model that learns the alternate hate speech meaning of words and demonstrate the candidacy of our code words with several annotation experiments, designed to determine if it is possible to recognize a word as being used for hate speech without knowing its alternate meaning. We report an inter-annotator agreement rate of K=0.871, and K=0.676 for data drawn from our extremist community and the keyword approach respectively, supporting our claim that hate speech detection is a contextual task and does not depend on a fixed list of keywords. Our goal is to advance the domain by providing a high quality hate speech dataset in addition to learned code words that can be fed into existing classification approaches, thus improving the accuracy of automated detection.', 'Hate Lingo: A Target-based Linguistic Analysis of Hate Speech in Social Media. While social media empowers freedom of expression and individual voices, it also enables anti-social behavior, online harassment, cyberbullying, and hate speech. In this paper, we deepen our understanding of online hate speech by focusing on a largely neglected but crucial aspect of hate speech -- its target: either ""directed"" towards a specific person or entity, or ""generalized"" towards a group of people sharing a common protected characteristic. We perform the first linguistic and psycholinguistic analysis of these two forms of hate speech and reveal the presence of interesting markers that distinguish these types of hate speech. Our analysis reveals that Directed hate speech, in addition to being more personal and directed, is more informal, angrier, and often explicitly attacks the target (via name calling) with fewer analytic words and more words suggesting authority and influence. Generalized hate speech, on the other hand, is dominated by religious hate, is characterized by the use of lethal words such as murder, exterminate, and kill; and quantity words such as million and many. Altogether, our work provides a data-driven analysis of the nuances of online-hate speech that enables not only a deepened understanding of hate speech and its social implications but also its detection.', 'Automated Hate Speech Detection and the Problem of Offensive Language. A key challenge for automatic hate-speech detection on social media is the separation of hate speech from other instances of offensive language. Lexical detection methods tend to have low precision because they classify all messages containing particular terms as hate speech and previous work using supervised learning has failed to distinguish between the two categories. We used a crowd-sourced hate speech lexicon to collect tweets containing hate speech keywords. We use crowd-sourcing to label a sample of these tweets into three categories: those containing hate speech, only offensive language, and those with neither. We train a multi-class classifier to distinguish between these different categories. Close analysis of the predictions and the errors shows when we can reliably separate hate speech from other offensive language and when this differentiation is more difficult. We find that racist and homophobic tweets are more likely to be classified as hate speech but that sexist tweets are generally classified as offensive. Tweets without explicit hate keywords are also more difficult to classify.']"
66,89,66_music_poetry_musical_lyrics,"['music', 'poetry', 'musical', 'lyrics', 'poems', 'generation', 'chinese', 'melody', 'poem', 'song']","[""A Categorical Approach for Recognizing Emotional Effects of Music. Recently, digital music libraries have been developed and can be plainly accessed. Latest research showed that current organization and retrieval of music tracks based on album information are inefficient. Moreover, they demonstrated that people use emotion tags for music tracks in order to search and retrieve them. In this paper, we discuss separability of a set of emotional labels, proposed in the categorical emotion expression, using Fisher's separation theorem. We determine a set of adjectives to tag music parts: happy, sad, relaxing, exciting, epic and thriller. Temporal, frequency and energy features have been extracted from the music parts. It could be seen that the maximum separability within the extracted features occurs between relaxing and epic music parts. Finally, we have trained a classifier using Support Vector Machines to automatically recognize and generate emotional labels for a music part. Accuracy for recognizing each label has been calculated; where the results show that epic music can be recognized more accurately (77.4%), comparing to the other types of music."", 'The Wiki Music dataset: A tool for computational analysis of popular music. Is it possible use algorithms to find trends in the history of popular music? And is it possible to predict the characteristics of future music genres? In order to answer these questions, we produced a hand-crafted dataset with the intent to put together features about style, psychology, sociology and typology, annotated by music genre and indexed by time and decade. We collected a list of popular genres by decade from Wikipedia and scored music genres based on Wikipedia descriptions. Using statistical and machine learning techniques, we find trends in the musical preferences and use time series forecasting to evaluate the prediction of future music genres.', 'Composing Music with Grammar Argumented Neural Networks and Note-Level Encoding. Creating aesthetically pleasing pieces of art, including music, has been a long-term goal for artificial intelligence research. Despite recent successes of long-short term memory (LSTM) recurrent neural networks (RNNs) in sequential learning, LSTM neural networks have not, by themselves, been able to generate natural-sounding music conforming to music theory. To transcend this inadequacy, we put forward a novel method for music composition that combines the LSTM with Grammars motivated by music theory. The main tenets of music theory are encoded as grammar argumented (GA) filters on the training data, such that the machine can be trained to generate music inheriting the naturalness of human-composed pieces from the original dataset while adhering to the rules of music theory. Unlike previous approaches, pitches and durations are encoded as one semantic entity, which we refer to as note-level encoding. This allows easy implementation of music theory grammars, as well as closer emulation of the thinking pattern of a musician. Although the GA rules are applied to the training data and never directly to the LSTM music generation, our machine still composes music that possess high incidences of diatonic scale notes, small pitch intervals and chords, in deference to music theory.']"
67,87,67_recommendation_recommender_items_user,"['recommendation', 'recommender', 'items', 'user', 'users', 'recommender systems', 'collaborative', 'recommendations', 'item', 'collaborative filtering']","[""The Sample Complexity of Online One-Class Collaborative Filtering. We consider the online one-class collaborative filtering (CF) problem that consists of recommending items to users over time in an online fashion based on positive ratings only. This problem arises when users respond only occasionally to a recommendation with a positive rating, and never with a negative one. We study the impact of the probability of a user responding to a recommendation, p_f, on the sample complexity, i.e., the number of ratings required to make `good' recommendations, and ask whether receiving positive and negative ratings, instead of positive ratings only, improves the sample complexity. Both questions arise in the design of recommender systems. We introduce a simple probabilistic user model, and analyze the performance of an online user-based CF algorithm. We prove that after an initial cold start phase, where recommendations are invested in exploring the user's preferences, this algorithm makes---up to a fraction of the recommendations required for updating the user's preferences---perfect recommendations. The number of ratings required for the cold start phase is nearly proportional to 1/p_f, and that for updating the user's preferences is essentially independent of p_f. As a consequence we find that, receiving positive and negative ratings instead of only positive ones improves the number of ratings required for initial exploration by a factor of 1/p_f, which can be significant."", 'Is Simple Better? Revisiting Non-linear Matrix Factorization for Learning Incomplete Ratings. Matrix factorization techniques have been widely used as a method for collaborative filtering for recommender systems. In recent times, different variants of deep learning algorithms have been explored in this setting to improve the task of making a personalized recommendation with user-item interaction data. The idea that the mapping between the latent user or item factors and the original features is highly nonlinear suggest that classical matrix factorization techniques are no longer sufficient. In this paper, we propose a multilayer nonlinear semi-nonnegative matrix factorization method, with the motivation that user-item interactions can be modeled more accurately using a linear combination of non-linear item features. Firstly, we learn latent factors for representations of users and items from the designed multilayer nonlinear Semi-NMF approach using explicit ratings. Secondly, the architecture built is compared with deep-learning algorithms like Restricted Boltzmann Machine and state-of-the-art Deep Matrix factorization techniques. By using both supervised rate prediction task and unsupervised clustering in latent item space, we demonstrate that our proposed approach achieves better generalization ability in prediction as well as comparable representation ability as deep matrix factorization in the clustering task.', ""Deep Reinforcement Learning for List-wise Recommendations. Recommender systems play a crucial role in mitigating the problem of information overload by suggesting users' personalized items or services. The vast majority of traditional recommender systems consider the recommendation procedure as a static process and make recommendations following a fixed strategy. In this paper, we propose a novel recommender system with the capability of continuously improving its strategies during the interactions with users. We model the sequential interactions between users and a recommender system as a Markov Decision Process (MDP) and leverage Reinforcement Learning (RL) to automatically learn the optimal strategies via recommending trial-and-error items and receiving reinforcements of these items from users' feedbacks. In particular, we introduce an online user-agent interacting environment simulator, which can pre-train and evaluate model parameters offline before applying the model online. Moreover, we validate the importance of list-wise recommendations during the interactions between users and agent, and develop a novel approach to incorporate them into the proposed framework LIRD for list-wide recommendations. The experimental results based on a real-world e-commerce dataset demonstrate the effectiveness of the proposed framework.""]"
68,86,68_generation_nlg_text generation_language generation,"['generation', 'nlg', 'text generation', 'language generation', 'text', 'datatotext', 'metrics', 'natural language', 'content', 'language']","['Survey of the State of the Art in Natural Language Generation: Core tasks, applications and evaluation. This paper surveys the current state of the art in Natural Language Generation (NLG), defined as the task of generating text or speech from non-linguistic input. A survey of NLG is timely in view of the changes that the field has undergone over the past decade or so, especially in relation to new (usually data-driven) methods, as well as new applications of NLG technology. This survey therefore aims to (a) give an up-to-date synthesis of research on the core tasks in NLG and the architectures adopted in which such tasks are organised; (b) highlight a number of relatively recent research topics that have arisen partly as a result of growing synergies between NLG and other areas of artificial intelligence; (c) draw attention to the challenges in NLG evaluation, relating them to similar challenges faced in other areas of Natural Language Processing, with an emphasis on different evaluation methods and the relationships between them.', 'Order-Planning Neural Text Generation From Structured Data. Generating texts from structured data (e.g., a table) is important for various natural language processing tasks such as question answering and dialog systems. In recent studies, researchers use neural language models and encoder-decoder frameworks for table-to-text generation. However, these neural network-based approaches do not model the order of contents during text generation. When a human writes a summary based on a given table, he or she would probably consider the content order before wording. In a biography, for example, the nationality of a person is typically mentioned before occupation in a biography. In this paper, we propose an order-planning text generation model to capture the relationship between different fields and use such relationship to make the generated text more fluent and smooth. We conducted experiments on the WikiBio dataset and achieve significantly higher performance than previous methods in terms of BLEU, ROUGE, and NIST scores.', ""On conducting better validation studies of automatic metrics in natural language generation evaluation. Natural language generation (NLG) has received increasing attention, which has highlighted evaluation as a central methodological concern. Since human evaluations for these systems are costly, automatic metrics have broad appeal in NLG. Research in language generation often finds situations where it is appropriate to apply existing metrics or propose new ones. The application of these metrics are entirely dependent on validation studies - studies that determine a metric's correlation to human judgment. However, there are many details and considerations in conducting strong validation studies. This document is intended for those validating existing metrics or proposing new ones in the broad context of NLG: we 1) begin with a write-up of best practices in validation studies, 2) outline how to adopt these practices, 3) conduct analyses in the WMT'17 metrics shared task\\footnote{Our jupyter notebook containing the analyses is available at \\url{https://github.com}}, and 4) highlight promising approaches to NLG metrics 5) conclude with our opinions on the future of this area.""]"
69,86,69_lidar_3d_3d object_point,"['lidar', '3d', '3d object', 'point', 'object detection', 'point clouds', 'clouds', 'object', 'detection', 'point cloud']","[""Deep Hough Voting for 3D Object Detection in Point Clouds. Current 3D object detection methods are heavily influenced by 2D detectors. In order to leverage architectures in 2D detectors, they often convert 3D point clouds to regular grids (i.e., to voxel grids or to bird's eye view images), or rely on detection in 2D images to propose 3D boxes. Few works have attempted to directly detect objects in point clouds. In this work, we return to first principles to construct a 3D detection pipeline for point cloud data and as generic as possible. However, due to the sparse nature of the data -- samples from 2D manifolds in 3D space -- we face a major challenge when directly predicting bounding box parameters from scene points: a 3D object centroid can be far from any surface point thus hard to regress accurately in one step. To address the challenge, we propose VoteNet, an end-to-end 3D object detection network based on a synergy of deep point set networks and Hough voting. Our model achieves state-of-the-art 3D detection on two large datasets of real 3D scans, ScanNet and SUN RGB-D with a simple design, compact model size and high efficiency. Remarkably, VoteNet outperforms previous methods by using purely geometric information without relying on color images."", 'RoarNet: A Robust 3D Object Detection based on RegiOn Approximation Refinement. We present RoarNet, a new approach for 3D object detection from a 2D image and 3D Lidar point clouds. Based on two-stage object detection framework with PointNet as our backbone network, we suggest several novel ideas to improve 3D object detection performance. The first part of our method, RoarNet_2D, estimates the 3D poses of objects from a monocular image, which approximates where to examine further, and derives multiple candidates that are geometrically feasible. This step significantly narrows down feasible 3D regions, which otherwise requires demanding processing of 3D point clouds in a huge search space. Then the second part, RoarNet_3D, takes the candidate regions and conducts in-depth inferences to conclude final poses in a recursive manner. Inspired by PointNet, RoarNet_3D processes 3D point clouds directly without any loss of data, leading to precise detection. We evaluate our method in KITTI, a 3D object detection benchmark. Our result shows that RoarNet has superior performance to state-of-the-art methods that are publicly available. Remarkably, RoarNet also outperforms state-of-the-art methods even in settings where Lidar and camera are not time synchronized, which is practically important for actual driving environments. RoarNet is implemented in Tensorflow and publicly available with pre-trained models.', ""Multi-View 3D Object Detection Network for Autonomous Driving. This paper aims at high-accuracy 3D object detection in autonomous driving scenario. We propose Multi-View 3D networks (MV3D), a sensory-fusion framework that takes both LIDAR point cloud and RGB images as input and predicts oriented 3D bounding boxes. We encode the sparse 3D point cloud with a compact multi-view representation. The network is composed of two subnetworks: one for 3D object proposal generation and another for multi-view feature fusion. The proposal network generates 3D candidate boxes efficiently from the bird's eye view representation of 3D point cloud. We design a deep fusion scheme to combine region-wise features from multiple views and enable interactions between intermediate layers of different paths. Experiments on the challenging KITTI benchmark show that our approach outperforms the state-of-the-art by around 25% and 30% AP on the tasks of 3D localization and 3D detection. In addition, for 2D detection, our approach obtains 10.3% higher AP than the state-of-the-art on the hard data among the LIDAR-based methods.""]"
70,85,70_latent_variational_vae_generative,"['latent', 'variational', 'vae', 'generative', 'autoencoders', 'autoencoder', 'generative models', 'posterior', 'vaes', 'variational autoencoders']","['Preventing Posterior Collapse with Levenshtein Variational Autoencoder. Variational autoencoders (VAEs) are a standard framework for inducing latent variable models that have been shown effective in learning text representations as well as in text generation. The key challenge with using VAEs is the {\\it posterior collapse} problem: learning tends to converge to trivial solutions where the generators ignore latent variables. In our Levenstein VAE, we propose to replace the evidence lower bound (ELBO) with a new objective which is simple to optimize and prevents posterior collapse. Intuitively, it corresponds to generating a sequence from the autoencoder and encouraging the model to predict an optimal continuation according to the Levenshtein distance (LD) with the reference sentence at each time step in the generated sequence. We motivate the method from the probabilistic perspective by showing that it is closely related to optimizing a bound on the intractable Kullback-Leibler divergence of an LD-based kernel density estimator from the model distribution. With this objective, any generator disregarding latent variables will incur large penalties and hence posterior collapse does not happen. We relate our approach to policy distillation \\cite{RossGB11} and dynamic oracles \\cite{GoldbergN12}. By considering Yelp and SNLI benchmarks, we show that Levenstein VAE produces more informative latent representations than alternative approaches to preventing posterior collapse.', 'Characterizing and Avoiding Problematic Global Optima of Variational Autoencoders. Variational Auto-encoders (VAEs) are deep generative latent variable models consisting of two components: a generative model that captures a data distribution p(x) by transforming a distribution p(z) over latent space, and an inference model that infers likely latent codes for each data point (Kingma and Welling, 2013). Recent work shows that traditional training methods tend to yield solutions that violate modeling desiderata: (1) the learned generative model captures the observed data distribution but does so while ignoring the latent codes, resulting in codes that do not represent the data (e.g. van den Oord et al. (2017); Kim et al. (2018)); (2) the aggregate of the learned latent codes does not match the prior p(z). This mismatch means that the learned generative model will be unable to generate realistic data with samples from p(z)(e.g. Makhzani et al. (2015); Tomczak and Welling (2017)). In this paper, we demonstrate that both issues stem from the fact that the global optima of the VAE training objective often correspond to undesirable solutions. Our analysis builds on two observations: (1) the generative model is unidentifiable - there exist many generative models that explain the data equally well, each with different (and potentially unwanted) properties and (2) bias in the VAE objective - the VAE objective may prefer generative models that explain the data poorly but have posteriors that are easy to approximate. We present a novel inference method, LiBI, mitigating the problems identified in our analysis. On synthetic datasets, we show that LiBI can learn generative models that capture the data distribution and inference models that better satisfy modeling assumptions when traditional methods struggle to do so.', 'Adversarial Variational Bayes: Unifying Variational Autoencoders and Generative Adversarial Networks. Variational Autoencoders (VAEs) are expressive latent variable models that can be used to learn complex probability distributions from training data. However, the quality of the resulting model crucially relies on the expressiveness of the inference model. We introduce Adversarial Variational Bayes (AVB), a technique for training Variational Autoencoders with arbitrarily expressive inference models. We achieve this by introducing an auxiliary discriminative network that allows to rephrase the maximum-likelihood-problem as a two-player game, hence establishing a principled connection between VAEs and Generative Adversarial Networks (GANs). We show that in the nonparametric limit our method yields an exact maximum-likelihood assignment for the parameters of the generative model, as well as the exact posterior distribution over the latent variables given an observation. Contrary to competing approaches which combine VAEs with GANs, our approach has a clear theoretical justification, retains most advantages of standard Variational Autoencoders and is easy to implement.']"
71,85,71_labels_label_noise_label noise,"['labels', 'label', 'noise', 'label noise', 'semisupervised', 'noisy labels', 'semisupervised learning', 'ssl', 'noisy', 'unlabeled']","['Deep learning with noisy labels: exploring techniques and remedies in medical image analysis. Supervised training of deep learning models requires large labeled datasets. There is a growing interest in obtaining such datasets for medical image analysis applications. However, the impact of label noise has not received sufficient attention. Recent studies have shown that label noise can significantly impact the performance of deep learning models in many machine learning and computer vision applications. This is especially concerning for medical applications, where datasets are typically small, labeling requires domain expertise and suffers from high inter- and intra-observer variability, and erroneous predictions may influence decisions that directly impact human health. In this paper, we first review the state-of-the-art in handling label noise in deep learning. Then, we review studies that have dealt with label noise in deep learning for medical image analysis. Our review shows that recent progress on handling label noise in deep learning has gone largely unnoticed by the medical image analysis community. To help achieve a better understanding of the extent of the problem and its potential remedies, we conducted experiments with three medical imaging datasets with different types of label noise, where we investigated several existing strategies and developed new methods to combat the negative effect of label noise. Based on the results of these experiments and our review of the literature, we have made recommendations on methods that can be used to alleviate the effects of different types of label noise on deep models trained for medical image analysis. We hope that this article helps the medical image analysis researchers and developers in choosing and devising new techniques that effectively handle label noise in deep learning.', 'Beyond Synthetic Noise: Deep Learning on Controlled Noisy Labels. Performing controlled experiments on noisy data is essential in understanding deep learning across noise levels. Due to the lack of suitable datasets, previous research has only examined deep learning on controlled synthetic label noise, and real-world label noise has never been studied in a controlled setting. This paper makes three contributions. First, we establish the first benchmark of controlled real-world label noise from the web. This new benchmark enables us to study the web label noise in a controlled setting for the first time. The second contribution is a simple but effective method to overcome both synthetic and real noisy labels. We show that our method achieves the best result on our dataset as well as on two public benchmarks (CIFAR and WebVision). Third, we conduct the largest study by far into understanding deep neural networks trained on noisy labels across different noise levels, noise types, network architectures, and training settings. The data and code are released at the following link: http://www.lujiang.info/cnlw.html', 'Image Classification with Deep Learning in the Presence of Noisy Labels: A Survey. Image classification systems recently made a giant leap with the advancement of deep neural networks. However, these systems require an excessive amount of labeled data to be adequately trained. Gathering a correctly annotated dataset is not always feasible due to several factors, such as the expensiveness of the labeling process or difficulty of correctly classifying data, even for the experts. Because of these practical challenges, label noise is a common problem in real-world datasets, and numerous methods to train deep neural networks with label noise are proposed in the literature. Although deep neural networks are known to be relatively robust to label noise, their tendency to overfit data makes them vulnerable to memorizing even random noise. Therefore, it is crucial to consider the existence of label noise and develop counter algorithms to fade away its adverse effects to train deep neural networks efficiently. Even though an extensive survey of machine learning techniques under label noise exists, the literature lacks a comprehensive survey of methodologies centered explicitly around deep learning in the presence of noisy labels. This paper aims to present these algorithms while categorizing them into one of the two subgroups: noise model based and noise model free methods. Algorithms in the first group aim to estimate the noise structure and use this information to avoid the adverse effects of noisy labels. Differently, methods in the second group try to come up with inherently noise robust algorithms by using approaches like robust losses, regularizers or other learning paradigms.']"
72,84,72_topic_topics_topic models_topic modeling,"['topic', 'topics', 'topic models', 'topic modeling', 'topic model', 'documents', 'dirichlet', 'latent', 'document', 'lda']","['HiTR: Hierarchical Topic Model Re-estimation for Measuring Topical Diversity of Documents. A high degree of topical diversity is often considered to be an important characteristic of interesting text documents. A recent proposal for measuring topical diversity identifies three distributions for assessing the diversity of documents: distributions of words within documents, words within topics, and topics within documents. Topic models play a central role in this approach and, hence, their quality is crucial to the efficacy of measuring topical diversity. The quality of topic models is affected by two causes: generality and impurity of topics. General topics only include common information of a background corpus and are assigned to most of the documents. Impure topics contain words that are not related to the topic. Impurity lowers the interpretability of topic models. Impure topics are likely to get assigned to documents erroneously. We propose a hierarchical re-estimation process aimed at removing generality and impurity. Our approach has three re-estimation components: (1) document re-estimation, which removes general words from the documents; (2) topic re-estimation, which re-estimates the distribution over words of each topic; and (3) topic assignment re-estimation, which re-estimates for each document its distributions over topics. For measuring topical diversity of text documents, our HiTR approach improves over the state-of-the-art measured on PubMed dataset.', ""Familia: A Configurable Topic Modeling Framework for Industrial Text Engineering. In the last decade, a variety of topic models have been proposed for text engineering. However, except Probabilistic Latent Semantic Analysis (PLSA) and Latent Dirichlet Allocation (LDA), most of existing topic models are seldom applied or considered in industrial scenarios. This phenomenon is caused by the fact that there are very few convenient tools to support these topic models so far. Intimidated by the demanding expertise and labor of designing and implementing parameter inference algorithms, software engineers are prone to simply resort to PLSA/LDA, without considering whether it is proper for their problem at hand or not. In this paper, we propose a configurable topic modeling framework named Familia, in order to bridge the huge gap between academic research fruits and current industrial practice. Familia supports an important line of topic models that are widely applicable in text engineering scenarios. In order to relieve burdens of software engineers without knowledge of Bayesian networks, Familia is able to conduct automatic parameter inference for a variety of topic models. Simply through changing the data organization of Familia, software engineers are able to easily explore a broad spectrum of existing topic models or even design their own topic models, and find the one that best suits the problem at hand. With its superior extendability, Familia has a novel sampling mechanism that strikes balance between effectiveness and efficiency of parameter inference. Furthermore, Familia is essentially a big topic modeling framework that supports parallel parameter inference and distributed parameter storage. The utilities and necessity of Familia are demonstrated in real-life industrial applications. Familia would significantly enlarge software engineers' arsenal of topic models and pave the way for utilizing highly customized topic models in real-life problems."", 'Source-LDA: Enhancing probabilistic topic models using prior knowledge sources. A popular approach to topic modeling involves extracting co-occurring n-grams of a corpus into semantic themes. The set of n-grams in a theme represents an underlying topic, but most topic modeling approaches are not able to label these sets of words with a single n-gram. Such labels are useful for topic identification in summarization systems. This paper introduces a novel approach to labeling a group of n-grams comprising an individual topic. The approach taken is to complement the existing topic distributions over words with a known distribution based on a predefined set of topics. This is done by integrating existing labeled knowledge sources representing known potential topics into the probabilistic topic model. These knowledge sources are translated into a distribution and used to set the hyperparameters of the Dirichlet generated distribution over words. In the inference these modified distributions guide the convergence of the latent topics to conform with the complementary distributions. This approach ensures that the topic inference process is consistent with existing knowledge. The label assignment from the complementary knowledge sources are then transferred to the latent topics of the corpus. The results show both accurate label assignment to topics as well as improved topic generation than those obtained using various labeling approaches based off Latent Dirichlet allocation (LDA).']"
73,84,73_pruning_compression_sparsity_pruned,"['pruning', 'compression', 'sparsity', 'pruned', 'filters', 'channel', 'network pruning', 'network', 'filter', 'channel pruning']","[""Investigating Channel Pruning through Structural Redundancy Reduction -- A Statistical Study. Most existing channel pruning methods formulate the pruning task from a perspective of inefficiency reduction which iteratively rank and remove the least important filters, or find the set of filters that minimizes some reconstruction errors after pruning. In this work, we investigate the channel pruning from a new perspective with statistical modeling. We hypothesize that the number of filters at a certain layer reflects the level of 'redundancy' in that layer and thus formulate the pruning problem from the aspect of redundancy reduction. Based on both theoretic analysis and empirical studies, we make an important discovery: randomly pruning filters from layers of high redundancy outperforms pruning the least important filters across all layers based on the state-of-the-art ranking criterion. These results advance our understanding of pruning and further testify to the recent findings that the structure of the pruned model plays a key role in the network efficiency as compared to inherited weights."", 'On Iterative Neural Network Pruning, Reinitialization, and the Similarity of Masks. We examine how recently documented, fundamental phenomena in deep learning models subject to pruning are affected by changes in the pruning procedure. Specifically, we analyze differences in the connectivity structure and learning dynamics of pruned models found through a set of common iterative pruning techniques, to address questions of uniqueness of trainable, high-sparsity sub-networks, and their dependence on the chosen pruning method. In convolutional layers, we document the emergence of structure induced by magnitude-based unstructured pruning in conjunction with weight rewinding that resembles the effects of structured pruning. We also show empirical evidence that weight stability can be automatically achieved through apposite pruning techniques.', 'Pruning Filters while Training for Efficiently Optimizing Deep Learning Networks. Modern deep networks have millions to billions of parameters, which leads to high memory and energy requirements during training as well as during inference on resource-constrained edge devices. Consequently, pruning techniques have been proposed that remove less significant weights in deep networks, thereby reducing their memory and computational requirements. Pruning is usually performed after training the original network, and is followed by further retraining to compensate for the accuracy loss incurred during pruning. The prune-and-retrain procedure is repeated iteratively until an optimum tradeoff between accuracy and efficiency is reached. However, such iterative retraining adds to the overall training complexity of the network. In this work, we propose a dynamic pruning-while-training procedure, wherein we prune filters of the convolutional layers of a deep network during training itself, thereby precluding the need for separate retraining. We evaluate our dynamic pruning-while-training approach with three different pre-existing pruning strategies, viz. mean activation-based pruning, random pruning, and L1 normalization-based pruning. Our results for VGG-16 trained on CIFAR10 shows that L1 normalization provides the best performance among all the techniques explored in this work with less than 1% drop in accuracy after pruning 80% of the filters compared to the original network. We further evaluated the L1 normalization based pruning mechanism on CIFAR100. Results indicate that pruning while training yields a compressed network with almost no accuracy loss after pruning 50% of the filters compared to the original network and ~5% loss for high pruning rates (>80%). The proposed pruning methodology yields 41% reduction in the number of computations and memory accesses during training for CIFAR10, CIFAR100 and ImageNet compared to training with retraining for 10 epochs .']"
74,82,74_ensemble_imbalance_imbalanced_forest,"['ensemble', 'imbalance', 'imbalanced', 'forest', 'oversampling', 'boosting', 'minority', 'class', 'classifiers', 'smote']","['CGMOS: Certainty Guided Minority OverSampling. Handling imbalanced datasets is a challenging problem that if not treated correctly results in reduced classification performance. Imbalanced datasets are commonly handled using minority oversampling, whereas the SMOTE algorithm is a successful oversampling algorithm with numerous extensions. SMOTE extensions do not have a theoretical guarantee during training to work better than SMOTE and in many instances their performance is data dependent. In this paper we propose a novel extension to the SMOTE algorithm with a theoretical guarantee for improved classification performance. The proposed approach considers the classification performance of both the majority and minority classes. In the proposed approach CGMOS (Certainty Guided Minority OverSampling) new data points are added by considering certainty changes in the dataset. The paper provides a proof that the proposed algorithm is guaranteed to work better than SMOTE for training data. Further experimental results on 30 real-world datasets show that CGMOS works better than existing algorithms when using 6 different classifiers.', 'An Adaptive Oversampling Learning Method for Class-Imbalanced Fault Diagnostics and Prognostics. Data-driven fault diagnostics and prognostics suffers from class-imbalance problem in industrial systems and it raises challenges to common machine learning algorithms as it becomes difficult to learn the features of the minority class samples. Synthetic oversampling methods are commonly used to tackle these problems by generating the minority class samples to balance the distributions between majority and minority classes. However, many of oversampling methods are inappropriate that they cannot generate effective and useful minority class samples according to different distributions of data, which further complicate the process of learning samples. Thus, this paper proposes a novel adaptive oversampling technique: EM-based Weighted Minority Oversampling TEchnique (EWMOTE) for industrial fault diagnostics and prognostics. The methods comprises a weighted minority sampling strategy to identify hard-to-learn informative minority fault samples and Expectation Maximization (EM) based imputation algorithm to generate fault samples. To validate the performance of the proposed methods, experiments are conducted in two real datasets. The results show that the method could achieve better performance on not only binary class, but multi-class imbalance learning task in different imbalance ratios than other oversampling-based baseline models.', 'MEBoost: Mixing Estimators with Boosting for Imbalanced Data Classification. Class imbalance problem has been a challenging research problem in the fields of machine learning and data mining as most real life datasets are imbalanced. Several existing machine learning algorithms try to maximize the accuracy classification by correctly identifying majority class samples while ignoring the minority class. However, the concept of the minority class instances usually represents a higher interest than the majority class. Recently, several cost sensitive methods, ensemble models and sampling techniques have been used in literature in order to classify imbalance datasets. In this paper, we propose MEBoost, a new boosting algorithm for imbalanced datasets. MEBoost mixes two different weak learners with boosting to improve the performance on imbalanced datasets. MEBoost is an alternative to the existing techniques such as SMOTEBoost, RUSBoost, Adaboost, etc. The performance of MEBoost has been evaluated on 12 benchmark imbalanced datasets with state of the art ensemble methods like SMOTEBoost, RUSBoost, Easy Ensemble, EUSBoost, DataBoost. Experimental results show significant improvement over the other methods and it can be concluded that MEBoost is an effective and promising algorithm to deal with imbalance datasets. The python version of the code is available here: https://github.com/farshidrayhanuiu/']"
75,81,75_fuzzy_rough_decision_fuzzy sets,"['fuzzy', 'rough', 'decision', 'fuzzy sets', 'fri', 'criteria', 'owa', 'interval', 'sets', 'rough set']","['Fuzzy Rule Interpolation Toolbox for the GNU Open-Source OCTAVE. In most fuzzy control applications (applying classical fuzzy reasoning), the reasoning method requires a complete fuzzy rule-base, i.e all the possible observations must be covered by the antecedents of the fuzzy rules, which is not always available. Fuzzy control systems based on the Fuzzy Rule Interpolation (FRI) concept play a major role in different platforms, in case if only a sparse fuzzy rule-base is available. This cases the fuzzy model contains only the most relevant rules, without covering all the antecedent universes. The first FRI toolbox being able to handle different FRI methods was developed by Johanyak et. al. in 2006 for the MATLAB environment. The goal of this paper is to introduce some details of the adaptation of the FRI toolbox to support the GNU/OCTAVE programming language. The OCTAVE Fuzzy Rule Interpolation (OCTFRI) Toolbox is an open-source toolbox for OCTAVE programming language, providing a large functionally compatible subset of the MATLAB FRI toolbox as well as many extensions. The OCTFRI Toolbox includes functions that enable the user to evaluate Fuzzy Inference Systems (FISs) from the command line and from OCTAVE scripts, read/write FISs and OBS to/from files, and produce a graphical visualisation of both the membership functions and the FIS outputs. Future work will focus on implementing advanced fuzzy inference techniques and GUI tools.', 'Type-2 Fuzzy Set based Hesitant Fuzzy Linguistic Term Sets for Linguistic Decision Making. Approaches based on computing with words find good applicability in decision making systems. Predominantly finding their basis in type-1 fuzzy sets, computing with words approaches employ type-1 fuzzy sets as semantics of the linguistic terms. However, type-2 fuzzy sets have been proven to be scientifically more appropriate to represent linguistic information in practical systems. They take into account both the intra-uncertainty as well as the inter-uncertainty in cases where the linguistic information comes from a group of experts. Hence in this paper, we propose to introduce linguistic terms whose semantics are denoted by interval type-2 fuzzy sets within the hesitant fuzzy linguistic term set framework, resulting in type-2 fuzzy sets based hesitant fuzzy linguistic term sets. We also introduce a novel method of computing type-2 fuzzy envelopes out of multiple interval type-2 fuzzy sets with trapezoidal membership functions. Furthermore, the proposed framework with interval type-2 fuzzy sets is applied on a supplier performance evaluation scenario. Since humans are predominantly involved in the entire process of supply chain, their feedback is crucial while deciding many factors. Towards the end of the paper, we compare our presented model with various existing models and demonstrate the advantages of the former.', 'A Novel Fuzzy Approximate Reasoning Method Based on Extended Distance Measure in SISO Fuzzy System. This paper presents an original method of fuzzy approximate reasoning that can open a new direction of research in the uncertainty inference of Artificial Intelligence(AI) and Computational Intelligence(CI). Fuzzy modus ponens (FMP) and fuzzy modus tollens(FMT) are two fundamental and basic models of general fuzzy approximate reasoning in various fuzzy systems. And the reductive property is one of the essential and important properties in the approximate reasoning theory and it is a lot of applications. This paper suggests a kind of extended distance measure (EDM) based approximate reasoning method in the single input single output(SISO) fuzzy system with discrete fuzzy set vectors of different dimensions. The EDM based fuzzy approximate reasoning method is consists of two part, i.e., FMP-EDM and FMT-EDM. The distance measure based fuzzy reasoning method that the dimension of the antecedent discrete fuzzy set is equal to one of the consequent discrete fuzzy set has already solved in other paper. In this paper discrete fuzzy set vectors of different dimensions mean that the dimension of the antecedent discrete fuzzy set differs from one of the consequent discrete fuzzy set in the SISO fuzzy system. That is, this paper is based on EDM. The experimental results highlight that the proposed approximate reasoning method is comparatively clear and effective with respect to the reductive property, and in accordance with human thinking than existing fuzzy reasoning methods.']"
76,80,76_recurrent_memory_rnn_recurrent neural,"['recurrent', 'memory', 'rnn', 'recurrent neural', 'rnns', 'lstm', 'networks', 'lstms', 'gru', 'neural networks']","['Improving speech recognition by revising gated recurrent units. Speech recognition is largely taking advantage of deep learning, showing that substantial benefits can be obtained by modern Recurrent Neural Networks (RNNs). The most popular RNNs are Long Short-Term Memory (LSTMs), which typically reach state-of-the-art performance in many tasks thanks to their ability to learn long-term dependencies and robustness to vanishing gradients. Nevertheless, LSTMs have a rather complex design with three multiplicative gates, that might impair their efficient implementation. An attempt to simplify LSTMs has recently led to Gated Recurrent Units (GRUs), which are based on just two multiplicative gates.\n  This paper builds on these efforts by further revising GRUs and proposing a simplified architecture potentially more suitable for speech recognition. The contribution of this work is two-fold. First, we suggest to remove the reset gate in the GRU design, resulting in a more efficient single-gate architecture. Second, we propose to replace tanh with ReLU activations in the state update equations. Results show that, in our implementation, the revised architecture reduces the per-epoch training time with more than 30% and consistently improves recognition performance across different tasks, input features, and noisy conditions when compared to a standard GRU.', ""Dilated Recurrent Neural Networks. Learning with recurrent neural networks (RNNs) on long sequences is a notoriously difficult task. There are three major challenges: 1) complex dependencies, 2) vanishing and exploding gradients, and 3) efficient parallelization. In this paper, we introduce a simple yet effective RNN connection structure, the DilatedRNN, which simultaneously tackles all of these challenges. The proposed architecture is characterized by multi-resolution dilated recurrent skip connections and can be combined flexibly with diverse RNN cells. Moreover, the DilatedRNN reduces the number of parameters needed and enhances training efficiency significantly, while matching state-of-the-art performance (even with standard RNN cells) in tasks involving very long-term dependencies. To provide a theory-based quantification of the architecture's advantages, we introduce a memory capacity measure, the mean recurrent length, which is more suitable for RNNs with long skip connections than existing measures. We rigorously prove the advantages of the DilatedRNN over other recurrent neural architectures. The code for our method is publicly available at https://github.com/code-terminator/DilatedRNN"", 'Prototypical Recurrent Unit. Despite the great successes of deep learning, the effectiveness of deep neural networks has not been understood at any theoretical depth. This work is motivated by the thrust of developing a deeper understanding of recurrent neural networks, particularly LSTM/GRU-like networks. As the highly complex structure of the recurrent unit in LSTM and GRU networks makes them difficult to analyze, our methodology in this research theme is to construct an alternative recurrent unit that is as simple as possible and yet also captures the key components of LSTM/GRU recurrent units. Such a unit can then be used for the study of recurrent networks and its structural simplicity may allow easier analysis. Towards that goal, we take a system-theoretic perspective to design a new recurrent unit, which we call the prototypical recurrent unit (PRU). Not only having minimal complexity, PRU is demonstrated experimentally to have comparable performance to GRU and LSTM unit. This establishes PRU networks as a prototype for future study of LSTM/GRU-like recurrent networks. This paper also studies the memorization abilities of LSTM, GRU and PRU networks, motivated by the folk belief that such networks possess long-term memory. For this purpose, we design a simple and controllable task, called ``memorization problem\'\', where the networks are trained to memorize certain targeted information. We show that the memorization performance of all three networks depends on the amount of targeted information, the amount of ``interfering"" information, and the state space dimension of the recurrent unit. Experiments are also performed for another controllable task, the adding problem, and similar conclusions are obtained.']"
77,79,77_molecules_molecular_protein_chemical,"['molecules', 'molecular', 'protein', 'chemical', 'drug', 'binding', 'prediction', 'molecule', 'drug discovery', 'graph']","['Automatic chemical design using a data-driven continuous representation of molecules. We report a method to convert discrete representations of molecules to and from a multidimensional continuous representation. This model allows us to generate new molecules for efficient exploration and optimization through open-ended spaces of chemical compounds. A deep neural network was trained on hundreds of thousands of existing chemical structures to construct three coupled functions: an encoder, a decoder and a predictor. The encoder converts the discrete representation of a molecule into a real-valued continuous vector, and the decoder converts these continuous vectors back to discrete molecular representations. The predictor estimates chemical properties from the latent continuous vector representation of the molecule. Continuous representations allow us to automatically generate novel chemical structures by performing simple operations in the latent space, such as decoding random vectors, perturbing known chemical structures, or interpolating between molecules. Continuous representations also allow the use of powerful gradient-based optimization to efficiently guide the search for optimized functional compounds. We demonstrate our method in the domain of drug-like molecules and also in the set of molecules with fewer that nine heavy atoms.', 'A deep-learning view of chemical space designed to facilitate drug discovery. Drug discovery projects entail cycles of design, synthesis, and testing that yield a series of chemically related small molecules whose properties, such as binding affinity to a given target protein, are progressively tailored to a particular drug discovery goal. The use of deep learning technologies could augment the typical practice of using human intuition in the design cycle, and thereby expedite drug discovery projects. Here we present DESMILES, a deep neural network model that advances the state of the art in machine learning approaches to molecular design. We applied DESMILES to a previously published benchmark that assesses the ability of a method to modify input molecules to inhibit the dopamine receptor D2, and DESMILES yielded a 77% lower failure rate compared to state-of-the-art models. To explain the ability of DESMILES to hone molecular properties, we visualize a layer of the DESMILES network, and further demonstrate this ability by using DESMILES to tailor the same molecules used in the D2 benchmark test to dock more potently against seven different receptors.', 'CogMol: Target-Specific and Selective Drug Design for COVID-19 Using Deep Generative Models. The novel nature of SARS-CoV-2 calls for the development of efficient de novo drug design approaches. In this study, we propose an end-to-end framework, named CogMol (Controlled Generation of Molecules), for designing new drug-like small molecules targeting novel viral proteins with high affinity and off-target selectivity. CogMol combines adaptive pre-training of a molecular SMILES Variational Autoencoder (VAE) and an efficient multi-attribute controlled sampling scheme that uses guidance from attribute predictors trained on latent features. To generate novel and optimal drug-like molecules for unseen viral targets, CogMol leverages a protein-molecule binding affinity predictor that is trained using SMILES VAE embeddings and protein sequence embeddings learned unsupervised from a large corpus. CogMol framework is applied to three SARS-CoV-2 target proteins: main protease, receptor-binding domain of the spike protein, and non-structural protein 9 replicase. The generated candidates are novel at both molecular and chemical scaffold levels when compared to the training data. CogMol also includes insilico screening for assessing toxicity of parent molecules and their metabolites with a multi-task toxicity classifier, synthetic feasibility with a chemical retrosynthesis predictor, and target structure binding with docking simulations. Docking reveals favorable binding of generated molecules to the target protein structure, where 87-95 % of high affinity molecules showed docking free energy < -6 kcal/mol. When compared to approved drugs, the majority of designed compounds show low parent molecule and metabolite toxicity and high synthetic feasibility. In summary, CogMol handles multi-constraint design of synthesizable, low-toxic, drug-like molecules with high target specificity and selectivity, and does not need target-dependent fine-tuning of the framework or target structure information.']"
78,77,78_driving_trajectory_prediction_trajectory prediction,"['driving', 'trajectory', 'prediction', 'trajectory prediction', 'pedestrian', 'future', 'trajectories', 'driver', 'vehicle', 'autonomous']","['A Driving Intention Prediction Method Based on Hidden Markov Model for Autonomous Driving. In a mixed-traffic scenario where both autonomous vehicles and human-driving vehicles exist, a timely prediction of driving intentions of nearby human-driving vehicles is essential for the safe and efficient driving of an autonomous vehicle. In this paper, a driving intention prediction method based on Hidden Markov Model (HMM) is proposed for autonomous vehicles. HMMs representing different driving intentions are trained and tested with field collected data from a flyover. When training the models, either discrete or continuous characterization of the mobility features of vehicles is applied. Experimental results show that the HMMs trained with the continuous characterization of mobility features can give a higher prediction accuracy when they are used for predicting driving intentions. Moreover, when the surrounding traffic of the vehicle is taken into account, the performances of the proposed prediction method are further improved.', 'Robust Trajectory Forecasting for Multiple Intelligent Agents in Dynamic Scene. Trajectory forecasting, or trajectory prediction, of multiple interacting agents in dynamic scenes, is an important problem for many applications, such as robotic systems and autonomous driving. The problem is a great challenge because of the complex interactions among the agents and their interactions with the surrounding scenes. In this paper, we present a novel method for the robust trajectory forecasting of multiple intelligent agents in dynamic scenes. The proposed method consists of three major interrelated components: an interaction net for global spatiotemporal interactive feature extraction, an environment net for decoding dynamic scenes (i.e., the surrounding road topology of an agent), and a prediction net that combines the spatiotemporal feature, the scene feature, the past trajectories of agents and some random noise for the robust trajectory prediction of agents. Experiments on pedestrian-walking and vehicle-pedestrian heterogeneous datasets demonstrate that the proposed method outperforms the state-of-the-art prediction methods in terms of prediction accuracy.', ""Probabilistic Vehicle Trajectory Prediction over Occupancy Grid Map via Recurrent Neural Network. In this paper, we propose an efficient vehicle trajectory prediction framework based on recurrent neural network. Basically, the characteristic of the vehicle's trajectory is different from that of regular moving objects since it is affected by various latent factors including road structure, traffic rules, and driver's intention. Previous state of the art approaches use sophisticated vehicle behavior model describing these factors and derive the complex trajectory prediction algorithm, which requires a system designer to conduct intensive model optimization for practical use. Our approach is data-driven and simple to use in that it learns complex behavior of the vehicles from the massive amount of trajectory data through deep neural network model. The proposed trajectory prediction method employs the recurrent neural network called long short-term memory (LSTM) to analyze the temporal behavior and predict the future coordinate of the surrounding vehicles. The proposed scheme feeds the sequence of vehicles' coordinates obtained from sensor measurements to the LSTM and produces the probabilistic information on the future location of the vehicles over occupancy grid map. The experiments conducted using the data collected from highway driving show that the proposed method can produce reasonably good estimate of future trajectory.""]"
79,77,79_language_language models_neural language_language modeling,"['language', 'language models', 'neural language', 'language modeling', 'lstm', 'recurrent', 'syntactic', 'models', 'recurrent neural', 'language model']","['A Study on Neural Network Language Modeling. An exhaustive study on neural network language modeling (NNLM) is performed in this paper. Different architectures of basic neural network language models are described and examined. A number of different improvements over basic neural network language models, including importance sampling, word classes, caching and bidirectional recurrent neural network (BiRNN), are studied separately, and the advantages and disadvantages of every technique are evaluated. Then, the limits of neural network language modeling are explored from the aspects of model architecture and knowledge representation. Part of the statistical information from a word sequence will loss when it is processed word by word in a certain order, and the mechanism of training neural network by updating weight matrixes and vectors imposes severe restrictions on any significant enhancement of NNLM. For knowledge representation, the knowledge represented by neural network language models is the approximate probabilistic distribution of word sequences from a certain training data set rather than the knowledge of a language itself or the information conveyed by word sequences in a natural language. Finally, some directions for improving neural network language modeling further is discussed.', 'Assessing Language Models with Scaling Properties. Language models have primarily been evaluated with perplexity. While perplexity quantifies the most comprehensible prediction performance, it does not provide qualitative information on the success or failure of models. Another approach for evaluating language models is thus proposed, using the scaling properties of natural language. Five such tests are considered, with the first two accounting for the vocabulary population and the other three for the long memory of natural language. The following models were evaluated with these tests: n-grams, probabilistic context-free grammar (PCFG), Simon and Pitman-Yor (PY) processes, hierarchical PY, and neural language models. Only the neural language models exhibit the long memory properties of natural language, but to a limited degree. The effectiveness of every test of these models is also discussed.', ""Evaluating Computational Language Models with Scaling Properties of Natural Language. In this article, we evaluate computational models of natural language with respect to the universal statistical behaviors of natural language. Statistical mechanical analyses have revealed that natural language text is characterized by scaling properties, which quantify the global structure in the vocabulary population and the long memory of a text. We study whether five scaling properties (given by Zipf's law, Heaps' law, Ebeling's method, Taylor's law, and long-range correlation analysis) can serve for evaluation of computational models. Specifically, we test $n$-gram language models, a probabilistic context-free grammar (PCFG), language models based on Simon/Pitman-Yor processes, neural language models, and generative adversarial networks (GANs) for text generation. Our analysis reveals that language models based on recurrent neural networks (RNNs) with a gating mechanism (i.e., long short-term memory, LSTM; a gated recurrent unit, GRU; and quasi-recurrent neural networks, QRNNs) are the only computational models that can reproduce the long memory behavior of natural language. Furthermore, through comparison with recently proposed model-based evaluation methods, we find that the exponent of Taylor's law is a good indicator of model quality.""]"
80,77,80_policy_policy gradient_actorcritic_gradient,"['policy', 'policy gradient', 'actorcritic', 'gradient', 'policy optimization', 'reinforcement learning', 'offpolicy', 'reinforcement', 'critic', 'trust region']","['Equivalence Between Policy Gradients and Soft Q-Learning. Two of the leading approaches for model-free reinforcement learning are policy gradient methods and $Q$-learning methods. $Q$-learning methods can be effective and sample-efficient when they work, however, it is not well-understood why they work, since empirically, the $Q$-values they estimate are very inaccurate. A partial explanation may be that $Q$-learning methods are secretly implementing policy gradient updates: we show that there is a precise equivalence between $Q$-learning and policy gradient methods in the setting of entropy-regularized reinforcement learning, that ""soft"" (entropy-regularized) $Q$-learning is exactly equivalent to a policy gradient method. We also point out a connection between $Q$-learning methods and natural policy gradient methods. Experimentally, we explore the entropy-regularized versions of $Q$-learning and policy gradients, and we find them to perform as well as (or slightly better than) the standard variants on the Atari benchmark. We also show that the equivalence holds in practical settings by constructing a $Q$-learning method that closely matches the learning dynamics of A3C without using a target network or $ε$-greedy exploration schedule.', ""Q-Prop: Sample-Efficient Policy Gradient with An Off-Policy Critic. Model-free deep reinforcement learning (RL) methods have been successful in a wide variety of simulated domains. However, a major obstacle facing deep RL in the real world is their high sample complexity. Batch policy gradient methods offer stable learning, but at the cost of high variance, which often requires large batches. TD-style methods, such as off-policy actor-critic and Q-learning, are more sample-efficient but biased, and often require costly hyperparameter sweeps to stabilize. In this work, we aim to develop methods that combine the stability of policy gradients with the efficiency of off-policy RL. We present Q-Prop, a policy gradient method that uses a Taylor expansion of the off-policy critic as a control variate. Q-Prop is both sample efficient and stable, and effectively combines the benefits of on-policy and off-policy methods. We analyze the connection between Q-Prop and existing model-free algorithms, and use control variate theory to derive two variants of Q-Prop with conservative and aggressive adaptation. We show that conservative Q-Prop provides substantial gains in sample efficiency over trust region policy optimization (TRPO) with generalized advantage estimation (GAE), and improves stability over deep deterministic policy gradient (DDPG), the state-of-the-art on-policy and off-policy methods, on OpenAI Gym's MuJoCo continuous control environments."", 'Proximal Policy Optimization Algorithms. We propose a new family of policy gradient methods for reinforcement learning, which alternate between sampling data through interaction with the environment, and optimizing a ""surrogate"" objective function using stochastic gradient ascent. Whereas standard policy gradient methods perform one gradient update per data sample, we propose a novel objective function that enables multiple epochs of minibatch updates. The new methods, which we call proximal policy optimization (PPO), have some of the benefits of trust region policy optimization (TRPO), but they are much simpler to implement, more general, and have better sample complexity (empirically). Our experiments test PPO on a collection of benchmark tasks, including simulated robotic locomotion and Atari game playing, and we show that PPO outperforms other online policy gradient methods, and overall strikes a favorable balance between sample complexity, simplicity, and wall-time.']"
81,76,81_handwritten_character_characters_character recognition,"['handwritten', 'character', 'characters', 'character recognition', 'recognition', 'ocr', 'handwriting', 'bangla', 'documents', 'word spotting']","[""MatriVasha: A Multipurpose Comprehensive Database for Bangla Handwritten Compound Characters. At present, recognition of the Bangla handwriting compound character has been an essential issue for many years. In recent years there have been application-based researches in machine learning, and deep learning, which is gained interest, and most notably is handwriting recognition because it has a tremendous application such as Bangla OCR. MatrriVasha, the project which can recognize Bangla, handwritten several compound characters. Currently, compound character recognition is an important topic due to its variant application, and helps to create old forms, and information digitization with reliability. But unfortunately, there is a lack of a comprehensive dataset that can categorize all types of Bangla compound characters. MatrriVasha is an attempt to align compound character, and it's challenging because each person has a unique style of writing shapes. After all, MatrriVasha has proposed a dataset that intends to recognize Bangla 120(one hundred twenty) compound characters that consist of 2552(two thousand five hundred fifty-two) isolated handwritten characters written unique writers which were collected from within Bangladesh. This dataset faced problems in terms of the district, age, and gender-based written related research because the samples were collected that includes a verity of the district, age group, and the equal number of males, and females. As of now, our proposed dataset is so far the most extensive dataset for Bangla compound characters. It is intended to frame the acknowledgment technique for handwritten Bangla compound character. In the future, this dataset will be made publicly available to help to widen the research."", ""Pioneer dataset and automatic recognition of Urdu handwritten characters using a deep autoencoder and convolutional neural network. Automatic recognition of Urdu handwritten digits and characters, is a challenging task. It has applications in postal address reading, bank's cheque processing, and digitization and preservation of handwritten manuscripts from old ages. While there exists a significant work for automatic recognition of handwritten English characters and other major languages of the world, the work done for Urdu lan-guage is extremely insufficient. This paper has two goals. Firstly, we introduce a pioneer dataset for handwritten digits and characters of Urdu, containing samples from more than 900 individuals. Secondly, we report results for automatic recog-nition of handwritten digits and characters as achieved by using deep auto-encoder network and convolutional neural network. More specifically, we use a two-layer and a three-layer deep autoencoder network and convolutional neural network and evaluate the two frameworks in terms of recognition accuracy. The proposed framework of deep autoencoder can successfully recognize digits and characters with an accuracy of 97% for digits only, 81% for characters only and 82% for both digits and characters simultaneously. In comparison, the framework of convolutional neural network has accuracy of 96.7% for digits only, 86.5% for characters only and 82.7% for both digits and characters simultaneously. These frameworks can serve as baselines for future research on Urdu handwritten text."", 'Template-Instance Loss for Offline Handwritten Chinese Character Recognition. The long-standing challenges for offline handwritten Chinese character recognition (HCCR) are twofold: Chinese characters can be very diverse and complicated while similarly looking, and cursive handwriting (due to increased writing speed and infrequent pen lifting) makes strokes and even characters connected together in a flowing manner. In this paper, we propose the template and instance loss functions for the relevant machine learning tasks in offline handwritten Chinese character recognition. First, the character template is designed to deal with the intrinsic similarities among Chinese characters. Second, the instance loss can reduce category variance according to classification difficulty, giving a large penalty to the outlier instance of handwritten Chinese character. Trained with the new loss functions using our deep network architecture HCCR14Layer model consisting of simple layers, our extensive experiments show that it yields state-of-the-art performance and beyond for offline HCCR.']"
82,76,82_architecture search_search_nas_architecture,"['architecture search', 'search', 'nas', 'architecture', 'neural architecture', 'architectures', 'search space', 'search nas', 'neural', 'network']","['Binarized Neural Architecture Search. Neural architecture search (NAS) can have a significant impact in computer vision by automatically designing optimal neural network architectures for various tasks. A variant, binarized neural architecture search (BNAS), with a search space of binarized convolutions, can produce extremely compressed models. Unfortunately, this area remains largely unexplored. BNAS is more challenging than NAS due to the learning inefficiency caused by optimization requirements and the huge architecture space. To address these issues, we introduce channel sampling and operation space reduction into a differentiable NAS to significantly reduce the cost of searching. This is accomplished through a performance-based strategy used to abandon less potential operations. Two optimization methods for binarized neural networks are used to validate the effectiveness of our BNAS. Extensive experiments demonstrate that the proposed BNAS achieves a performance comparable to NAS on both CIFAR and ImageNet databases. An accuracy of $96.53\\%$ vs. $97.22\\%$ is achieved on the CIFAR-10 dataset, but with a significantly compressed model, and a $40\\%$ faster search than the state-of-the-art PC-DARTS.', 'HM-NAS: Efficient Neural Architecture Search via Hierarchical Masking. The use of automatic methods, often referred to as Neural Architecture Search (NAS), in designing neural network architectures has recently drawn considerable attention. In this work, we present an efficient NAS approach, named HM- NAS, that generalizes existing weight sharing based NAS approaches. Existing weight sharing based NAS approaches still adopt hand-designed heuristics to generate architecture candidates. As a consequence, the space of architecture candidates is constrained in a subset of all possible architectures, making the architecture search results sub-optimal. HM-NAS addresses this limitation via two innovations. First, HM-NAS incorporates a multi-level architecture encoding scheme to enable searching for more flexible network architectures. Second, it discards the hand-designed heuristics and incorporates a hierarchical masking scheme that automatically learns and determines the optimal architecture. Compared to state-of-the-art weight sharing based approaches, HM-NAS is able to achieve better architecture search performance and competitive model evaluation accuracy. Without the constraint imposed by the hand-designed heuristics, our searched networks contain more flexible and meaningful architectures that existing weight sharing based NAS approaches are not able to discover.', 'SNAS: Stochastic Neural Architecture Search. We propose Stochastic Neural Architecture Search (SNAS), an economical end-to-end solution to Neural Architecture Search (NAS) that trains neural operation parameters and architecture distribution parameters in same round of back-propagation, while maintaining the completeness and differentiability of the NAS pipeline. In this work, NAS is reformulated as an optimization problem on parameters of a joint distribution for the search space in a cell. To leverage the gradient information in generic differentiable loss for architecture search, a novel search gradient is proposed. We prove that this search gradient optimizes the same objective as reinforcement-learning-based NAS, but assigns credits to structural decisions more efficiently. This credit assignment is further augmented with locally decomposable reward to enforce a resource-efficient constraint. In experiments on CIFAR-10, SNAS takes less epochs to find a cell architecture with state-of-the-art accuracy than non-differentiable evolution-based and reinforcement-learning-based NAS, which is also transferable to ImageNet. It is also shown that child networks of SNAS can maintain the validation accuracy in searching, with which attention-based NAS requires parameter retraining to compete, exhibiting potentials to stride towards efficient NAS on big datasets. We have released our implementation at https://github.com/SNAS-Series/SNAS-Series.']"
83,73,83_exploration_rl_reinforcement_reinforcement learning,"['exploration', 'rl', 'reinforcement', 'reinforcement learning', 'dqn', 'deep reinforcement', 'deep', 'learning', 'qlearning', 'reward']","['Count-Based Exploration in Feature Space for Reinforcement Learning. We introduce a new count-based optimistic exploration algorithm for Reinforcement Learning (RL) that is feasible in environments with high-dimensional state-action spaces. The success of RL algorithms in these domains depends crucially on generalisation from limited training experience. Function approximation techniques enable RL agents to generalise in order to estimate the value of unvisited states, but at present few methods enable generalisation regarding uncertainty. This has prevented the combination of scalable RL algorithms with efficient exploration strategies that drive the agent to reduce its uncertainty. We present a new method for computing a generalised state visit-count, which allows the agent to estimate the uncertainty associated with any state. Our φ-pseudocount achieves generalisation by exploiting same feature representation of the state space that is used for value function approximation. States that have less frequently observed features are deemed more uncertain. The φ-Exploration-Bonus algorithm rewards the agent for exploring in feature space rather than in the untransformed state space. The method is simpler and less computationally expensive than some previous proposals, and achieves near state-of-the-art results on high-dimensional RL benchmarks.', 'Intrinsic Exploration as Multi-Objective RL. Intrinsic motivation enables reinforcement learning (RL) agents to explore when rewards are very sparse, where traditional exploration heuristics such as Boltzmann or e-greedy would typically fail. However, intrinsic exploration is generally handled in an ad-hoc manner, where exploration is not treated as a core objective of the learning process; this weak formulation leads to sub-optimal exploration performance. To overcome this problem, we propose a framework based on multi-objective RL where both exploration and exploitation are being optimized as separate objectives. This formulation brings the balance between exploration and exploitation at a policy level, resulting in advantages over traditional methods. This also allows for controlling exploration while learning, at no extra cost. Such strategies achieve a degree of control over agent exploration that was previously unattainable with classic or intrinsic rewards. We demonstrate scalability to continuous state-action spaces by presenting a method (EMU-Q) based on our framework, guiding exploration towards regions of higher value-function uncertainty. EMU-Q is experimentally shown to outperform classic exploration techniques and other intrinsic RL methods on a continuous control benchmark and on a robotic manipulator.', ""Exploration in Feature Space for Reinforcement Learning. The infamous exploration-exploitation dilemma is one of the oldest and most important problems in reinforcement learning (RL). Deliberate and effective exploration is necessary for RL agents to succeed in most environments. However, until very recently even very sophisticated RL algorithms employed simple, undirected exploration strategies in large-scale RL tasks.\n  We introduce a new optimistic count-based exploration algorithm for RL that is feasible in high-dimensional MDPs. The success of RL algorithms in these domains depends crucially on generalization from limited training experience. Function approximation techniques enable RL agents to generalize in order to estimate the value of unvisited states, but at present few methods have achieved generalization about the agent's uncertainty regarding unvisited states. We present a new method for computing a generalized state visit-count, which allows the agent to estimate the uncertainty associated with any state.\n  In contrast to existing exploration techniques, our $φ$-$\\textit{pseudocount}$ achieves generalization by exploiting the feature representation of the state space that is used for value function approximation. States that have less frequently observed features are deemed more uncertain. The resulting $φ$-$\\textit{Exploration-Bonus}$ algorithm rewards the agent for exploring in feature space rather than in the original state space. This method is simpler and less computationally expensive than some previous proposals, and achieves near state-of-the-art results on high-dimensional RL benchmarks. In particular, we report world-class results on several notoriously difficult Atari 2600 video games, including Montezuma's Revenge.""]"
84,73,84_gec_error correction_simplification_correction,"['gec', 'error correction', 'simplification', 'correction', 'grammatical', 'grammatical error', 'error', 'translation', 'machine translation', 'sentence']","['JFLEG: A Fluency Corpus and Benchmark for Grammatical Error Correction. We present a new parallel corpus, JHU FLuency-Extended GUG corpus (JFLEG) for developing and evaluating grammatical error correction (GEC). Unlike other corpora, it represents a broad range of language proficiency levels and uses holistic fluency edits to not only correct grammatical errors but also make the original text more native sounding. We describe the types of corrections made and benchmark four leading GEC systems on this corpus, identifying specific areas in which they do well and how they can improve. JFLEG fulfills the need for a new gold standard to properly assess the current state of GEC.', 'Near Human-Level Performance in Grammatical Error Correction with Hybrid Machine Translation. We combine two of the most popular approaches to automated Grammatical Error Correction (GEC): GEC based on Statistical Machine Translation (SMT) and GEC based on Neural Machine Translation (NMT). The hybrid system achieves new state-of-the-art results on the CoNLL-2014 and JFLEG benchmarks. This GEC system preserves the accuracy of SMT output and, at the same time, generates more fluent sentences as it typical for NMT. Our analysis shows that the created systems are closer to reaching human-level performance than any other GEC system reported so far.', 'Grammatical Error Correction in Low-Resource Scenarios. Grammatical error correction in English is a long studied problem with many existing systems and datasets. However, there has been only a limited research on error correction of other languages. In this paper, we present a new dataset AKCES-GEC on grammatical error correction for Czech. We then make experiments on Czech, German and Russian and show that when utilizing synthetic parallel corpus, Transformer neural machine translation model can reach new state-of-the-art results on these datasets. AKCES-GEC is published under CC BY-NC-SA 4.0 license at https://hdl.handle.net/11234/1-3057 and the source code of the GEC model is available at https://github.com/ufal/low-resource-gec-wnut2019.']"
85,73,85_fashion_clothing_aesthetics_visual,"['fashion', 'clothing', 'aesthetics', 'visual', 'image', 'aesthetic', 'images', 'outfit', 'photos', 'recommendation']","['Personalized Fashion Recommendation from Personal Social Media Data: An Item-to-Set Metric Learning Approach. With the growth of online shopping for fashion products, accurate fashion recommendation has become a critical problem. Meanwhile, social networks provide an open and new data source for personalized fashion analysis. In this work, we study the problem of personalized fashion recommendation from social media data, i.e. recommending new outfits to social media users that fit their fashion preferences. To this end, we present an item-to-set metric learning framework that learns to compute the similarity between a set of historical fashion items of a user to a new fashion item. To extract features from multi-modal street-view fashion items, we propose an embedding module that performs multi-modality feature extraction and cross-modality gated fusion. To validate the effectiveness of our approach, we collect a real-world social media dataset. Extensive experiments on the collected dataset show the superior performance of our proposed approach.', 'Visual Fashion-Product Search at SK Planet. We build a large-scale visual search system which finds similar product images given a fashion item. Defining similarity among arbitrary fashion-products is still remains a challenging problem, even there is no exact ground-truth. To resolve this problem, we define more than 90 fashion-related attributes, and combination of these attributes can represent thousands of unique fashion-styles. The fashion-attributes are one of the ingredients to define semantic similarity among fashion-product images. To build our system at scale, these fashion-attributes are again used to build an inverted indexing scheme. In addition to these fashion-attributes for semantic similarity, we extract colour and appearance features in a region-of-interest (ROI) of a fashion item for visual similarity. By sharing our approach, we expect active discussion on that how to apply current computer vision research into the e-commerce industry.', 'Fashion Landmark Detection in the Wild. Visual fashion analysis has attracted many attentions in the recent years. Previous work represented clothing regions by either bounding boxes or human joints. This work presents fashion landmark detection or fashion alignment, which is to predict the positions of functional key points defined on the fashion items, such as the corners of neckline, hemline, and cuff. To encourage future studies, we introduce a fashion landmark dataset with over 120K images, where each image is labeled with eight landmarks. With this dataset, we study fashion alignment by cascading multiple convolutional neural networks in three stages. These stages gradually improve the accuracies of landmark predictions. Extensive experiments demonstrate the effectiveness of the proposed method, as well as its generalization ability to pose estimation. Fashion landmark is also compared to clothing bounding boxes and human joints in two applications, fashion attribute prediction and clothes retrieval, showing that fashion landmark is a more discriminative representation to understand fashion images.']"
86,73,86_clustering_kmeans_clusters_cluster,"['clustering', 'kmeans', 'clusters', 'cluster', 'spectral clustering', 'algorithm', 'dbscan', 'spectral', 'kmeans clustering', 'density']","[""Functorial Hierarchical Clustering with Overlaps. This work draws inspiration from three important sources of research on dissimilarity-based clustering and intertwines those three threads into a consistent principled functorial theory of clustering. Those three are the overlapping clustering of Jardine and Sibson, the functorial approach of Carlsson and Mémoli to partition-based clustering, and the Isbell/Dress school's study of injective envelopes. Carlsson and Mémoli introduce the idea of viewing clustering methods as functors from a category of metric spaces to a category of clusters, with functoriality subsuming many desirable properties. Our first series of results extends their theory of functorial clustering schemes to methods that allow overlapping clusters in the spirit of Jardine and Sibson. This obviates some of the unpleasant effects of chaining that occur, for example with single-linkage clustering. We prove an equivalence between these general overlapping clustering functors and projections of weight spaces to what we term clustering domains, by focusing on the order structure determined by the morphisms. As a specific application of this machinery, we are able to prove that there are no functorial projections to cut metrics, or even to tree metrics. Finally, although we focus less on the construction of clustering methods (clustering domains) derived from injective envelopes, we lay out some preliminary results, that hopefully will give a feel for how the third leg of the stool comes into play."", 'Scalable Spectral Clustering Using Random Binning Features. Spectral clustering is one of the most effective clustering approaches that capture hidden cluster structures in the data. However, it does not scale well to large-scale problems due to its quadratic complexity in constructing similarity graphs and computing subsequent eigendecomposition. Although a number of methods have been proposed to accelerate spectral clustering, most of them compromise considerable information loss in the original data for reducing computational bottlenecks. In this paper, we present a novel scalable spectral clustering method using Random Binning features (RB) to simultaneously accelerate both similarity graph construction and the eigendecomposition. Specifically, we implicitly approximate the graph similarity (kernel) matrix by the inner product of a large sparse feature matrix generated by RB. Then we introduce a state-of-the-art SVD solver to effectively compute eigenvectors of this large matrix for spectral clustering. Using these two building blocks, we reduce the computational cost from quadratic to linear in the number of data points while achieving similar accuracy. Our theoretical analysis shows that spectral clustering via RB converges faster to the exact spectral clustering than the standard Random Feature approximation. Extensive experiments on 8 benchmarks show that the proposed method either outperforms or matches the state-of-the-art methods in both accuracy and runtime. Moreover, our method exhibits linear scalability in both the number of data samples and the number of RB features.', 'Unified Spectral Clustering with Optimal Graph. Spectral clustering has found extensive use in many areas. Most traditional spectral clustering algorithms work in three separate steps: similarity graph construction; continuous labels learning; discretizing the learned labels by k-means clustering. Such common practice has two potential flaws, which may lead to severe information loss and performance degradation. First, predefined similarity graph might not be optimal for subsequent clustering. It is well-accepted that similarity graph highly affects the clustering results. To this end, we propose to automatically learn similarity information from data and simultaneously consider the constraint that the similarity matrix has exact c connected components if there are c clusters. Second, the discrete solution may deviate from the spectral solution since k-means method is well-known as sensitive to the initialization of cluster centers. In this work, we transform the candidate solution into a new one that better approximates the discrete one. Finally, those three subtasks are integrated into a unified framework, with each subtask iteratively boosted by using the results of the others towards an overall optimal solution. It is known that the performance of a kernel method is largely determined by the choice of kernels. To tackle this practical problem of how to select the most suitable kernel for a particular data set, we further extend our model to incorporate multiple kernel learning ability. Extensive experiments demonstrate the superiority of our proposed method as compared to existing clustering approaches.']"
87,72,87_law_words_change_word,"['law', 'words', 'change', 'word', 'semantic change', 'languages', 'phylogenetic', 'language', 'diachronic', 'frequency']","[""On the Linearity of Semantic Change: Investigating Meaning Variation via Dynamic Graph Models. We consider two graph models of semantic change. The first is a time-series model that relates embedding vectors from one time period to embedding vectors of previous time periods. In the second, we construct one graph for each word: nodes in this graph correspond to time points and edge weights to the similarity of the word's meaning across two time points. We apply our two models to corpora across three different languages. We find that semantic change is linear in two senses. Firstly, today's embedding vectors (= meaning) of words can be derived as linear combinations of embedding vectors of their neighbors in previous time periods. Secondly, self-similarity of words decays linearly in time. We consider both findings as new laws/hypotheses of semantic change."", 'Cultural Shift or Linguistic Drift? Comparing Two Computational Measures of Semantic Change. Words shift in meaning for many reasons, including cultural factors like new technologies and regular linguistic processes like subjectification. Understanding the evolution of language and culture requires disentangling these underlying causes. Here we show how two different distributional measures can be used to detect two different types of semantic change. The first measure, which has been used in many previous works, analyzes global shifts in a word\'s distributional semantics, it is sensitive to changes due to regular processes of linguistic drift, such as the semantic generalization of promise (""I promise."" -> ""It promised to be exciting.""). The second measure, which we develop here, focuses on local changes to a word\'s nearest semantic neighbors; it is more sensitive to cultural shifts, such as the change in the meaning of cell (""prison cell"" -> ""cell phone""). Comparing measurements made by these two methods allows researchers to determine whether changes are more cultural or linguistic in nature, a distinction that is essential for work in the digital humanities and historical linguistics.', ""Polysemy and brevity versus frequency in language. The pioneering research of G. K. Zipf on the relationship between word frequency and other word features led to the formulation of various linguistic laws. The most popular is Zipf's law for word frequencies. Here we focus on two laws that have been studied less intensively: the meaning-frequency law, i.e. the tendency of more frequent words to be more polysemous, and the law of abbreviation, i.e. the tendency of more frequent words to be shorter. In a previous work, we tested the robustness of these Zipfian laws for English, roughly measuring word length in number of characters and distinguishing adult from child speech. In the present article, we extend our study to other languages (Dutch and Spanish) and introduce two additional measures of length: syllabic length and phonemic length. Our correlation analysis indicates that both the meaning-frequency law and the law of abbreviation hold overall in all the analyzed languages.""]"
88,72,88_hyperparameter_optimization_bayesian optimization_bayesian,"['hyperparameter', 'optimization', 'bayesian optimization', 'bayesian', 'hyperparameters', 'automl', 'hyperparameter optimization', 'bo', 'surrogate', 'function']","['Hyp-RL : Hyperparameter Optimization by Reinforcement Learning. Hyperparameter tuning is an omnipresent problem in machine learning as it is an integral aspect of obtaining the state-of-the-art performance for any model. Most often, hyperparameters are optimized just by training a model on a grid of possible hyperparameter values and taking the one that performs best on a validation sample (grid search). More recently, methods have been introduced that build a so-called surrogate model that predicts the validation loss for a specific hyperparameter setting, model and dataset and then sequentially select the next hyperparameter to test, based on a heuristic function of the expected value and the uncertainty of the surrogate model called acquisition function (sequential model-based Bayesian optimization, SMBO).\n  In this paper we model the hyperparameter optimization problem as a sequential decision problem, which hyperparameter to test next, and address it with reinforcement learning. This way our model does not have to rely on a heuristic acquisition function like SMBO, but can learn which hyperparameters to test next based on the subsequent reduction in validation loss they will eventually lead to, either because they yield good models themselves or because they allow the hyperparameter selection policy to build a better surrogate model that is able to choose better hyperparameters later on. Experiments on a large battery of 50 data sets demonstrate that our method outperforms the state-of-the-art approaches for hyperparameter learning.', 'Efficient Hyperparameter Optimization of Deep Learning Algorithms Using Deterministic RBF Surrogates. Automatically searching for optimal hyperparameter configurations is of crucial importance for applying deep learning algorithms in practice. Recently, Bayesian optimization has been proposed for optimizing hyperparameters of various machine learning algorithms. Those methods adopt probabilistic surrogate models like Gaussian processes to approximate and minimize the validation error function of hyperparameter values. However, probabilistic surrogates require accurate estimates of sufficient statistics (e.g., covariance) of the error distribution and thus need many function evaluations with a sizeable number of hyperparameters. This makes them inefficient for optimizing hyperparameters of deep learning algorithms, which are highly expensive to evaluate. In this work, we propose a new deterministic and efficient hyperparameter optimization method that employs radial basis functions as error surrogates. The proposed mixed integer algorithm, called HORD, searches the surrogate for the most promising hyperparameter values through dynamic coordinate search and requires many fewer function evaluations. HORD does well in low dimensions but it is exceptionally better in higher dimensions. Extensive evaluations on MNIST and CIFAR-10 for four deep neural networks demonstrate HORD significantly outperforms the well-established Bayesian optimization methods such as GP, SMAC, and TPE. For instance, on average, HORD is more than 6 times faster than GP-EI in obtaining the best configuration of 19 hyperparameters.', 'Towards Automatic Bayesian Optimization: A first step involving acquisition functions. Bayesian Optimization is the state of the art technique for the optimization of black boxes, i.e., functions where we do not have access to their analytical expression nor its gradients, they are expensive to evaluate and its evaluation is noisy. The most popular application of bayesian optimization is the automatic hyperparameter tuning of machine learning algorithms, where we obtain the best configuration of machine learning algorithms by optimizing the estimation of the generalization error of these algorithms. Despite being applied with success, bayesian optimization methodologies also have hyperparameters that need to be configured such as the probabilistic surrogate model or the acquisition function used. A bad decision over the configuration of these hyperparameters implies obtaining bad quality results. Typically, these hyperparameters are tuned by making assumptions of the objective function that we want to evaluate but there are scenarios where we do not have any prior information about the objective function. In this paper, we propose a first attempt over automatic bayesian optimization by exploring several heuristics that automatically tune the acquisition function of bayesian optimization. We illustrate the effectiveness of these heurisitcs in a set of benchmark problems and a hyperparameter tuning problem of a machine learning algorithm.']"
89,70,89_distributed_communication_sgd_convergence,"['distributed', 'communication', 'sgd', 'convergence', 'gradient', 'byzantine', 'workers', 'stochastic', 'federated', 'distributed learning']","['Adaptive Distributed Stochastic Gradient Descent for Minimizing Delay in the Presence of Stragglers. We consider the setting where a master wants to run a distributed stochastic gradient descent (SGD) algorithm on $n$ workers each having a subset of the data. Distributed SGD may suffer from the effect of stragglers, i.e., slow or unresponsive workers who cause delays. One solution studied in the literature is to wait at each iteration for the responses of the fastest $k<n$ workers before updating the model, where $k$ is a fixed parameter. The choice of the value of $k$ presents a trade-off between the runtime (i.e., convergence rate) of SGD and the error of the model. Towards optimizing the error-runtime trade-off, we investigate distributed SGD with adaptive $k$. We first design an adaptive policy for varying $k$ that optimizes this trade-off based on an upper bound on the error as a function of the wall-clock time which we derive. Then, we propose an algorithm for adaptive distributed SGD that is based on a statistical heuristic. We implement our algorithm and provide numerical simulations which confirm our intuition and theoretical analysis.', 'Elastic Consistency: A General Consistency Model for Distributed Stochastic Gradient Descent. Machine learning has made tremendous progress in recent years, with models matching or even surpassing humans on a series of specialized tasks. One key element behind the progress of machine learning in recent years has been the ability to train machine learning models in large-scale distributed shared-memory and message-passing environments. Many of these models are trained employing variants of stochastic gradient descent (SGD) based optimization.\n  In this paper, we introduce a general consistency condition covering communication-reduced and asynchronous distributed SGD implementations. Our framework, called elastic consistency enables us to derive convergence bounds for a variety of distributed SGD methods used in practice to train large-scale machine learning models. The proposed framework de-clutters the implementation-specific convergence analysis and provides an abstraction to derive convergence bounds. We utilize the framework to analyze a sparsification scheme for distributed SGD methods in an asynchronous setting for convex and non-convex objectives. We implement the distributed SGD variant to train deep CNN models in an asynchronous shared-memory setting. Empirical results show that error-feedback may not necessarily help in improving the convergence of sparsified asynchronous distributed SGD, which corroborates an insight suggested by our convergence analysis.', 'On the Convergence of Local Descent Methods in Federated Learning. In federated distributed learning, the goal is to optimize a global training objective defined over distributed devices, where the data shard at each device is sampled from a possibly different distribution (a.k.a., heterogeneous or non i.i.d. data samples). In this paper, we generalize the local stochastic and full gradient descent with periodic averaging-- originally designed for homogeneous distributed optimization, to solve nonconvex optimization problems in federated learning. Although scant research is available on the effectiveness of local SGD in reducing the number of communication rounds in homogeneous setting, its convergence and communication complexity in heterogeneous setting is mostly demonstrated empirically and lacks through theoretical understating. To bridge this gap, we demonstrate that by properly analyzing the effect of unbiased gradients and sampling schema in federated setting, under mild assumptions, the implicit variance reduction feature of local distributed methods generalize to heterogeneous data shards and exhibits the best known convergence rates of homogeneous setting both in general nonconvex and under {\\pl}~ condition (generalization of strong-convexity). Our theoretical results complement the recent empirical studies that demonstrate the applicability of local GD/SGD to federated learning. We also specialize the proposed local method for networked distributed optimization. To the best of our knowledge, the obtained convergence rates are the sharpest known to date on the convergence of local decant methods with periodic averaging for solving nonconvex federated optimization in both centralized and networked distributed optimization.']"
90,70,90_referring_visual_referring expression_relationships,"['referring', 'visual', 'referring expression', 'relationships', 'objects', 'expression', 'scene', 'scene graph', 'relationship', 'relations']","['CPARR: Category-based Proposal Analysis for Referring Relationships. The task of referring relationships is to localize subject and object entities in an image satisfying a relationship query, which is given in the form of \\texttt{<subject, predicate, object>}. This requires simultaneous localization of the subject and object entities in a specified relationship. We introduce a simple yet effective proposal-based method for referring relationships. Different from the existing methods such as SSAS, our method can generate a high-resolution result while reducing its complexity and ambiguity. Our method is composed of two modules: a category-based proposal generation module to select the proposals related to the entities and a predicate analysis module to score the compatibility of pairs of selected proposals. We show state-of-the-art performance on the referring relationship task on two public datasets: Visual Relationship Detection and Visual Genome.', 'Dynamic Graph Attention for Referring Expression Comprehension. Referring expression comprehension aims to locate the object instance described by a natural language referring expression in an image. This task is compositional and inherently requires visual reasoning on top of the relationships among the objects in the image. Meanwhile, the visual reasoning process is guided by the linguistic structure of the referring expression. However, existing approaches treat the objects in isolation or only explore the first-order relationships between objects without being aligned with the potential complexity of the expression. Thus it is hard for them to adapt to the grounding of complex referring expressions. In this paper, we explore the problem of referring expression comprehension from the perspective of language-driven visual reasoning, and propose a dynamic graph attention network to perform multi-step reasoning by modeling both the relationships among the objects in the image and the linguistic structure of the expression. In particular, we construct a graph for the image with the nodes and edges corresponding to the objects and their relationships respectively, propose a differential analyzer to predict a language-guided visual reasoning process, and perform stepwise reasoning on top of the graph to update the compound object representation at every node. Experimental results demonstrate that the proposed method can not only significantly surpass all existing state-of-the-art algorithms across three common benchmark datasets, but also generate interpretable visual evidences for stepwisely locating the objects referred to in complex language descriptions.', 'Graph-Structured Referring Expression Reasoning in The Wild. Grounding referring expressions aims to locate in an image an object referred to by a natural language expression. The linguistic structure of a referring expression provides a layout of reasoning over the visual contents, and it is often crucial to align and jointly understand the image and the referring expression. In this paper, we propose a scene graph guided modular network (SGMN), which performs reasoning over a semantic graph and a scene graph with neural modules under the guidance of the linguistic structure of the expression. In particular, we model the image as a structured semantic graph, and parse the expression into a language scene graph. The language scene graph not only decodes the linguistic structure of the expression, but also has a consistent representation with the image semantic graph. In addition to exploring structured solutions to grounding referring expressions, we also propose Ref-Reasoning, a large-scale real-world dataset for structured referring expression reasoning. We automatically generate referring expressions over the scene graphs of images using diverse expression templates and functional programs. This dataset is equipped with real-world visual contents as well as semantically rich expressions with different reasoning layouts. Experimental results show that our SGMN not only significantly outperforms existing state-of-the-art algorithms on the new Ref-Reasoning dataset, but also surpasses state-of-the-art structured methods on commonly used benchmark datasets. It can also provide interpretable visual evidences of reasoning. Data and code are available at https://github.com/sibeiyang/sgmn']"
91,70,91_denoising_compression_image_restoration,"['denoising', 'compression', 'image', 'restoration', 'image denoising', 'image compression', 'image restoration', 'jpeg', 'noise', 'convolutional']","['CAS-CNN: A Deep Convolutional Neural Network for Image Compression Artifact Suppression. Lossy image compression algorithms are pervasively used to reduce the size of images transmitted over the web and recorded on data storage media. However, we pay for their high compression rate with visual artifacts degrading the user experience. Deep convolutional neural networks have become a widespread tool to address high-level computer vision tasks very successfully. Recently, they have found their way into the areas of low-level computer vision and image processing to solve regression problems mostly with relatively shallow networks.\n  We present a novel 12-layer deep convolutional network for image compression artifact suppression with hierarchical skip connections and a multi-scale loss function. We achieve a boost of up to 1.79 dB in PSNR over ordinary JPEG and an improvement of up to 0.36 dB over the best previous ConvNet result. We show that a network trained for a specific quality factor (QF) is resilient to the QF used to compress the input image - a single network trained for QF 60 provides a PSNR gain of more than 1.5 dB over the wide QF range from 40 to 76.', 'Dilated Deep Residual Network for Image Denoising. Variations of deep neural networks such as convolutional neural network (CNN) have been successfully applied to image denoising. The goal is to automatically learn a mapping from a noisy image to a clean image given training data consisting of pairs of noisy and clean images. Most existing CNN models for image denoising have many layers. In such cases, the models involve a large amount of parameters and are computationally expensive to train. In this paper, we develop a dilated residual CNN for Gaussian image denoising. Compared with the recently proposed residual denoiser, our method can achieve comparable performance with less computational cost. Specifically, we enlarge receptive field by adopting dilated convolution in residual network, and the dilation factor is set to a certain value. We utilize appropriate zero padding to make the dimension of the output the same as the input. It has been proven that the expansion of receptive field can boost the CNN performance in image classification, and we further demonstrate that it can also lead to competitive performance for denoising problem. Moreover, we present a formula to calculate receptive field size when dilated convolution is incorporated. Thus, the change of receptive field can be interpreted mathematically. To validate the efficacy of our approach, we conduct extensive experiments for both gray and color image denoising with specific or randomized noise levels. Both of the quantitative measurements and the visual results of denoising are promising comparing with state-of-the-art baselines.', 'Beyond a Gaussian Denoiser: Residual Learning of Deep CNN for Image Denoising. Discriminative model learning for image denoising has been recently attracting considerable attentions due to its favorable denoising performance. In this paper, we take one step forward by investigating the construction of feed-forward denoising convolutional neural networks (DnCNNs) to embrace the progress in very deep architecture, learning algorithm, and regularization method into image denoising. Specifically, residual learning and batch normalization are utilized to speed up the training process as well as boost the denoising performance. Different from the existing discriminative denoising models which usually train a specific model for additive white Gaussian noise (AWGN) at a certain noise level, our DnCNN model is able to handle Gaussian denoising with unknown noise level (i.e., blind Gaussian denoising). With the residual learning strategy, DnCNN implicitly removes the latent clean image in the hidden layers. This property motivates us to train a single DnCNN model to tackle with several general image denoising tasks such as Gaussian denoising, single image super-resolution and JPEG image deblocking. Our extensive experiments demonstrate that our DnCNN model can not only exhibit high effectiveness in several general image denoising tasks, but also be efficiently implemented by benefiting from GPU computing.']"
92,69,92_imagetoimage_imagetoimage translation_generative adversarial_image,"['imagetoimage', 'imagetoimage translation', 'generative adversarial', 'image', 'generative', 'translation', 'synthesis', 'images', 'adversarial networks', 'adversarial']","['Generative Adversarial Network with Multi-Branch Discriminator for Cross-Species Image-to-Image Translation. Current approaches have made great progress on image-to-image translation tasks benefiting from the success of image synthesis methods especially generative adversarial networks (GANs). However, existing methods are limited to handling translation tasks between two species while keeping the content matching on the semantic level. A more challenging task would be the translation among more than two species. To explore this new area, we propose a simple yet effective structure of a multi-branch discriminator for enhancing an arbitrary generative adversarial architecture (GAN), named GAN-MBD. It takes advantage of the boosting strategy to break a common discriminator into several smaller ones with fewer parameters, which can enhance the generation and synthesis abilities of GANs efficiently and effectively. Comprehensive experiments show that the proposed multi-branch discriminator can dramatically improve the performance of popular GANs on cross-species image-to-image translation tasks while reducing the number of parameters for computation. The code and some datasets are attached as supplementary materials for reference.', 'A Survey and Taxonomy of Adversarial Neural Networks for Text-to-Image Synthesis. Text-to-image synthesis refers to computational methods which translate human written textual descriptions, in the form of keywords or sentences, into images with similar semantic meaning to the text. In earlier research, image synthesis relied mainly on word to image correlation analysis combined with supervised methods to find best alignment of the visual content matching to the text. Recent progress in deep learning (DL) has brought a new set of unsupervised deep learning methods, particularly deep generative models which are able to generate realistic visual images using suitably trained neural network models. In this paper, we review the most recent development in the text-to-image synthesis research domain. Our survey first introduces image synthesis and its challenges, and then reviews key concepts such as generative adversarial networks (GANs) and deep convolutional encoder-decoder neural networks (DCNN). After that, we propose a taxonomy to summarize GAN based text-to-image synthesis into four major categories: Semantic Enhancement GANs, Resolution Enhancement GANs, Diversity Enhancement GANS, and Motion Enhancement GANs. We elaborate the main objective of each group, and further review typical GAN architectures in each group. The taxonomy and the review outline the techniques and the evolution of different approaches, and eventually provide a clear roadmap to summarize the list of contemporaneous solutions that utilize GANs and DCNNs to generate enthralling results in categories such as human faces, birds, flowers, room interiors, object reconstruction from edge maps (games) etc. The survey will conclude with a comparison of the proposed solutions, challenges that remain unresolved, and future developments in the text-to-image synthesis domain.', 'StackGAN++: Realistic Image Synthesis with Stacked Generative Adversarial Networks. Although Generative Adversarial Networks (GANs) have shown remarkable success in various tasks, they still face challenges in generating high quality images. In this paper, we propose Stacked Generative Adversarial Networks (StackGAN) aiming at generating high-resolution photo-realistic images. First, we propose a two-stage generative adversarial network architecture, StackGAN-v1, for text-to-image synthesis. The Stage-I GAN sketches the primitive shape and colors of the object based on given text description, yielding low-resolution images. The Stage-II GAN takes Stage-I results and text descriptions as inputs, and generates high-resolution images with photo-realistic details. Second, an advanced multi-stage generative adversarial network architecture, StackGAN-v2, is proposed for both conditional and unconditional generative tasks. Our StackGAN-v2 consists of multiple generators and discriminators in a tree-like structure; images at multiple scales corresponding to the same scene are generated from different branches of the tree. StackGAN-v2 shows more stable training behavior than StackGAN-v1 by jointly approximating multiple distributions. Extensive experiments demonstrate that the proposed stacked generative adversarial networks significantly outperform other state-of-the-art methods in generating photo-realistic images.']"
93,69,93_face_facial_landmark_face detection,"['face', 'facial', 'landmark', 'face detection', 'face alignment', 'faces', 'facial landmark', 'landmarks', 'alignment', 'detection']","[""MaskFace: multi-task face and landmark detector. Currently in the domain of facial analysis single task approaches for face detection and landmark localization dominate. In this paper we draw attention to multi-task models solving both tasks simultaneously. We present a highly accurate model for face and landmark detection. The method, called MaskFace, extends previous face detection approaches by adding a keypoint prediction head. The new keypoint head adopts ideas of Mask R-CNN by extracting facial features with a RoIAlign layer. The keypoint head adds small computational overhead in the case of few faces in the image while improving the accuracy dramatically. We evaluate MaskFace's performance on a face detection task on the AFW, PASCAL face, FDDB, WIDER FACE datasets and a landmark localization task on the AFLW, 300W datasets. For both tasks MaskFace achieves state-of-the-art results outperforming many of single-task and multi-task models."", 'CMS-RCNN: Contextual Multi-Scale Region-based CNN for Unconstrained Face Detection. Robust face detection in the wild is one of the ultimate components to support various facial related problems, i.e. unconstrained face recognition, facial periocular recognition, facial landmarking and pose estimation, facial expression recognition, 3D facial model construction, etc. Although the face detection problem has been intensely studied for decades with various commercial applications, it still meets problems in some real-world scenarios due to numerous challenges, e.g. heavy facial occlusions, extremely low resolutions, strong illumination, exceptionally pose variations, image or video compression artifacts, etc. In this paper, we present a face detection approach named Contextual Multi-Scale Region-based Convolution Neural Network (CMS-RCNN) to robustly solve the problems mentioned above. Similar to the region-based CNNs, our proposed network consists of the region proposal component and the region-of-interest (RoI) detection component. However, far apart of that network, there are two main contributions in our proposed network that play a significant role to achieve the state-of-the-art performance in face detection. Firstly, the multi-scale information is grouped both in region proposal and RoI detection to deal with tiny face regions. Secondly, our proposed network allows explicit body contextual reasoning in the network inspired from the intuition of human vision system. The proposed approach is benchmarked on two recent challenging face detection databases, i.e. the WIDER FACE Dataset which contains high degree of variability, as well as the Face Detection Dataset and Benchmark (FDDB). The experimental results show that our proposed approach trained on WIDER FACE Dataset outperforms strong baselines on WIDER FACE Dataset by a large margin, and consistently achieves competitive results on FDDB against the recent state-of-the-art face detection methods.', ""Face Detection, Bounding Box Aggregation and Pose Estimation for Robust Facial Landmark Localisation in the Wild. We present a framework for robust face detection and landmark localisation of faces in the wild, which has been evaluated as part of `the 2nd Facial Landmark Localisation Competition'. The framework has four stages: face detection, bounding box aggregation, pose estimation and landmark localisation. To achieve a high detection rate, we use two publicly available CNN-based face detectors and two proprietary detectors. We aggregate the detected face bounding boxes of each input image to reduce false positives and improve face detection accuracy. A cascaded shape regressor, trained using faces with a variety of pose variations, is then employed for pose estimation and image pre-processing. Last, we train the final cascaded shape regressor for fine-grained landmark localisation, using a large number of training samples with limited pose variations. The experimental results obtained on the 300W and Menpo benchmarks demonstrate the superiority of our framework over state-of-the-art methods.""]"
94,68,94_registration_image registration_deformation_image,"['registration', 'image registration', 'deformation', 'image', 'symmetry', 'deformable', 'images', 'medical image', 'diffeomorphic', 'ct']","['Unsupervised End-to-end Learning for Deformable Medical Image Registration. We propose a registration algorithm for 2D CT/MRI medical images with a new unsupervised end-to-end strategy using convolutional neural networks. The contributions of our algorithm are threefold: (1) We transplant traditional image registration algorithms to an end-to-end convolutional neural network framework, while maintaining the unsupervised nature of image registration problems. The image-to-image integrated framework can simultaneously learn both image features and transformation matrix for registration. (2) Training with additional data without any label can further improve the registration performance by approximately 10 %. (3) The registration speed is 100x faster than traditional methods. The proposed network is easy to implement and can be trained efficiently. Experiments demonstrate that our system achieves state-of-the-art results on 2D brain registration and achieves comparable results on 2D liver registration. It can be extended to register other organs beyond liver and brain such as kidney, lung, and heart.', 'Fast Symmetric Diffeomorphic Image Registration with Convolutional Neural Networks. Diffeomorphic deformable image registration is crucial in many medical image studies, as it offers unique, special properties including topology preservation and invertibility of the transformation. Recent deep learning-based deformable image registration methods achieve fast image registration by leveraging a convolutional neural network (CNN) to learn the spatial transformation from the synthetic ground truth or the similarity metric. However, these approaches often ignore the topology preservation of the transformation and the smoothness of the transformation which is enforced by a global smoothing energy function alone. Moreover, deep learning-based approaches often estimate the displacement field directly, which cannot guarantee the existence of the inverse transformation. In this paper, we present a novel, efficient unsupervised symmetric image registration method which maximizes the similarity between images within the space of diffeomorphic maps and estimates both forward and inverse transformations simultaneously. We evaluate our method on 3D image registration with a large scale brain image dataset. Our method achieves state-of-the-art registration accuracy and running time while maintaining desirable diffeomorphic properties.', 'Unsupervised Deformable Image Registration Using Cycle-Consistent CNN. Medical image registration is one of the key processing steps for biomedical image analysis such as cancer diagnosis. Recently, deep learning based supervised and unsupervised image registration methods have been extensively studied due to its excellent performance in spite of ultra-fast computational time compared to the classical approaches. In this paper, we present a novel unsupervised medical image registration method that trains deep neural network for deformable registration of 3D volumes using a cycle-consistency. Thanks to the cycle consistency, the proposed deep neural networks can take diverse pair of image data with severe deformation for accurate registration. Experimental results using multiphase liver CT images demonstrate that our method provides very precise 3D image registration within a few seconds, resulting in more accurate cancer size estimation.']"
95,68,95_pose_3d_human pose_3d human,"['pose', '3d', 'human pose', '3d human', 'pose estimation', '3d pose', 'body', 'human', 'estimation', '2d']","[""It's all Relative: Monocular 3D Human Pose Estimation from Weakly Supervised Data. We address the problem of 3D human pose estimation from 2D input images using only weakly supervised training data. Despite showing considerable success for 2D pose estimation, the application of supervised machine learning to 3D pose estimation in real world images is currently hampered by the lack of varied training images with corresponding 3D poses. Most existing 3D pose estimation algorithms train on data that has either been collected in carefully controlled studio settings or has been generated synthetically. Instead, we take a different approach, and propose a 3D human pose estimation algorithm that only requires relative estimates of depth at training time. Such training signal, although noisy, can be easily collected from crowd annotators, and is of sufficient quality for enabling successful training and evaluation of 3D pose algorithms. Our results are competitive with fully supervised regression based approaches on the Human3.6M dataset, despite using significantly weaker training data. Our proposed algorithm opens the door to using existing widespread 2D datasets for 3D pose estimation by allowing fine-tuning with noisy relative constraints, resulting in more accurate 3D poses."", '2D-3D Pose Consistency-based Conditional Random Fields for 3D Human Pose Estimation. This study considers the 3D human pose estimation problem in a single RGB image by proposing a conditional random field (CRF) model over 2D poses, in which the 3D pose is obtained as a byproduct of the inference process. The unary term of the proposed CRF model is defined based on a powerful heat-map regression network, which has been proposed for 2D human pose estimation. This study also presents a regression network for lifting the 2D pose to 3D pose and proposes the prior term based on the consistency between the estimated 3D pose and the 2D pose. To obtain the approximate solution of the proposed CRF model, the N-best strategy is adopted. The proposed inference algorithm can be viewed as sequential processes of bottom-up generation of 2D and 3D pose proposals from the input 2D image based on deep networks and top-down verification of such proposals by checking their consistencies. To evaluate the proposed method, we use two large-scale datasets: Human3.6M and HumanEva. Experimental results show that the proposed method achieves the state-of-the-art 3D human pose estimation performance.', '3D Human Pose Estimation Using Convolutional Neural Networks with 2D Pose Information. While there has been a success in 2D human pose estimation with convolutional neural networks (CNNs), 3D human pose estimation has not been thoroughly studied. In this paper, we tackle the 3D human pose estimation task with end-to-end learning using CNNs. Relative 3D positions between one joint and the other joints are learned via CNNs. The proposed method improves the performance of CNN with two novel ideas. First, we added 2D pose information to estimate a 3D pose from an image by concatenating 2D pose estimation result with the features from an image. Second, we have found that more accurate 3D poses are obtained by combining information on relative positions with respect to multiple joints, instead of just one root joint. Experimental results show that the proposed method achieves comparable performance to the state-of-the-art methods on Human 3.6m dataset.']"
96,68,96_mdp_markov decision_markov_reward,"['mdp', 'markov decision', 'markov', 'reward', 'policy', 'decision', 'mdps', 'decision processes', 'policies', 'decision process']","['Online Reinforcement Learning of Optimal Threshold Policies for Markov Decision Processes. To overcome the curses of dimensionality and modeling of Dynamic Programming (DP) methods to solve Markov Decision Process (MDP) problems, Reinforcement Learning (RL) methods are adopted in practice. Contrary to traditional RL algorithms which do not consider the structural properties of the optimal policy, we propose a structure-aware learning algorithm to exploit the ordered multi-threshold structure of the optimal policy, if any. We prove the asymptotic convergence of the proposed algorithm to the optimal policy. Due to the reduction in the policy space, the proposed algorithm provides remarkable improvements in storage and computational complexities over classical RL algorithms. Simulation results establish that the proposed algorithm converges faster than other RL algorithms.', 'Reinforcement Learning algorithms for regret minimization in structured Markov Decision Processes. A recent goal in the Reinforcement Learning (RL) framework is to choose a sequence of actions or a policy to maximize the reward collected or minimize the regret incurred in a finite time horizon. For several RL problems in operation research and optimal control, the optimal policy of the underlying Markov Decision Process (MDP) is characterized by a known structure. The current state of the art algorithms do not utilize this known structure of the optimal policy while minimizing regret. In this work, we develop new RL algorithms that exploit the structure of the optimal policy to minimize regret. Numerical experiments on MDPs with structured optimal policies show that our algorithms have better performance, are easy to implement, have a smaller run-time and require less number of random number generations.', 'Quantile Markov Decision Process. The goal of a traditional Markov decision process (MDP) is to maximize expected cumulative reward over a defined horizon (possibly infinite). In many applications, however, a decision maker may be interested in optimizing a specific quantile of the cumulative reward instead of its expectation. In this paper we consider the problem of optimizing the quantiles of the cumulative rewards of a Markov decision process (MDP), which we refer to as a quantile Markov decision process (QMDP). We provide analytical results characterizing the optimal QMDP value function and present a dynamic programming-based algorithm to solve for the optimal policy. The algorithm also extends to the MDP problem with a conditional value-at-risk (CVaR) objective. We illustrate the practical relevance of our model by evaluating it on an HIV treatment initiation problem, where patients aim to balance the potential benefits and risks of the treatment.']"
97,68,97_hand_sign_gesture_hand pose,"['hand', 'sign', 'gesture', 'hand pose', 'sign language', 'gestures', 'pose', 'gesture recognition', '3d', 'pose estimation']","['First-Person Hand Action Benchmark with RGB-D Videos and 3D Hand Pose Annotations. In this work we study the use of 3D hand poses to recognize first-person dynamic hand actions interacting with 3D objects. Towards this goal, we collected RGB-D video sequences comprised of more than 100K frames of 45 daily hand action categories, involving 26 different objects in several hand configurations. To obtain hand pose annotations, we used our own mo-cap system that automatically infers the 3D location of each of the 21 joints of a hand model via 6 magnetic sensors and inverse kinematics. Additionally, we recorded the 6D object poses and provide 3D object models for a subset of hand-object interaction sequences. To the best of our knowledge, this is the first benchmark that enables the study of first-person hand actions with the use of 3D hand poses. We present an extensive experimental evaluation of RGB-D and pose-based action recognition by 18 baselines/state-of-the-art approaches. The impact of using appearance features, poses, and their combinations are measured, and the different training/testing protocols are evaluated. Finally, we assess how ready the 3D hand pose estimation field is when hands are severely occluded by objects in egocentric views and its influence on action recognition. From the results, we see clear benefits of using hand pose as a cue for action recognition compared to other data modalities. Our dataset and experiments can be of interest to communities of 3D hand pose estimation, 6D object pose, and robotics as well as action recognition.', '3D Hand Pose Estimation via Regularized Graph Representation Learning. This paper addresses the problem of 3D hand pose estimation from a monocular RGB image. While previous methods have shown great success, the structure of hands has not been fully exploited, which is critical in pose estimation. To this end, we propose a regularized graph representation learning under a conditional adversarial learning framework for 3D hand pose estimation, aiming to capture structural inter-dependencies of hand joints. In particular, we estimate an initial hand pose from a parametric hand model as a prior of hand structure, which regularizes the inference of the structural deformation in the prior pose for accurate graph representation learning via residual graph convolution. To optimize the hand structure further, we propose two bone-constrained loss functions, which characterize the morphable structure of hand poses explicitly. Also, we introduce an adversarial learning framework conditioned on the input image with a multi-source discriminator, which imposes the structural constraints onto the distribution of generated 3D hand poses for anthropomorphically valid hand poses. Extensive experiments demonstrate that our model sets the new state-of-the-art in 3D hand pose estimation from a monocular image on five standard benchmarks.', 'Reasoning about Body-Parts Relations for Sign Language Recognition. Over the years, hand gesture recognition has been mostly addressed considering hand trajectories in isolation. However, in most sign languages, hand gestures are defined on a particular context (body region). We propose a pipeline to perform sign language recognition which models hand movements in the context of other parts of the body captured in the 3D space using the MS Kinect sensor. In addition, we perform sign recognition based on the different hand postures that occur during a sign. Our experiments show that considering different body parts brings improved performance when compared to other methods which only consider global hand trajectories. Finally, we demonstrate that the combination of hand postures features with hand gestures features helps to improve the prediction of a given sign.']"
98,67,98_superresolution_sr_image superresolution_image,"['superresolution', 'sr', 'image superresolution', 'image', 'hr', 'lr', 'resolution', 'images', 'lowresolution', 'single image']","['""Zero-Shot"" Super-Resolution using Deep Internal Learning. Deep Learning has led to a dramatic leap in Super-Resolution (SR) performance in the past few years. However, being supervised, these SR methods are restricted to specific training data, where the acquisition of the low-resolution (LR) images from their high-resolution (HR) counterparts is predetermined (e.g., bicubic downscaling), without any distracting artifacts (e.g., sensor noise, image compression, non-ideal PSF, etc). Real LR images, however, rarely obey these restrictions, resulting in poor SR results by SotA (State of the Art) methods. In this paper we introduce ""Zero-Shot"" SR, which exploits the power of Deep Learning, but does not rely on prior training. We exploit the internal recurrence of information inside a single image, and train a small image-specific CNN at test time, on examples extracted solely from the input image itself. As such, it can adapt itself to different settings per image. This allows to perform SR of real old photos, noisy images, biological data, and other images where the acquisition process is unknown or non-ideal. On such images, our method outperforms SotA CNN-based SR methods, as well as previous unsupervised SR methods. To the best of our knowledge, this is the first unsupervised CNN-based SR method.', 'Unsupervised Degradation Learning for Single Image Super-Resolution. Deep Convolution Neural Networks (CNN) have achieved significant performance on single image super-resolution (SR) recently. However, existing CNN-based methods use artificially synthetic low-resolution (LR) and high-resolution (HR) image pairs to train networks, which cannot handle real-world cases since the degradation from HR to LR is much more complex than manually designed. To solve this problem, we propose a real-world LR images guided bi-cycle network for single image super-resolution, in which the bidirectional structural consistency is exploited to train both the degradation and SR reconstruction networks in an unsupervised way. Specifically, we propose a degradation network to model the real-world degradation process from HR to LR via generative adversarial networks, and these generated realistic LR images paired with real-world HR images are exploited for training the SR reconstruction network, forming the first cycle. Then in the second reverse cycle, consistency of real-world LR images are exploited to further stabilize the training of SR reconstruction and degradation networks. Extensive experiments on both synthetic and real-world images demonstrate that the proposed algorithm performs favorably against state-of-the-art single image SR methods.', 'Blind Super-Resolution Kernel Estimation using an Internal-GAN. Super resolution (SR) methods typically assume that the low-resolution (LR) image was downscaled from the unknown high-resolution (HR) image by a fixed \'ideal\' downscaling kernel (e.g. Bicubic downscaling). However, this is rarely the case in real LR images, in contrast to synthetically generated SR datasets. When the assumed downscaling kernel deviates from the true one, the performance of SR methods significantly deteriorates. This gave rise to Blind-SR - namely, SR when the downscaling kernel (""SR-kernel"") is unknown. It was further shown that the true SR-kernel is the one that maximizes the recurrence of patches across scales of the LR image. In this paper we show how this powerful cross-scale recurrence property can be realized using Deep Internal Learning. We introduce ""KernelGAN"", an image-specific Internal-GAN, which trains solely on the LR test image at test time, and learns its internal distribution of patches. Its Generator is trained to produce a downscaled version of the LR test image, such that its Discriminator cannot distinguish between the patch distribution of the downscaled image, and the patch distribution of the original LR image. The Generator, once trained, constitutes the downscaling operation with the correct image-specific SR-kernel. KernelGAN is fully unsupervised, requires no training data other than the input image itself, and leads to state-of-the-art results in Blind-SR when plugged into existing SR algorithms.']"
99,66,99_belief_theory_dempstershafer_belief functions,"['belief', 'theory', 'dempstershafer', 'belief functions', 'evidence', 'functions', 'evidence theory', 'belief function', 'dempstershafer theory', 'choice functions']","['Generalized Belief Function: A new concept for uncertainty modelling and processing. In this paper, we generalize the belief function on complex plane from another point of view. We first propose a new concept of complex mass function based on the complex number, called complex basic belief assignment, which is a generalization of the traditional mass function in Dempster-Shafer evidence theory. On the basis of the de nition of complex mass function, the belief function and plausibility function are generalized. In particular, when the complex mass function is degenerated from complex numbers to real numbers, the generalized belief and plausibility functions degenerate into the traditional belief and plausibility functions in DSE theory, respectively.', 'Identification and Interpretation of Belief Structure in Dempster-Shafer Theory. Mathematical Theory of Evidence called also Dempster-Shafer Theory (DST) is known as a foundation for reasoning when knowledge is expressed at various levels of detail. Though much research effort has been committed to this theory since its foundation, many questions remain open. One of the most important open questions seems to be the relationship between frequencies and the Mathematical Theory of Evidence. The theory is blamed to leave frequencies outside (or aside of) its framework. The seriousness of this accusation is obvious: (1) no experiment may be run to compare the performance of DST-based models of real world processes against real world data, (2) data may not serve as foundation for construction of an appropriate belief model.\n  In this paper we develop a frequentist interpretation of the DST bringing to fall the above argument against DST. An immediate consequence of it is the possibility to develop algorithms acquiring automatically DST belief models from data. We propose three such algorithms for various classes of belief model structures: for tree structured belief networks, for poly-tree belief networks and for general type belief networks.', 'On Marginally Correct Approximations of Dempster-Shafer Belief Functions from Data. Mathematical Theory of Evidence (MTE), a foundation for reasoning under partial ignorance, is blamed to leave frequencies outside (or aside of) its framework. The seriousness of this accusation is obvious: no experiment may be run to compare the performance of MTE-based models of real world processes against real world data.\n  In this paper we consider this problem from the point of view of conditioning in the MTE. We describe the class of belief functions for which marginal consistency with observed frequencies may be achieved and conditional belief functions are proper belief functions,%\\ and deal with implications for (marginal) approximation of general belief functions by this class of belief functions and for inference models in MTE.']"
100,66,100_illumination_reflectance_color_lighting,"['illumination', 'reflectance', 'color', 'lighting', 'light', 'constancy', 'color constancy', 'image', 'scene', 'images']","['Inverse Path Tracing for Joint Material and Lighting Estimation. Modern computer vision algorithms have brought significant advancement to 3D geometry reconstruction. However, illumination and material reconstruction remain less studied, with current approaches assuming very simplified models for materials and illumination. We introduce Inverse Path Tracing, a novel approach to jointly estimate the material properties of objects and light sources in indoor scenes by using an invertible light transport simulation. We assume a coarse geometry scan, along with corresponding images and camera poses. The key contribution of this work is an accurate and simultaneous retrieval of light sources and physically based material properties (e.g., diffuse reflectance, specular reflectance, roughness, etc.) for the purpose of editing and re-rendering the scene under new conditions. To this end, we introduce a novel optimization method using a differentiable Monte Carlo renderer that computes derivatives with respect to the estimated unknown illumination and material properties. This enables joint optimization for physically correct light transport and material models using a tailored stochastic gradient descent.', 'A Lightweight Approach for On-the-Fly Reflectance Estimation. Estimating surface reflectance (BRDF) is one key component for complete 3D scene capture, with wide applications in virtual reality, augmented reality, and human computer interaction. Prior work is either limited to controlled environments (\\eg gonioreflectometers, light stages, or multi-camera domes), or requires the joint optimization of shape, illumination, and reflectance, which is often computationally too expensive (\\eg hours of running time) for real-time applications. Moreover, most prior work requires HDR images as input which further complicates the capture process. In this paper, we propose a lightweight approach for surface reflectance estimation directly from $8$-bit RGB images in real-time, which can be easily plugged into any 3D scanning-and-fusion system with a commodity RGBD sensor. Our method is learning-based, with an inference time of less than 90ms per scene and a model size of less than 340K bytes. We propose two novel network architectures, HemiCNN and Grouplet, to deal with the unstructured input data from multiple viewpoints under unknown illumination. We further design a loss function to resolve the color-constancy and scale ambiguity. In addition, we have created a large synthetic dataset, SynBRDF, which comprises a total of $500$K RGBD images rendered with a physically-based ray tracer under a variety of natural illumination, covering $5000$ materials and $5000$ shapes. SynBRDF is the first large-scale benchmark dataset for reflectance estimation. Experiments on both synthetic data and real data show that the proposed method effectively recovers surface reflectance, and outperforms prior work for reflectance estimation in uncontrolled environments.', 'Approaching the Computational Color Constancy as a Classification Problem through Deep Learning. Computational color constancy refers to the problem of computing the illuminant color so that the images of a scene under varying illumination can be normalized to an image under the canonical illumination. In this paper, we adopt a deep learning framework for the illumination estimation problem. The proposed method works under the assumption of uniform illumination over the scene and aims for the accurate illuminant color computation. Specifically, we trained the convolutional neural network to solve the problem by casting the color constancy problem as an illumination classification problem. We designed the deep learning architecture so that the output of the network can be directly used for computing the color of the illumination. Experimental results show that our deep network is able to extract useful features for the illumination estimation and our method outperforms all previous color constancy methods on multiple test datasets.']"
101,65,101_argumentation_arguments_semantics_argument,"['argumentation', 'arguments', 'semantics', 'argument', 'argumentation frameworks', 'abstract argumentation', 'abstract', 'frameworks', 'bipolar', 'acceptability']","[""Abstract Argumentation and the Rational Man. Abstract argumentation has emerged as a method for non-monotonic reasoning that has gained popularity in the symbolic artificial intelligence community. In the literature, the different approaches to abstract argumentation that were refined over the years are typically evaluated from a formal logics perspective; an analysis that is based on models of economically rational decision-making does not exist. In this paper, we work towards addressing this issue by analyzing abstract argumentation from the perspective of the rational man paradigm in microeconomic theory. To assess under which conditions abstract argumentation-based decision-making can be considered economically rational, we derive reference independence as a non-monotonic inference property from a formal model of economic rationality and create a new argumentation principle that ensures compliance with this property. We then compare the reference independence principle with other reasoning principles, in particular with cautious monotony and rational monotony. We show that the argumentation semantics as proposed in Dung's seminal paper, as well as other semantics we evaluate -- with the exception of naive semantics and the SCC-recursive CF2 semantics -- violate the reference independence principle. Consequently, we investigate how structural properties of argumentation frameworks impact the reference independence principle, and identify cyclic expansions (both even and odd cycles) as the root of the problem. Finally, we put reference independence into the context of preference-based argumentation and show that for this argumentation variant, which explicitly models preferences, reference independence cannot be ensured in a straight-forward manner."", 'Technical report of ""Empirical Study on Human Evaluation of Complex Argumentation Frameworks"". In abstract argumentation, multiple argumentation semantics have been proposed that allow to select sets of jointly acceptable arguments from a given argumentation framework, i.e. based only on the attack relation between arguments. The existence of multiple argumentation semantics raises the question which of these semantics predicts best how humans evaluate arguments. Previous empirical cognitive studies that have tested how humans evaluate sets of arguments depending on the attack relation between them have been limited to a small set of very simple argumentation frameworks, so that some semantics studied in the literature could not be meaningfully distinguished by these studies. In this paper we report on an empirical cognitive study that overcomes these limitations by taking into consideration twelve argumentation frameworks of three to eight arguments each. These argumentation frameworks were mostly more complex than the argumentation frameworks considered in previous studies. All twelve argumentation framework were systematically instantiated with natural language arguments based on a certain fictional scenario, and participants were shown both the natural language arguments and a graphical depiction of the attack relation between them. Our data shows that grounded and CF2 semantics were the best predictors of human argument evaluation. A detailed analysis revealed that part of the participants chose a cognitively simpler strategy that is predicted very well by grounded semantics, while another part of the participants chose a cognitively more demanding strategy that is mostly predicted well by CF2 semantics.', 'Block Argumentation. We contemplate a higher-level bipolar abstract argumentation for non-elementary arguments such as: X argues against Ys sincerity with the fact that Y has presented his argument to draw a conclusion C, by omitting other facts which would not have validated C. Argumentation involving such arguments requires us to potentially consider an argument as a coherent block of argumentation, i.e. an argument may itself be an argumentation. In this work, we formulate block argumentation as a specific instance of Dung-style bipolar abstract argumentation with the dual nature of arguments. We consider internal consistency of an argument(ation) under a set of constraints, of graphical (syntactic) and of semantic nature, and formulate acceptability semantics in relation to them. We discover that classical acceptability semantics do not in general hold good with the constraints. In particular, acceptability of unattacked arguments is not always warranted. Further, there may not be a unique minimal member in complete semantics, thus sceptic (grounded) semantics may not be its subset. To retain set-theoretically minimal semantics as a subset of complete semantics, we define semi-grounded semantics. Through comparisons, we show how the concept of block argumentation may further generalise structured argumentation.']"
102,65,102_equations_differential_differential equations_physics,"['equations', 'differential', 'differential equations', 'physics', 'partial differential', 'physical', 'odes', 'equation', 'neural', 'neural odes']","['Hidden Physics Models: Machine Learning of Nonlinear Partial Differential Equations. While there is currently a lot of enthusiasm about ""big data"", useful data is usually ""small"" and expensive to acquire. In this paper, we present a new paradigm of learning partial differential equations from {\\em small} data. In particular, we introduce \\emph{hidden physics models}, which are essentially data-efficient learning machines capable of leveraging the underlying laws of physics, expressed by time dependent and nonlinear partial differential equations, to extract patterns from high-dimensional data generated from experiments. The proposed methodology may be applied to the problem of learning, system identification, or data-driven discovery of partial differential equations. Our framework relies on Gaussian processes, a powerful tool for probabilistic inference over functions, that enables us to strike a balance between model complexity and data fitting. The effectiveness of the proposed approach is demonstrated through a variety of canonical problems, spanning a number of scientific domains, including the Navier-Stokes, Schrödinger, Kuramoto-Sivashinsky, and time dependent linear fractional equations. The methodology provides a promising new direction for harnessing the long-standing developments of classical methods in applied mathematics and mathematical physics to design learning machines with the ability to operate in complex domains without requiring large quantities of data.', 'Physics Informed Deep Learning (Part II): Data-driven Discovery of Nonlinear Partial Differential Equations. We introduce physics informed neural networks -- neural networks that are trained to solve supervised learning tasks while respecting any given law of physics described by general nonlinear partial differential equations. In this second part of our two-part treatise, we focus on the problem of data-driven discovery of partial differential equations. Depending on whether the available data is scattered in space-time or arranged in fixed temporal snapshots, we introduce two main classes of algorithms, namely continuous time and discrete time models. The effectiveness of our approach is demonstrated using a wide range of benchmark problems in mathematical physics, including conservation laws, incompressible fluid flow, and the propagation of nonlinear shallow-water waves.', 'Physics Informed Deep Learning (Part I): Data-driven Solutions of Nonlinear Partial Differential Equations. We introduce physics informed neural networks -- neural networks that are trained to solve supervised learning tasks while respecting any given law of physics described by general nonlinear partial differential equations. In this two part treatise, we present our developments in the context of solving two main classes of problems: data-driven solution and data-driven discovery of partial differential equations. Depending on the nature and arrangement of the available data, we devise two distinct classes of algorithms, namely continuous time and discrete time models. The resulting neural networks form a new class of data-efficient universal function approximators that naturally encode any underlying physical laws as prior information. In this first part, we demonstrate how these networks can be used to infer solutions to partial differential equations, and obtain physics-informed surrogate models that are fully differentiable with respect to all input coordinates and free parameters.']"
103,65,103_communication_emergent_language_agents,"['communication', 'emergent', 'language', 'agents', 'emergent communication', 'emergence', 'grounded', 'game', 'multiagent', 'language learning']","['Emergence of Linguistic Communication from Referential Games with Symbolic and Pixel Input. The ability of algorithms to evolve or learn (compositional) communication protocols has traditionally been studied in the language evolution literature through the use of emergent communication tasks. Here we scale up this research by using contemporary deep learning methods and by training reinforcement-learning neural network agents on referential communication games. We extend previous work, in which agents were trained in symbolic environments, by developing agents which are able to learn from raw pixel data, a more challenging and realistic input representation. We find that the degree of structure found in the input data affects the nature of the emerged protocols, and thereby corroborate the hypothesis that structured compositional language is most likely to emerge when agents perceive the world as being structured.', 'Learning to cooperate: Emergent communication in multi-agent navigation. Emergent communication in artificial agents has been studied to understand language evolution, as well as to develop artificial systems that learn to communicate with humans. We show that agents performing a cooperative navigation task in various gridworld environments learn an interpretable communication protocol that enables them to efficiently, and in many cases, optimally, solve the task. An analysis of the agents\' policies reveals that emergent signals spatially cluster the state space, with signals referring to specific locations and spatial directions such as ""left"", ""up"", or ""upper left room"". Using populations of agents, we show that the emergent protocol has basic compositional structure, thus exhibiting a core property of natural language.', ""On the Pitfalls of Measuring Emergent Communication. How do we know if communication is emerging in a multi-agent system? The vast majority of recent papers on emergent communication show that adding a communication channel leads to an increase in reward or task success. This is a useful indicator, but provides only a coarse measure of the agent's learned communication abilities. As we move towards more complex environments, it becomes imperative to have a set of finer tools that allow qualitative and quantitative insights into the emergence of communication. This may be especially useful to allow humans to monitor agents' behaviour, whether for fault detection, assessing performance, or even building trust. In this paper, we examine a few intuitive existing metrics for measuring communication, and show that they can be misleading. Specifically, by training deep reinforcement learning agents to play simple matrix games augmented with a communication channel, we find a scenario where agents appear to communicate (their messages provide information about their subsequent action), and yet the messages do not impact the environment or other agent in any way. We explain this phenomenon using ablation studies and by visualizing the representations of the learned policies. We also survey some commonly used metrics for measuring emergent communication, and provide recommendations as to when these metrics should be used.""]"
104,64,104_traffic_traffic flow_prediction_flow,"['traffic', 'traffic flow', 'prediction', 'flow', 'forecasting', 'transportation', 'road', 'congestion', 'spatial', 'spatiotemporal']","['Short-Term Traffic Flow Prediction Using Variational LSTM Networks. Traffic flow characteristics are one of the most critical decision-making and traffic policing factors in a region. Awareness of the predicted status of the traffic flow has prime importance in traffic management and traffic information divisions. The purpose of this research is to suggest a forecasting model for traffic flow by using deep learning techniques based on historical data in the Intelligent Transportation Systems area. The historical data collected from the Caltrans Performance Measurement Systems (PeMS) for six months in 2019. The proposed prediction model is a Variational Long Short-Term Memory Encoder in brief VLSTM-E try to estimate the flow accurately in contrast to other conventional methods. VLSTM-E can provide more reliable short-term traffic flow by considering the distribution and missing values.', 'When Traffic Flow Prediction Meets Wireless Big Data Analytics. Traffic flow prediction is an important research issue for solving the traffic congestion problem in an Intelligent Transportation System (ITS). Traffic congestion is one of the most serious problems in a city, which can be predicted in advance by analyzing traffic flow patterns. Such prediction is possible by analyzing the real-time transportation data from correlative roads and vehicles. This article first gives a brief introduction to the transportation data, and surveys the state-of-the-art prediction methods. Then, we verify whether or not the prediction performance is able to be improved by fitting actual data to optimize the parameters of the prediction model which is used to predict the traffic flow. Such verification is conducted by comparing the optimized time series prediction model with the normal time series prediction model. This means that in the era of big data, accurate use of the data becomes the focus of studying the traffic flow prediction to solve the congestion problem. Finally, experimental results of a case study are provided to verify the existence of such performance improvement, while the research challenges of this data-analytics-based prediction are presented and discussed.', ""DeepTFP: Mobile Time Series Data Analytics based Traffic Flow Prediction. Traffic flow prediction is an important research issue to avoid traffic congestion in transportation systems. Traffic congestion avoiding can be achieved by knowing traffic flow and then conducting transportation planning. Achieving traffic flow prediction is challenging as the prediction is affected by many complex factors such as inter-region traffic, vehicles' relations, and sudden events. However, as the mobile data of vehicles has been widely collected by sensor-embedded devices in transportation systems, it is possible to predict the traffic flow by analysing mobile data. This study proposes a deep learning based prediction algorithm, DeepTFP, to collectively predict the traffic flow on each and every traffic road of a city. This algorithm uses three deep residual neural networks to model temporal closeness, period, and trend properties of traffic flow. Each residual neural network consists of a branch of residual convolutional units. DeepTFP aggregates the outputs of the three residual neural networks to optimize the parameters of a time series prediction model. Contrast experiments on mobile time series data from the transportation system of England demonstrate that the proposed DeepTFP outperforms the Long Short-Term Memory (LSTM) architecture based method in prediction accuracy.""]"
105,62,105_fingerprint_iris_biometric_minutiae,"['fingerprint', 'iris', 'biometric', 'minutiae', 'antispoofing', 'iris recognition', 'template', 'face', 'recognition', 'biometrics']","['Morton Filters for Superior Template Protection for Iris Recognition. We address the fundamental performance issues of template protection (TP) for iris verification. We base our work on the popular Bloom-Filter templates protection & address the key challenges like sub-optimal performance and low unlinkability. Specifically, we focus on cases where Bloom-filter templates results in non-ideal performance due to presence of large degradations within iris images. Iris recognition is challenged with number of occluding factors such as presence of eye-lashes within captured image, occlusion due to eyelids, low quality iris images due to motion blur. All of such degrading factors result in obtaining non-reliable iris codes & thereby provide non-ideal biometric performance. These factors directly impact the protected templates derived from iris images when classical Bloom-filters are employed. To this end, we propose and extend our earlier ideas of Morton-filters for obtaining better and reliable templates for iris. Morton filter based TP for iris codes is based on leveraging the intra and inter-class distribution by exploiting low-rank iris codes to derive the stable bits across iris images for a particular subject and also analyzing the discriminable bits across various subjects. Such low-rank non-noisy iris codes enables realizing the template protection in a superior way which not only can be used in constrained setting, but also in relaxed iris imaging. We further extend the work to analyze the applicability to VIS iris images by employing a large scale public iris image database - UBIRIS(v1 & v2), captured in a unconstrained setting. Through a set of experiments, we demonstrate the applicability of proposed approach and vet the strengths and weakness. Yet another contribution of this work stems in assessing the security of the proposed approach where factors of Unlinkability is studied to indicate the antagonistic nature to relaxed iris imaging scenarios.', 'A Novel Approach for Partial Fingerprint Identification to Mitigate MasterPrint Generation. Partial fingerprint recognition is a method to recognize an individual when the sensor size has a small form factor in accepting a full fingerprint. It is also used in forensic research to identify the partial fingerprints collected from the crime scenes. But the distinguishing features in the partial fingerprint are relatively low due to small fingerprint captured by the sensor. Hence, the uniqueness of a partial fingerprint cannot be guaranteed, leading to a possibility that a single partial fingerprint may identify multiple subjects. A MasterPrint is a partial fingerprint that identifies at least 4% different individuals from the enrolled template database. A fingerprint identification system with such a flaw can play a significant role in convicting an innocent in a criminal case. We propose a partial fingerprint identification approach that aims to mitigate MasterPrint generation. The proposed method, when applied to partial fingerprint dataset cropped from standard FVC 2002 DB1(A) dataset showed significant improvement in reducing the count of MasterPrints. The experimental result demonstrates improved results on other parameters, such as True match Rate (TMR) and Equal Error Rate (EER), generally used to evaluate the performance of a fingerprint biometric system.', 'Biometric Recognition System (Algorithm). Fingerprints are the most widely deployed form of biometric identification. No two individuals share the same fingerprint because they have unique biometric identifiers. This paper presents an efficient fingerprint verification algorithm which improves matching accuracy. Fingerprint images get degraded and corrupted due to variations in skin and impression conditions. Thus, image enhancement techniques are employed prior to singular point detection and minutiae extraction. Singular point is the point of maximum curvature. It is determined by the normal of each fingerprint ridge, and then following them inward towards the centre. The local ridge features known as minutiae is extracted using cross-number method to find ridge endings and ridge bifurcations. The proposed algorithm chooses a radius and draws a circle with core point as centre, making fingerprint images rotationally invariant and uniform. The radius can be varied according to the accuracy depending on the particular application. Morphological techniques such as clean, spur and H-break is employed to remove noise, followed by removing spurious minutiae. Templates are created based on feature vector extraction and databases are made for verification and identification for the fingerprint images taken from Fingerprint Verification Competition (FVC2002). Minimum Euclidean distance is calculated between saved template and the test fingerprint image template and compared with the set threshold for matching decision. For the performance evaluation of the proposed algorithm various measures, equal error rate (EER), Dmin at EER, accuracy and threshold are evaluated and plotted. The measures demonstrate that the proposed algorithm is more effective and robust.']"
106,61,106_argument_arguments_argumentative_argumentation,"['argument', 'arguments', 'argumentative', 'argumentation', 'debate', 'argument mining', 'speeches', 'mining', 'argumentation mining', 'claims']","[""Here's My Point: Joint Pointer Architecture for Argument Mining. One of the major goals in automated argumentation mining is to uncover the argument structure present in argumentative text. In order to determine this structure, one must understand how different individual components of the overall argument are linked. General consensus in this field dictates that the argument components form a hierarchy of persuasion, which manifests itself in a tree structure. This work provides the first neural network-based approach to argumentation mining, focusing on the two tasks of extracting links between argument components, and classifying types of argument components. In order to solve this problem, we propose to use a joint model that is based on a Pointer Network architecture. A Pointer Network is appealing for this task for the following reasons: 1) It takes into account the sequential nature of argument components; 2) By construction, it enforces certain properties of the tree structure present in argument relations; 3) The hidden representations can be applied to auxiliary tasks. In order to extend the contribution of the original Pointer Network model, we construct a joint model that simultaneously attempts to learn the type of argument component, as well as continuing to predict links between argument components. The proposed joint model achieves state-of-the-art results on two separate evaluation corpora, achieving far superior performance than a regular Pointer Network model. Our results show that optimizing for both tasks, and adding a fully-connected layer prior to recurrent neural network input, is crucial for high performance."", ""AMPERSAND: Argument Mining for PERSuAsive oNline Discussions. Argumentation is a type of discourse where speakers try to persuade their audience about the reasonableness of a claim by presenting supportive arguments. Most work in argument mining has focused on modeling arguments in monologues. We propose a computational model for argument mining in online persuasive discussion forums that brings together the micro-level (argument as product) and macro-level (argument as process) models of argumentation. Fundamentally, this approach relies on identifying relations between components of arguments in a discussion thread. Our approach for relation prediction uses contextual information in terms of fine-tuning a pre-trained language model and leveraging discourse relations based on Rhetorical Structure Theory. We additionally propose a candidate selection method to automatically predict what parts of one's argument will be targeted by other participants in the discussion. Our models obtain significant improvements compared to recent state-of-the-art approaches using pointer networks and a pre-trained language model."", 'TACAM: Topic And Context Aware Argument Mining. In this work we address the problem of argument search. The purpose of argument search is the distillation of pro and contra arguments for requested topics from large text corpora. In previous works, the usual approach is to use a standard search engine to extract text parts which are relevant to the given topic and subsequently use an argument recognition algorithm to select arguments from them. The main challenge in the argument recognition task, which is also known as argument mining, is that often sentences containing arguments are structurally similar to purely informative sentences without any stance about the topic. In fact, they only differ semantically. Most approaches use topic or search term information only for the first search step and therefore assume that arguments can be classified independently of a topic. We argue that topic information is crucial for argument mining, since the topic defines the semantic context of an argument. Precisely, we propose different models for the classification of arguments, which take information about a topic of an argument into account. Moreover, to enrich the context of a topic and to let models understand the context of the potential argument better, we integrate information from different external sources such as Knowledge Graphs or pre-trained NLP models. Our evaluation shows that considering topic information, especially in connection with external information, provides a significant performance boost for the argument mining task.']"
107,59,107_inverse reinforcement_imitation_irl_imitation learning,"['inverse reinforcement', 'imitation', 'irl', 'imitation learning', 'inverse', 'demonstrations', 'reward', 'reinforcement', 'reinforcement learning', 'reward function']","['Energy-Based Imitation Learning. We tackle a common scenario in imitation learning (IL), where agents try to recover the optimal policy from expert demonstrations without further access to the expert or environment reward signals. Except the simple Behavior Cloning (BC) that adopts supervised learning followed by the problem of compounding error, previous solutions like inverse reinforcement learning (IRL) and recent generative adversarial methods involve a bi-level or alternating optimization for updating the reward function and the policy, suffering from high computational cost and training instability. Inspired by recent progress in energy-based model (EBM), in this paper, we propose a simplified IL framework named Energy-Based Imitation Learning (EBIL). Instead of updating the reward and policy iteratively, EBIL breaks out of the traditional IRL paradigm by a simple and flexible two-stage solution: first estimating the expert energy as the surrogate reward function through score matching, then utilizing such a reward for learning the policy by reinforcement learning algorithms. EBIL combines the idea of both EBM and occupancy measure matching, and via theoretic analysis we reveal that EBIL and Max-Entropy IRL (MaxEnt IRL) approaches are two sides of the same coin, and thus EBIL could be an alternative of adversarial IRL methods. Extensive experiments on qualitative and quantitative evaluations indicate that EBIL is able to recover meaningful and interpretative reward signals while achieving effective and comparable performance against existing algorithms on IL benchmarks.', ""Better-than-Demonstrator Imitation Learning via Automatically-Ranked Demonstrations. The performance of imitation learning is typically upper-bounded by the performance of the demonstrator. While recent empirical results demonstrate that ranked demonstrations allow for better-than-demonstrator performance, preferences over demonstrations may be difficult to obtain, and little is known theoretically about when such methods can be expected to successfully extrapolate beyond the performance of the demonstrator. To address these issues, we first contribute a sufficient condition for better-than-demonstrator imitation learning and provide theoretical results showing why preferences over demonstrations can better reduce reward function ambiguity when performing inverse reinforcement learning. Building on this theory, we introduce Disturbance-based Reward Extrapolation (D-REX), a ranking-based imitation learning method that injects noise into a policy learned through behavioral cloning to automatically generate ranked demonstrations. These ranked demonstrations are used to efficiently learn a reward function that can then be optimized using reinforcement learning. We empirically validate our approach on simulated robot and Atari imitation learning benchmarks and show that D-REX outperforms standard imitation learning approaches and can significantly surpass the performance of the demonstrator. D-REX is the first imitation learning approach to achieve significant extrapolation beyond the demonstrator's performance without additional side-information or supervision, such as rewards or human preferences. By generating rankings automatically, we show that preference-based inverse reinforcement learning can be applied in traditional imitation learning settings where only unlabeled demonstrations are available."", 'Off-Policy Adversarial Inverse Reinforcement Learning. Adversarial Imitation Learning (AIL) is a class of algorithms in Reinforcement learning (RL), which tries to imitate an expert without taking any reward from the environment and does not provide expert behavior directly to the policy training. Rather, an agent learns a policy distribution that minimizes the difference from expert behavior in an adversarial setting. Adversarial Inverse Reinforcement Learning (AIRL) leverages the idea of AIL, integrates a reward function approximation along with learning the policy, and shows the utility of IRL in the transfer learning setting. But the reward function approximator that enables transfer learning does not perform well in imitation tasks. We propose an Off-Policy Adversarial Inverse Reinforcement Learning (Off-policy-AIRL) algorithm which is sample efficient as well as gives good imitation performance compared to the state-of-the-art AIL algorithm in the continuous control tasks. For the same reward function approximator, we show the utility of learning our algorithm over AIL by using the learned reward function to retrain the policy over a task under significant variation where expert demonstrations are absent.']"
108,58,108_morphological_languages_inflection_tagging,"['morphological', 'languages', 'inflection', 'tagging', 'morphology', 'inflectional', 'inflected', 'reinflection', 'sigmorphon', 'morphologically']","['A Morphology-aware Network for Morphological Disambiguation. Agglutinative languages such as Turkish, Finnish and Hungarian require morphological disambiguation before further processing due to the complex morphology of words. A morphological disambiguator is used to select the correct morphological analysis of a word. Morphological disambiguation is important because it generally is one of the first steps of natural language processing and its performance affects subsequent analyses. In this paper, we propose a system that uses deep learning techniques for morphological disambiguation. Many of the state-of-the-art results in computer vision, speech recognition and natural language processing have been obtained through deep learning models. However, applying deep learning techniques to morphologically rich languages is not well studied. In this work, while we focus on Turkish morphological disambiguation we also present results for French and German in order to show that the proposed architecture achieves high accuracy with no language-specific feature engineering or additional resource. In the experiments, we achieve 84.12, 88.35 and 93.78 morphological disambiguation accuracy among the ambiguous words for Turkish, German and French respectively.', 'Unsupervised Morphological Paradigm Completion. We propose the task of unsupervised morphological paradigm completion. Given only raw text and a lemma list, the task consists of generating the morphological paradigms, i.e., all inflected forms, of the lemmas. From a natural language processing (NLP) perspective, this is a challenging unsupervised task, and high-performing systems have the potential to improve tools for low-resource languages or to assist linguistic annotators. From a cognitive science perspective, this can shed light on how children acquire morphological knowledge. We further introduce a system for the task, which generates morphological paradigms via the following steps: (i) EDIT TREE retrieval, (ii) additional lemma retrieval, (iii) paradigm size discovery, and (iv) inflection generation. We perform an evaluation on 14 typologically diverse languages. Our system outperforms trivial baselines with ease and, for some languages, even obtains a higher accuracy than minimally supervised systems.', 'The SIGMORPHON 2020 Shared Task on Unsupervised Morphological Paradigm Completion. In this paper, we describe the findings of the SIGMORPHON 2020 shared task on unsupervised morphological paradigm completion (SIGMORPHON 2020 Task 2), a novel task in the field of inflectional morphology. Participants were asked to submit systems which take raw text and a list of lemmas as input, and output all inflected forms, i.e., the entire morphological paradigm, of each lemma. In order to simulate a realistic use case, we first released data for 5 development languages. However, systems were officially evaluated on 9 surprise languages, which were only revealed a few days before the submission deadline. We provided a modular baseline system, which is a pipeline of 4 components. 3 teams submitted a total of 7 systems, but, surprisingly, none of the submitted systems was able to improve over the baseline on average over all 9 test languages. Only on 3 languages did a submitted system obtain the best results. This shows that unsupervised morphological paradigm completion is still largely unsolved. We present an analysis here, so that this shared task will ground further research on the topic.']"
109,58,109_crosslingual_multilingual_languages_language,"['crosslingual', 'multilingual', 'languages', 'language', 'bert', 'crosslingual transfer', 'finetuning', 'zeroshot', 'transfer', 'pretrained']","['Adaptation of Deep Bidirectional Multilingual Transformers for Russian Language. The paper introduces methods of adaptation of multilingual masked language models for a specific language. Pre-trained bidirectional language models show state-of-the-art performance on a wide range of tasks including reading comprehension, natural language inference, and sentiment analysis. At the moment there are two alternative approaches to train such models: monolingual and multilingual. While language specific models show superior performance, multilingual models allow to perform a transfer from one language to another and solve tasks for different languages simultaneously. This work shows that transfer learning from a multilingual model to monolingual model results in significant growth of performance on such tasks as reading comprehension, paraphrase detection, and sentiment analysis. Furthermore, multilingual initialization of monolingual model substantially reduces training time. Pre-trained models for the Russian language are open sourced.', 'Are All Languages Created Equal in Multilingual BERT?. Multilingual BERT (mBERT) trained on 104 languages has shown surprisingly good cross-lingual performance on several NLP tasks, even without explicit cross-lingual signals. However, these evaluations have focused on cross-lingual transfer with high-resource languages, covering only a third of the languages covered by mBERT. We explore how mBERT performs on a much wider set of languages, focusing on the quality of representation for low-resource languages, measured by within-language performance. We consider three tasks: Named Entity Recognition (99 languages), Part-of-speech Tagging, and Dependency Parsing (54 languages each). mBERT does better than or comparable to baselines on high resource languages but does much worse for low resource languages. Furthermore, monolingual BERT models for these languages do even worse. Paired with similar languages, the performance gap between monolingual BERT and mBERT can be narrowed. We find that better models for low resource languages require more efficient pretraining techniques or more data.', ""Identifying Necessary Elements for BERT's Multilinguality. It has been shown that multilingual BERT (mBERT) yields high quality multilingual representations and enables effective zero-shot transfer. This is surprising given that mBERT does not use any crosslingual signal during training. While recent literature has studied this phenomenon, the reasons for the multilinguality are still somewhat obscure. We aim to identify architectural properties of BERT and linguistic properties of languages that are necessary for BERT to become multilingual. To allow for fast experimentation we propose an efficient setup with small BERT models trained on a mix of synthetic and natural data. Overall, we identify four architectural and two linguistic elements that influence multilinguality. Based on our insights, we experiment with a multilingual pretraining setup that modifies the masking strategy using VecMap, i.e., unsupervised embedding alignment. Experiments on XNLI with three languages indicate that our findings transfer from our small setup to larger scale settings.""]"
110,58,110_online_submodular_regret_online learning,"['online', 'submodular', 'regret', 'online learning', 'convex', 'online convex', 'functions', 'bound', 'convex optimization', 'optimization']","['Smoothed Online Convex Optimization in High Dimensions via Online Balanced Descent. We study Smoothed Online Convex Optimization, a version of online convex optimization where the learner incurs a penalty for changing her actions between rounds. Given a $Ω(\\sqrt{d})$ lower bound on the competitive ratio of any online algorithm, where $d$ is the dimension of the action space, we ask under what conditions this bound can be beaten. We introduce a novel algorithmic framework for this problem, Online Balanced Descent (OBD), which works by iteratively projecting the previous point onto a carefully chosen level set of the current cost function so as to balance the switching costs and hitting costs. We demonstrate the generality of the OBD framework by showing how, with different choices of ""balance,"" OBD can improve upon state-of-the-art performance guarantees for both competitive ratio and regret, in particular, OBD is the first algorithm to achieve a dimension-free competitive ratio, $3 + O(1/α)$, for locally polyhedral costs, where $α$ measures the ""steepness"" of the costs. We also prove bounds on the dynamic regret of OBD when the balance is performed in the dual space that are dimension-free and imply that OBD has sublinear static regret.', ""An Optimal Algorithm for Online Unconstrained Submodular Maximization. We consider a basic problem at the interface of two fundamental fields: submodular optimization and online learning. In the online unconstrained submodular maximization (online USM) problem, there is a universe $[n]=\\{1,2,...,n\\}$ and a sequence of $T$ nonnegative (not necessarily monotone) submodular functions arrive over time. The goal is to design a computationally efficient online algorithm, which chooses a subset of $[n]$ at each time step as a function only of the past, such that the accumulated value of the chosen subsets is as close as possible to the maximum total value of a fixed subset in hindsight. Our main result is a polynomial-time no-$1/2$-regret algorithm for this problem, meaning that for every sequence of nonnegative submodular functions, the algorithm's expected total value is at least $1/2$ times that of the best subset in hindsight, up to an error term sublinear in $T$. The factor of $1/2$ cannot be improved upon by any polynomial-time online algorithm when the submodular functions are presented as value oracles. Previous work on the offline problem implies that picking a subset uniformly at random in each time step achieves zero $1/4$-regret.\n  A byproduct of our techniques is an explicit subroutine for the two-experts problem that has an unusually strong regret guarantee: the total value of its choices is comparable to twice the total value of either expert on rounds it did not pick that expert. This subroutine may be of independent interest."", ""ZigZag: A new approach to adaptive online learning. We develop a novel family of algorithms for the online learning setting with regret against any data sequence bounded by the empirical Rademacher complexity of that sequence. To develop a general theory of when this type of adaptive regret bound is achievable we establish a connection to the theory of decoupling inequalities for martingales in Banach spaces. When the hypothesis class is a set of linear functions bounded in some norm, such a regret bound is achievable if and only if the norm satisfies certain decoupling inequalities for martingales. Donald Burkholder's celebrated geometric characterization of decoupling inequalities (1984) states that such an inequality holds if and only if there exists a special function called a Burkholder function satisfying certain restricted concavity properties. Our online learning algorithms are efficient in terms of queries to this function.\n  We realize our general theory by giving novel efficient algorithms for classes including lp norms, Schatten p-norms, group norms, and reproducing kernel Hilbert spaces. The empirical Rademacher complexity regret bound implies --- when used in the i.i.d. setting --- a data-dependent complexity bound for excess risk after online-to-batch conversion. To showcase the power of the empirical Rademacher complexity regret bound, we derive improved rates for a supervised learning generalization of the online learning with low rank experts task and for the online matrix prediction task.\n  In addition to obtaining tight data-dependent regret bounds, our algorithms enjoy improved efficiency over previous techniques based on Rademacher complexity, automatically work in the infinite horizon setting, and are scale-free. To obtain such adaptive methods, we introduce novel machinery, and the resulting algorithms are not based on the standard tools of online convex optimization.""]"
111,58,111_ner_named entity_entity_entity recognition,"['ner', 'named entity', 'entity', 'entity recognition', 'named', 'recognition ner', 'recognition', 'entities', 'nested', 'sequence labeling']","['Query-Based Named Entity Recognition. In this paper, we propose a new strategy for the task of named entity recognition (NER). We cast the task as a query-based machine reading comprehension task: e.g., the task of extracting entities with PER is formalized as answering the question of ""which person is mentioned in the text ?"". Such a strategy comes with the advantage that it solves the long-standing issue of handling overlapping or nested entities (the same token that participates in more than one entity categories) with sequence-labeling techniques for NER. Additionally, since the query encodes informative prior knowledge, this strategy facilitates the process of entity extraction, leading to better performances. We experiment the proposed model on five widely used NER datasets on English and Chinese, including MSRA, Resume, OntoNotes, ACE04 and ACE05. The proposed model sets new SOTA results on all of these datasets.', 'NNE: A Dataset for Nested Named Entity Recognition in English Newswire. Named entity recognition (NER) is widely used in natural language processing applications and downstream tasks. However, most NER tools target flat annotation from popular datasets, eschewing the semantic information available in nested entity mentions. We describe NNE---a fine-grained, nested named entity dataset over the full Wall Street Journal portion of the Penn Treebank (PTB). Our annotation comprises 279,795 mentions of 114 entity types with up to 6 layers of nesting. We hope the public release of this large dataset for English newswire will encourage development of new techniques for nested NER.', 'A Unified MRC Framework for Named Entity Recognition. The task of named entity recognition (NER) is normally divided into nested NER and flat NER depending on whether named entities are nested or not. Models are usually separately developed for the two tasks, since sequence labeling models, the most widely used backbone for flat NER, are only able to assign a single label to a particular token, which is unsuitable for nested NER where a token may be assigned several labels.\n  In this paper, we propose a unified framework that is capable of handling both flat and nested NER tasks. Instead of treating the task of NER as a sequence labeling problem, we propose to formulate it as a machine reading comprehension (MRC) task. For example, extracting entities with the \\textsc{per} label is formalized as extracting answer spans to the question ""{\\it which person is mentioned in the text?}"". This formulation naturally tackles the entity overlapping issue in nested NER: the extraction of two overlapping entities for different categories requires answering two independent questions. Additionally, since the query encodes informative prior knowledge, this strategy facilitates the process of entity extraction, leading to better performances for not only nested NER, but flat NER.\n  We conduct experiments on both {\\em nested} and {\\em flat} NER datasets. Experimental results demonstrate the effectiveness of the proposed formulation. We are able to achieve vast amount of performance boost over current SOTA models on nested NER datasets, i.e., +1.28, +2.55, +5.44, +6.37, respectively on ACE04, ACE05, GENIA and KBP17, along with SOTA results on flat NER datasets, i.e.,+0.24, +1.95, +0.21, +1.49 respectively on English CoNLL 2003, English OntoNotes 5.0, Chinese MSRA, Chinese OntoNotes 4.0.']"
112,57,112_sentiment_sentiment classification_sentiment analysis_domain,"['sentiment', 'sentiment classification', 'sentiment analysis', 'domain', 'classification', 'domain adaptation', 'adaptation', 'target domain', 'languages', 'domains']","['Projecting Embeddings for Domain Adaptation: Joint Modeling of Sentiment Analysis in Diverse Domains. Domain adaptation for sentiment analysis is challenging due to the fact that supervised classifiers are very sensitive to changes in domain. The two most prominent approaches to this problem are structural correspondence learning and autoencoders. However, they either require long training times or suffer greatly on highly divergent domains. Inspired by recent advances in cross-lingual sentiment analysis, we provide a novel perspective and cast the domain adaptation problem as an embedding projection task. Our model takes as input two mono-domain embedding spaces and learns to project them to a bi-domain space, which is jointly optimized to (1) project across domains and to (2) predict sentiment. We perform domain adaptation experiments on 20 source-target domain pairs for sentiment classification and report novel state-of-the-art results on 11 domain pairs, including the Amazon domain adaptation datasets and SemEval 2013 and 2016 datasets. Our analysis shows that our model performs comparably to state-of-the-art approaches on domains that are similar, while performing significantly better on highly divergent domains. Our code is available at https://github.com/jbarnesspain/domain_blse', 'Multi-source Domain Adaptation for Visual Sentiment Classification. Existing domain adaptation methods on visual sentiment classification typically are investigated under the single-source scenario, where the knowledge learned from a source domain of sufficient labeled data is transferred to the target domain of loosely labeled or unlabeled data. However, in practice, data from a single source domain usually have a limited volume and can hardly cover the characteristics of the target domain. In this paper, we propose a novel multi-source domain adaptation (MDA) method, termed Multi-source Sentiment Generative Adversarial Network (MSGAN), for visual sentiment classification. To handle data from multiple source domains, it learns to find a unified sentiment latent space where data from both the source and target domains share a similar distribution. This is achieved via cycle consistent adversarial learning in an end-to-end manner. Extensive experiments conducted on four benchmark datasets demonstrate that MSGAN significantly outperforms the state-of-the-art MDA approaches for visual sentiment classification.', 'Improving Domain-Adapted Sentiment Classification by Deep Adversarial Mutual Learning. Domain-adapted sentiment classification refers to training on a labeled source domain to well infer document-level sentiment on an unlabeled target domain. Most existing relevant models involve a feature extractor and a sentiment classifier, where the feature extractor works towards learning domain-invariant features from both domains, and the sentiment classifier is trained only on the source domain to guide the feature extractor. As such, they lack a mechanism to use sentiment polarity lying in the target domain. To improve domain-adapted sentiment classification by learning sentiment from the target domain as well, we devise a novel deep adversarial mutual learning approach involving two groups of feature extractors, domain discriminators, sentiment classifiers, and label probers. The domain discriminators enable the feature extractors to obtain domain-invariant features. Meanwhile, the label prober in each group explores document sentiment polarity of the target domain through the sentiment prediction generated by the classifier in the peer group, and guides the learning of the feature extractor in its own group. The proposed approach achieves the mutual learning of the two groups in an end-to-end manner. Experiments on multiple public datasets indicate our method obtains the state-of-the-art performance, validating the effectiveness of mutual learning through label probers.']"
113,57,113_sql_semantic parsing_natural language_texttosql,"['sql', 'semantic parsing', 'natural language', 'texttosql', 'semantic parser', 'parsing', 'semantic', 'natural', 'parser', 'logical']","[""Seq2SQL: Generating Structured Queries from Natural Language using Reinforcement Learning. A significant amount of the world's knowledge is stored in relational databases. However, the ability for users to retrieve facts from a database is limited due to a lack of understanding of query languages such as SQL. We propose Seq2SQL, a deep neural network for translating natural language questions to corresponding SQL queries. Our model leverages the structure of SQL queries to significantly reduce the output space of generated queries. Moreover, we use rewards from in-the-loop query execution over the database to learn a policy to generate unordered parts of the query, which we show are less suitable for optimization via cross entropy loss. In addition, we will publish WikiSQL, a dataset of 80654 hand-annotated examples of questions and SQL queries distributed across 24241 tables from Wikipedia. This dataset is required to train our model and is an order of magnitude larger than comparable datasets. By applying policy-based reinforcement learning with a query execution environment to WikiSQL, our model Seq2SQL outperforms attentional sequence to sequence models, improving execution accuracy from 35.9% to 59.4% and logical form accuracy from 23.4% to 48.3%."", 'Robust Text-to-SQL Generation with Execution-Guided Decoding. We consider the problem of neural semantic parsing, which translates natural language questions into executable SQL queries. We introduce a new mechanism, execution guidance, to leverage the semantics of SQL. It detects and excludes faulty programs during the decoding procedure by conditioning on the execution of partially generated program. The mechanism can be used with any autoregressive generative model, which we demonstrate on four state-of-the-art recurrent or template-based semantic parsing models. We demonstrate that execution guidance universally improves model performance on various text-to-SQL datasets with different scales and query complexity: WikiSQL, ATIS, and GeoQuery. As a result, we achieve new state-of-the-art execution accuracy of 83.8% on WikiSQL.', 'Semantic Parsing with Syntax- and Table-Aware SQL Generation. We present a generative model to map natural language questions into SQL queries. Existing neural network based approaches typically generate a SQL query word-by-word, however, a large portion of the generated results are incorrect or not executable due to the mismatch between question words and table contents. Our approach addresses this problem by considering the structure of table and the syntax of SQL language. The quality of the generated SQL query is significantly improved through (1) learning to replicate content from column names, cells or SQL keywords; and (2) improving the generation of WHERE clause by leveraging the column-cell relation. Experiments are conducted on WikiSQL, a recently released dataset with the largest question-SQL pairs. Our approach significantly improves the state-of-the-art execution accuracy from 69.0% to 74.4%.']"
114,56,114_time series_series_time_series classification,"['time series', 'series', 'time', 'series classification', 'warping', 'dtw', 'shapelets', 'series data', 'classification', 'time warping']","['Earliness-Aware Deep Convolutional Networks for Early Time Series Classification. We present Earliness-Aware Deep Convolutional Networks (EA-ConvNets), an end-to-end deep learning framework, for early classification of time series data. Unlike most existing methods for early classification of time series data, that are designed to solve this problem under the assumption of the availability of a good set of pre-defined (often hand-crafted) features, our framework can jointly perform feature learning (by learning a deep hierarchy of \\emph{shapelets} capturing the salient characteristics in each time series), along with a dynamic truncation model to help our deep feature learning architecture focus on the early parts of each time series. Consequently, our framework is able to make highly reliable early predictions, outperforming various state-of-the-art methods for early time series classification, while also being competitive when compared to the state-of-the-art time series classification algorithms that work with \\emph{fully observed} time series data. To the best of our knowledge, the proposed framework is the first to perform data-driven (deep) feature learning in the context of early classification of time series data. We perform a comprehensive set of experiments, on several benchmark data sets, which demonstrate that our method yields significantly better predictions than various state-of-the-art methods designed for early time series classification. In addition to obtaining high accuracies, our experiments also show that the learned deep shapelets based features are also highly interpretable and can help gain better understanding of the underlying characteristics of time series data.', 'Time series clustering based on the characterisation of segment typologies. Time series clustering is the process of grouping time series with respect to their similarity or characteristics. Previous approaches usually combine a specific distance measure for time series and a standard clustering method. However, these approaches do not take the similarity of the different subsequences of each time series into account, which can be used to better compare the time series objects of the dataset. In this paper, we propose a novel technique of time series clustering based on two clustering stages. In a first step, a least squares polynomial segmentation procedure is applied to each time series, which is based on a growing window technique that returns different-length segments. Then, all the segments are projected into same dimensional space, based on the coefficients of the model that approximates the segment and a set of statistical features. After mapping, a first hierarchical clustering phase is applied to all mapped segments, returning groups of segments for each time series. These clusters are used to represent all time series in the same dimensional space, after defining another specific mapping process. In a second and final clustering stage, all the time series objects are grouped. We consider internal clustering quality to automatically adjust the main parameter of the algorithm, which is an error threshold for the segmenta- tion. The results obtained on 84 datasets from the UCR Time Series Classification Archive have been compared against two state-of-the-art methods, showing that the performance of this methodology is very promising.', ""Temporal Feature Selection on Networked Time Series. This paper formulates the problem of learning discriminative features (\\textit{i.e.,} segments) from networked time series data considering the linked information among time series. For example, social network users are considered to be social sensors that continuously generate social signals (tweets) represented as a time series. The discriminative segments are often referred to as \\emph{shapelets} in a time series. Extracting shapelets for time series classification has been widely studied. However, existing works on shapelet selection assume that the time series are independent and identically distributed (i.i.d.). This assumption restricts their applications to social networked time series analysis, since a user's actions can be correlated to his/her social affiliations. In this paper we propose a new Network Regularized Least Squares (NetRLS) feature selection model that combines typical time series data and user network data for analysis. Experiments on real-world networked time series Twitter and DBLP data demonstrate the performance of the proposed method. NetRLS performs better than LTS, the state-of-the-art time series feature selection approach, on real-world data.""]"
115,55,115_entity_linking_entity linking_typing,"['entity', 'linking', 'entity linking', 'typing', 'mentions', 'entity typing', 'entities', 'mention', 'finegrained entity', 'type']","['Improving Broad-Coverage Medical Entity Linking with Semantic Type Prediction and Large-Scale Datasets. Medical entity linking is the task of identifying and standardizing medical concepts referred to in an unstructured text. Most of the existing methods adopt a three-step approach of (1) detecting mentions, (2) generating a list of candidate concepts, and finally (3) picking the best concept among them. In this paper, we probe into alleviating the problem of overgeneration of candidate concepts in the candidate generation module, the most under-studied component of medical entity linking. For this, we present MedType, a fully modular system that prunes out irrelevant candidate concepts based on the predicted semantic type of an entity mention. We incorporate MedType into five off-the-shelf toolkits for medical entity linking and demonstrate that it consistently improves entity linking performance across several benchmark datasets. To address the dearth of annotated training data for medical entity linking, we present WikiMed and PubMedDS, two large-scale medical entity linking datasets, and demonstrate that pre-training MedType on these datasets further improves entity linking performance. We make our source code and datasets publicly available for medical entity linking research.', 'Entity Linking with people entity on Wikipedia. This paper introduces a new model that uses named entity recognition, coreference resolution, and entity linking techniques, to approach the task of linking people entities on Wikipedia people pages to their corresponding Wikipedia pages if applicable. Our task is different from general and traditional entity linking because we are working in a limited domain, namely, people entities, and we are including pronouns as entities, whereas in the past, pronouns were never considered as entities in entity linking. We have built 2 models, both outperforms our baseline model significantly. The purpose of our project is to build a model that could be use to generate cleaner data for future entity linking tasks. Our contribution include a clean data set consisting of 50Wikipedia people pages, and 2 entity linking models, specifically tuned for this domain.', 'Fine-Grained Entity Typing for Domain Independent Entity Linking. Neural entity linking models are very powerful, but run the risk of overfitting to the domain they are trained in. For this problem, a domain is characterized not just by genre of text but even by factors as specific as the particular distribution of entities, as neural models tend to overfit by memorizing properties of frequent entities in a dataset. We tackle the problem of building robust entity linking models that generalize effectively and do not rely on labeled entity linking data with a specific entity distribution. Rather than predicting entities directly, our approach models fine-grained entity properties, which can help disambiguate between even closely related entities. We derive a large inventory of types (tens of thousands) from Wikipedia categories, and use hyperlinked mentions in Wikipedia to distantly label data and train an entity typing model. At test time, we classify a mention with this typing model and use soft type predictions to link the mention to the most similar candidate entity. We evaluate our entity linking system on the CoNLL-YAGO dataset (Hoffart et al., 2011) and show that our approach outperforms prior domain-independent entity linking systems. We also test our approach in a harder setting derived from the WikilinksNED dataset (Eshel et al., 2017) where all the mention-entity pairs are unseen during test time. Results indicate that our approach generalizes better than a state-of-the-art neural model on the dataset.']"
116,54,116_lifted_probabilistic_inference_probabilistic inference,"['lifted', 'probabilistic', 'inference', 'probabilistic inference', 'relational', 'lifted inference', 'weighted model', 'model counting', 'symmetries', 'counting']","['Fusing First-order Knowledge Compilation and the Lifted Junction Tree Algorithm. Standard approaches for inference in probabilistic formalisms with first-order constructs include lifted variable elimination (LVE) for single queries as well as first-order knowledge compilation (FOKC) based on weighted model counting. To handle multiple queries efficiently, the lifted junction tree algorithm (LJT) uses a first-order cluster representation of a model and LVE as a subroutine in its computations. For certain inputs, the implementations of LVE and, as a result, LJT ground parts of a model where FOKC has a lifted run. The purpose of this paper is to prepare LJT as a backbone for lifted inference and to use any exact inference algorithm as subroutine. Using FOKC in LJT allows us to compute answers faster than LJT, LVE, and FOKC for certain inputs.', 'Inference in Probabilistic Logic Programs using Lifted Explanations. In this paper, we consider the problem of lifted inference in the context of Prism-like probabilistic logic programming languages. Traditional inference in such languages involves the construction of an explanation graph for the query and computing probabilities over this graph. When evaluating queries over probabilistic logic programs with a large number of instances of random variables, traditional methods treat each instance separately. For many programs and queries, we observe that explanations can be summarized into substantially more compact structures, which we call lifted explanation graphs. In this paper, we define lifted explanation graphs and operations over them. In contrast to existing lifted inference techniques, our method for constructing lifted explanations naturally generalizes existing methods for constructing explanation graphs. To compute probability of query answers, we solve recurrences generated from the lifted graphs. We show examples where the use of our technique reduces the asymptotic complexity of inference.', 'Generating and Sampling Orbits for Lifted Probabilistic Inference. A key goal in the design of probabilistic inference algorithms is identifying and exploiting properties of the distribution that make inference tractable. Lifted inference algorithms identify symmetry as a property that enables efficient inference and seek to scale with the degree of symmetry of a probability model. A limitation of existing exact lifted inference techniques is that they do not apply to non-relational representations like factor graphs. In this work we provide the first example of an exact lifted inference algorithm for arbitrary discrete factor graphs. In addition we describe a lifted Markov-Chain Monte-Carlo algorithm that provably mixes rapidly in the degree of symmetry of the distribution.']"
117,54,117_medical_diagnosis_clinical_knowledge,"['medical', 'diagnosis', 'clinical', 'knowledge', 'expert', 'patient', 'disease', 'ai', 'medicine', 'diseases']","['Lattice-Based Fuzzy Medical Expert System for Low Back Pain Management. Low Back Pain (LBP) is a common medical condition that deprives many individuals worldwide of their normal routine activities. In the absence of external biomarkers, diagnosis of LBP is quite challenging. It requires dealing with several clinical variables, which have no precisely quantified values. Aiming at the development of a fuzzy medical expert system for LBP management, this research proposes an attractive lattice-based knowledge representation scheme for handling imprecision in knowledge, offering a suitable design methodology for a fuzzy knowledge base and a fuzzy inference system. The fuzzy knowledge base is constructed in modular fashion, with each module capturing interrelated medical knowledge about the relevant clinical history, clinical examinations and laboratory investigation results. This approach in design ensures optimality, consistency and preciseness in the knowledge base and scalability. The fuzzy inference system, which uses the Mamdani method, adopts the triangular membership function for fuzzification and the Centroid of Area technique for defuzzification. A prototype of this system has been built using the knowledge extracted from the domain expert physicians. The inference of the system against a few available patient records at the ESI Hospital, Sealdah has been checked. It was found to be acceptable by the verifying medical experts.', 'Learning and inference in knowledge-based probabilistic model for medical diagnosis. Based on a weighted knowledge graph to represent first-order knowledge and combining it with a probabilistic model, we propose a methodology for the creation of a medical knowledge network (MKN) in medical diagnosis. When a set of symptoms is activated for a specific patient, we can generate a ground medical knowledge network composed of symptom nodes and potential disease nodes. By Incorporating a Boltzmann machine into the potential function of a Markov network, we investigated the joint probability distribution of the MKN. In order to deal with numerical symptoms, a multivariate inference model is presented that uses conditional probability. In addition, the weights for the knowledge graph were efficiently learned from manually annotated Chinese Electronic Medical Records (CEMRs). In our experiments, we found numerically that the optimum choice of the quality of disease node and the expression of symptom variable can improve the effectiveness of medical diagnosis. Our experimental results comparing a Markov logic network and the logistic regression algorithm on an actual CEMR database indicate that our method holds promise and that MKN can facilitate studies of intelligent diagnosis.', 'Disease Labeling via Machine Learning is NOT quite the same as Medical Diagnosis. A key step in medical diagnosis is giving the patient a universally recognized label (e.g. Appendicitis) which essentially assigns the patient to a class(es) of patients with similar body failures. However, two patients having the same disease label(s) with high probability may still have differences in their feature manifestation patterns implying differences in the required treatments. Additionally, in many cases, the labels of the primary diagnoses leave some findings unexplained. Medical diagnosis is only partially about probability calculations for label X or Y. Diagnosis is not complete until the patient overall situation is clinically understood to the level that enables the best therapeutic decisions. Most machine learning models are data centric models, and evidence so far suggest they can reach expert level performance in the disease labeling phase. Nonetheless, like any other mathematical technique, they have their limitations and applicability scope. Primarily, data centric algorithms are knowledge blind and lack anatomy and physiology knowledge that physicians leverage to achieve complete diagnosis. This article advocates to complement them with intelligence to overcome their inherent limitations as knowledge blind algorithms. Machines can learn many things from data, but data is not the only source that machines can learn from. Historic patient data only tells us what the possible manifestations of a certain body failure are. Anatomy and physiology knowledge tell us how the body works and fails. Both are needed for complete diagnosis. The proposed Double Deep Learning approach, along with the initiative for Medical Wikipedia for Smart Machines, leads to AI diagnostic support solutions for complete diagnosis beyond the limited data only labeling solutions we see today. AI for medicine will forever be limited until their intelligence also integrates anatomy and physiology.']"
118,53,118_skin_lesion_skin lesion_melanoma,"['skin', 'lesion', 'skin lesion', 'melanoma', 'isic', 'lesion segmentation', 'dermoscopic', 'cancer', 'segmentation', 'lesions']","[""WonDerM: Skin Lesion Classification with Fine-tuned Neural Networks. As skin cancer is one of the most frequent cancers globally, accurate, non-invasive dermoscopy-based diagnosis becomes essential and promising. A task of the Part 3 of the ISIC Skin Image Analysis Challenge at MICCAI 2018 is to predict seven disease classes with skin lesion images, including melanoma (MEL), melanocytic nevus (NV), basal cell carcinoma (BCC), actinic keratosis / Bowen's disease (intraepithelial carcinoma) (AKIEC), benign keratosis (solar lentigo / seborrheic keratosis / lichen planus-like keratosis) (BKL), dermatofibroma (DF) and vascular lesion (VASC) as defined by the International Dermatology Society.\n  In this work, we design the WonDerM pipeline, that resamples the preprocessed skin lesion images, builds neural network architecture fine-tuned with segmentation task data (the Part 1), and uses an ensemble method to classify the seven skin diseases. Our model achieved an accuracy of 0.899 and 0.785 in the validation set and test set, respectively."", 'Automated Skin Lesion Classification Using Ensemble of Deep Neural Networks in ISIC 2018: Skin Lesion Analysis Towards Melanoma Detection Challenge. In this paper, we studied extensively on different deep learning based methods to detect melanoma and skin lesion cancers. Melanoma, a form of malignant skin cancer is very threatening to health. Proper diagnosis of melanoma at an earlier stage is crucial for the success rate of complete cure. Dermoscopic images with Benign and malignant forms of skin cancer can be analyzed by computer vision system to streamline the process of skin cancer detection. In this study, we experimented with various neural networks which employ recent deep learning based models like PNASNet-5-Large, InceptionResNetV2, SENet154, InceptionV4. Dermoscopic images are properly processed and augmented before feeding them into the network. We tested our methods on International Skin Imaging Collaboration (ISIC) 2018 challenge dataset. Our system has achieved best validation score of 0.76 for PNASNet-5-Large model. Further improvement and optimization of the proposed methods with a bigger training dataset and carefully chosen hyper-parameter could improve the performances. The code available for download at https://github.com/miltonbd/ISIC_2018_classification', 'Automatic Skin Lesion Segmentation Using Deep Fully Convolutional Networks. This paper summarizes our method and validation results for the ISIC Challenge 2018 - Skin Lesion Analysis Towards Melanoma Detection - Task 1: Lesion Segmentation']"
119,53,119_bias_gender_gender bias_biases,"['bias', 'gender', 'gender bias', 'biases', 'word embeddings', 'word', 'embeddings', 'debiasing', 'stereotypes', 'nlp']","['Man is to Computer Programmer as Woman is to Homemaker? Debiasing Word Embeddings. The blind application of machine learning runs the risk of amplifying biases present in data. Such a danger is facing us with word embedding, a popular framework to represent text data as vectors which has been used in many machine learning and natural language processing tasks. We show that even word embeddings trained on Google News articles exhibit female/male gender stereotypes to a disturbing extent. This raises concerns because their widespread use, as we describe, often tends to amplify these biases. Geometrically, gender bias is first shown to be captured by a direction in the word embedding. Second, gender neutral words are shown to be linearly separable from gender definition words in the word embedding. Using these properties, we provide a methodology for modifying an embedding to remove gender stereotypes, such as the association between between the words receptionist and female, while maintaining desired associations such as between the words queen and female. We define metrics to quantify both direct and indirect gender biases in embeddings, and develop algorithms to ""debias"" the embedding. Using crowd-worker evaluation as well as standard benchmarks, we empirically demonstrate that our algorithms significantly reduce gender bias in embeddings while preserving the its useful properties such as the ability to cluster related concepts and to solve analogy tasks. The resulting embeddings can be used in applications without amplifying gender bias.', 'Lipstick on a Pig: Debiasing Methods Cover up Systematic Gender Biases in Word Embeddings But do not Remove Them. Word embeddings are widely used in NLP for a vast range of tasks. It was shown that word embeddings derived from text corpora reflect gender biases in society. This phenomenon is pervasive and consistent across different word embedding models, causing serious concern. Several recent works tackle this problem, and propose methods for significantly reducing this gender bias in word embeddings, demonstrating convincing results. However, we argue that this removal is superficial. While the bias is indeed substantially reduced according to the provided bias definition, the actual effect is mostly hiding the bias, not removing it. The gender bias information is still reflected in the distances between ""gender-neutralized"" words in the debiased embeddings, and can be recovered from them. We present a series of experiments to support this claim, for two debiasing methods. We conclude that existing bias removal techniques are insufficient, and should not be trusted for providing gender-neutral modeling.', 'Mitigating Gender Bias in Natural Language Processing: Literature Review. As Natural Language Processing (NLP) and Machine Learning (ML) tools rise in popularity, it becomes increasingly vital to recognize the role they play in shaping societal biases and stereotypes. Although NLP models have shown success in modeling various applications, they propagate and may even amplify gender bias found in text corpora. While the study of bias in artificial intelligence is not new, methods to mitigate gender bias in NLP are relatively nascent. In this paper, we review contemporary studies on recognizing and mitigating gender bias in NLP. We discuss gender bias based on four forms of representation bias and analyze methods recognizing gender bias. Furthermore, we discuss the advantages and drawbacks of existing gender debiasing methods. Finally, we discuss future studies for recognizing and mitigating gender bias in NLP.']"
120,52,120_trajectory_mobility_traffic_urban,"['trajectory', 'mobility', 'traffic', 'urban', 'driving', 'patterns', 'gps', 'transportation', 'destination', 'taxi']","['Extracting Traffic Primitives Directly from Naturalistically Logged Data for Self-Driving Applications. Developing an automated vehicle, that can handle complicated driving scenarios and appropriately interact with other road users, requires the ability to semantically learn and understand driving environment, oftentimes, based on analyzing massive amounts of naturalistic driving data. An important paradigm that allows automated vehicles to both learn from human drivers and gain insights is understanding the principal compositions of the entire traffic, termed as traffic primitives. However, the exploding data growth presents a great challenge in extracting primitives from high-dimensional time-series traffic data with various types of road users engaged. Therefore, automatically extracting primitives is becoming one of the cost-efficient ways to help autonomous vehicles understand and predict the complex traffic scenarios. In addition, the extracted primitives from raw data should 1) be appropriate for automated driving applications and also 2) be easily used to generate new traffic scenarios. However, existing literature does not provide a method to automatically learn these primitives from large-scale traffic data. The contribution of this paper has two manifolds. The first one is that we proposed a new framework to generate new traffic scenarios from a handful of limited traffic data. The second one is that we introduce a nonparametric Bayesian learning method -- a sticky hierarchical Dirichlet process hidden Markov model -- to automatically extract primitives from multidimensional traffic data without prior knowledge of the primitive settings. The developed method is then validated using one day of naturalistic driving data. Experiment results show that the nonparametric Bayesian learning method is able to extract primitives from traffic scenarios where both the binary and continuous events coexist.', 'A Scalable Framework for Trajectory Prediction. Trajectory prediction (TP) is of great importance for a wide range of location-based applications in intelligent transport systems such as location-based advertising, route planning, traffic management, and early warning systems. In the last few years, the widespread use of GPS navigation systems and wireless communication technology enabled vehicles has resulted in huge volumes of trajectory data. The task of utilizing this data employing spatio-temporal techniques for trajectory prediction in an efficient and accurate manner is an ongoing research problem. Existing TP approaches are limited to short-term predictions. Moreover, they cannot handle a large volume of trajectory data for long-term prediction. To address these limitations, we propose a scalable clustering and Markov chain based hybrid framework, called Traj-clusiVAT-based TP, for both short-term and long-term trajectory prediction, which can handle a large number of overlapping trajectories in a dense road network. Traj-clusiVAT can also determine the number of clusters, which represent different movement behaviours in input trajectory data. In our experiments, we compare our proposed approach with a mixed Markov model (MMM)-based scheme, and a trajectory clustering, NETSCAN-based TP method for both short- and long-term trajectory predictions. We performed our experiments on two real, vehicle trajectory datasets, including a large-scale trajectory dataset consisting of 3.28 million trajectories obtained from 15,061 taxis in Singapore over a period of one month. Experimental results on two real trajectory datasets show that our proposed approach outperforms the existing approaches in terms of both short- and long-term prediction performances, based on prediction accuracy and distance error (in km).', 'DETECT: Deep Trajectory Clustering for Mobility-Behavior Analysis. Identifying mobility behaviors in rich trajectory data is of great economic and social interest to various applications including urban planning, marketing and intelligence. Existing work on trajectory clustering often relies on similarity measurements that utilize raw spatial and/or temporal information of trajectories. These measures are incapable of identifying similar moving behaviors that exhibit varying spatio-temporal scales of movement. In addition, the expense of labeling massive trajectory data is a barrier to supervised learning models. To address these challenges, we propose an unsupervised neural approach for mobility behavior clustering, called the Deep Embedded TrajEctory ClusTering network (DETECT). DETECT operates in three parts: first it transforms the trajectories by summarizing their critical parts and augmenting them with context derived from their geographical locality (e.g., using POIs from gazetteers). In the second part, it learns a powerful representation of trajectories in the latent space of behaviors, thus enabling a clustering function (such as $k$-means) to be applied. Finally, a clustering oriented loss is directly built on the embedded features to jointly perform feature refinement and cluster assignment, thus improving separability between mobility behaviors. Exhaustive quantitative and qualitative experiments on two real-world datasets demonstrate the effectiveness of our approach for mobility behavior analyses.']"
121,52,121_commonsense_commonsense reasoning_word problems_winograd,"['commonsense', 'commonsense reasoning', 'word problems', 'winograd', 'winograd schema', 'reasoning', 'math', 'wsc', 'schema', 'math word']","['A Review of Winograd Schema Challenge Datasets and Approaches. The Winograd Schema Challenge is both a commonsense reasoning and natural language understanding challenge, introduced as an alternative to the Turing test. A Winograd schema is a pair of sentences differing in one or two words with a highly ambiguous pronoun, resolved differently in the two sentences, that appears to require commonsense knowledge to be resolved correctly. The examples were designed to be easily solvable by humans but difficult for machines, in principle requiring a deep understanding of the content of the text and the situation it describes. This paper reviews existing Winograd Schema Challenge benchmark datasets and approaches that have been published since its introduction.', 'A Simple Method for Commonsense Reasoning. Commonsense reasoning is a long-standing challenge for deep learning. For example, it is difficult to use neural networks to tackle the Winograd Schema dataset (Levesque et al., 2011). In this paper, we present a simple method for commonsense reasoning with neural networks, using unsupervised learning. Key to our method is the use of language models, trained on a massive amount of unlabled data, to score multiple choice questions posed by commonsense reasoning tests. On both Pronoun Disambiguation and Winograd Schema challenges, our models outperform previous state-of-the-art methods by a large margin, without using expensive annotated knowledge bases or hand-engineered features. We train an array of large RNN language models that operate at word or character level on LM-1-Billion, CommonCrawl, SQuAD, Gutenberg Books, and a customized corpus for this task and show that diversity of training data plays an important role in test performance. Further analysis also shows that our system successfully discovers important features of the context that decide the correct answer, indicating a good grasp of commonsense knowledge.', 'WinoWhy: A Deep Diagnosis of Essential Commonsense Knowledge for Answering Winograd Schema Challenge. In this paper, we present the first comprehensive categorization of essential commonsense knowledge for answering the Winograd Schema Challenge (WSC). For each of the questions, we invite annotators to first provide reasons for making correct decisions and then categorize them into six major knowledge categories. By doing so, we better understand the limitation of existing methods (i.e., what kind of knowledge cannot be effectively represented or inferred with existing methods) and shed some light on the commonsense knowledge that we need to acquire in the future for better commonsense reasoning. Moreover, to investigate whether current WSC models can understand the commonsense or they simply solve the WSC questions based on the statistical bias of the dataset, we leverage the collected reasons to develop a new task called WinoWhy, which requires models to distinguish plausible reasons from very similar but wrong reasons for all WSC questions. Experimental results prove that even though pre-trained language representation models have achieved promising progress on the original WSC dataset, they are still struggling at WinoWhy. Further experiments show that even though supervised models can achieve better performance, the performance of these models can be sensitive to the dataset distribution. WinoWhy and all codes are available at: https://github.com/HKUST-KnowComp/WinoWhy.']"
122,51,122_authorship_authorship attribution_attribution_texts,"['authorship', 'authorship attribution', 'attribution', 'texts', 'personality', 'author', 'authors', 'traits', 'text', 'writing']","['A Supervised Authorship Attribution Framework for Bengali Language. Authorship Attribution is a long-standing problem in Natural Language Processing. Several statistical and computational methods have been used to find a solution to this problem. In this paper, we have proposed methods to deal with the authorship attribution problem in Bengali.', 'Authorship attribution via network motifs identification. Concepts and methods of complex networks can be used to analyse texts at their different complexity levels. Examples of natural language processing (NLP) tasks studied via topological analysis of networks are keyword identification, automatic extractive summarization and authorship attribution. Even though a myriad of network measurements have been applied to study the authorship attribution problem, the use of motifs for text analysis has been restricted to a few works. The goal of this paper is to apply the concept of motifs, recurrent interconnection patterns, in the authorship attribution task. The absolute frequencies of all thirteen directed motifs with three nodes were extracted from the co-occurrence networks and used as classification features. The effectiveness of these features was verified with four machine learning methods. The results show that motifs are able to distinguish the writing style of different authors. In our best scenario, 57.5% of the books were correctly classified. The chance baseline for this problem is 12.5%. In addition, we have found that function words play an important role in these recurrent patterns. Taken together, our findings suggest that motifs should be further explored in other related linguistic tasks.', ""A Girl Has A Name: Detecting Authorship Obfuscation. Authorship attribution aims to identify the author of a text based on the stylometric analysis. Authorship obfuscation, on the other hand, aims to protect against authorship attribution by modifying a text's style. In this paper, we evaluate the stealthiness of state-of-the-art authorship obfuscation methods under an adversarial threat model. An obfuscator is stealthy to the extent an adversary finds it challenging to detect whether or not a text modified by the obfuscator is obfuscated - a decision that is key to the adversary interested in authorship attribution. We show that the existing authorship obfuscation methods are not stealthy as their obfuscated texts can be identified with an average F1 score of 0.87. The reason for the lack of stealthiness is that these obfuscators degrade text smoothness, as ascertained by neural language models, in a detectable manner. Our results highlight the need to develop stealthy authorship obfuscation methods that can better protect the identity of an author seeking anonymity.""]"
123,51,123_multilabel_multilabel classification_label_labels,"['multilabel', 'multilabel classification', 'label', 'labels', 'multilabel learning', 'classification', 'classifier', 'mlc', 'multilabel classifier', 'multiclass']","['Distribution-based Label Space Transformation for Multi-label Learning. Multi-label learning problems have manifested themselves in various machine learning applications. The key to successful multi-label learning algorithms lies in the exploration of inter-label correlations, which usually incur great computational cost. Another notable factor in multi-label learning is that the label vectors are usually extremely sparse, especially when the candidate label vocabulary is very large and only a few instances are assigned to each category. Recently, a label space transformation (LST) framework has been proposed targeting these challenges. However, current methods based on LST usually suffer from information loss in the label space dimension reduction process and fail to address the sparsity problem effectively. In this paper, we propose a distribution-based label space transformation (DLST) model. By defining the distribution based on the similarity of label vectors, a more comprehensive label structure can be captured. Then, by minimizing KL-divergence of two distributions, the information of the original label space can be approximately preserved in the latent space. Consequently, multi-label classifier trained using the dense latent codes yields better performance. The leverage of distribution enables DLST to fill out additional information about the label correlations. This endows DLST the capability to handle label set sparsity and training data sparsity in multi-label learning problems. With the optimal latent code, a kernel logistic regression function is learned for the mapping from feature space to the latent space. Then ML-KNN is employed to recover the original label vector from the transformed latent code. Extensive experiments on several benchmark datasets demonstrate that DLST not only achieves high classification performance but also is computationally more efficient.', 'Multi-Label Learning with Global and Local Label Correlation. It is well-known that exploiting label correlations is important to multi-label learning. Existing approaches either assume that the label correlations are global and shared by all instances; or that the label correlations are local and shared only by a data subset. In fact, in the real-world applications, both cases may occur that some label correlations are globally applicable and some are shared only in a local group of instances. Moreover, it is also a usual case that only partial labels are observed, which makes the exploitation of the label correlations much more difficult. That is, it is hard to estimate the label correlations when many labels are absent. In this paper, we propose a new multi-label approach GLOCAL dealing with both the full-label and the missing-label cases, exploiting global and local label correlations simultaneously, through learning a latent label representation and optimizing label manifolds. The extensive experimental studies validate the effectiveness of our approach on both full-label and missing-label data.', 'Analysis and Optimization of Loss Functions for Multiclass, Top-k, and Multilabel Classification. Top-k error is currently a popular performance measure on large scale image classification benchmarks such as ImageNet and Places. Despite its wide acceptance, our understanding of this metric is limited as most of the previous research is focused on its special case, the top-1 error. In this work, we explore two directions that shed more light on the top-k error. First, we provide an in-depth analysis of established and recently proposed single-label multiclass methods along with a detailed account of efficient optimization algorithms for them. Our results indicate that the softmax loss and the smooth multiclass SVM are surprisingly competitive in top-k error uniformly across all k, which can be explained by our analysis of multiclass top-k calibration. Further improvements for a specific k are possible with a number of proposed top-k loss functions. Second, we use the top-k methods to explore the transition from multiclass to multilabel learning. In particular, we find that it is possible to obtain effective multilabel classifiers on Pascal VOC using a single label per image for training, while the gap between multiclass and multilabel methods on MS COCO is more significant. Finally, our contribution of efficient algorithms for training with the considered top-k and multilabel loss functions is of independent interest.']"
124,51,124_tensor_tensor completion_completion_lowrank,"['tensor', 'tensor completion', 'completion', 'lowrank', 'decomposition', 'tensor decomposition', 'rank', 'lowrank tensor', 'tensors', 'norm']","['Low-Rank Tensor Completion by Truncated Nuclear Norm Regularization. Currently, low-rank tensor completion has gained cumulative attention in recovering incomplete visual data whose partial elements are missing. By taking a color image or video as a three-dimensional (3D) tensor, previous studies have suggested several definitions of tensor nuclear norm. However, they have limitations and may not properly approximate the real rank of a tensor. Besides, they do not explicitly use the low-rank property in optimization. It is proved that the recently proposed truncated nuclear norm (TNN) can replace the traditional nuclear norm, as a better estimation to the rank of a matrix. Thus, this paper presents a new method called the tensor truncated nuclear norm (T-TNN), which proposes a new definition of tensor nuclear norm and extends the truncated nuclear norm from the matrix case to the tensor case. Beneficial from the low rankness of TNN, our approach improves the efficacy of tensor completion. We exploit the previously proposed tensor singular value decomposition and the alternating direction method of multipliers in optimization. Extensive experiments on real-world videos and images demonstrate that the performance of our approach is superior to those of existing methods.', 'Tensor Q-Rank: New Data Dependent Definition of Tensor Rank. Recently, the \\textit{Tensor Nuclear Norm~(TNN)} regularization based on t-SVD has been widely used in various low tubal-rank tensor recovery tasks. However, these models usually require smooth change of data along the third dimension to ensure their low rank structures. In this paper, we propose a new definition of data dependent tensor rank named \\textit{tensor Q-rank} by a learnable orthogonal matrix $\\mathbf{Q}$, and further introduce a unified data dependent low rank tensor recovery model. According to the low rank hypothesis, we introduce two explainable selection method of $\\mathbf{Q}$, under which the data tensor may have a more significant low tensor Q-rank structure than that of low tubal-rank structure. Specifically, maximizing the variance of singular value distribution leads to Variance Maximization Tensor Q-Nuclear norm~(VMTQN), while minimizing the value of nuclear norm through manifold optimization leads to Manifold Optimization Tensor Q-Nuclear norm~(MOTQN). Moreover, we apply these two models to the low rank tensor completion problem, and then give an effective algorithm and briefly analyze why our method works better than TNN based methods in the case of complex data with low sampling rate. Finally, experimental results on real-world datasets demonstrate the superiority of our proposed model in the tensor completion problem with respect to other tensor rank regularization models.', 'Concatenated image completion via tensor augmentation and completion. This paper proposes a novel framework called concatenated image completion via tensor augmentation and completion (ICTAC), which recovers missing entries of color images with high accuracy. Typical images are second- or third-order tensors (2D/3D) depending if they are grayscale or color, hence tensor completion algorithms are ideal for their recovery. The proposed framework performs image completion by concatenating copies of a single image that has missing entries into a third-order tensor, applying a dimensionality augmentation technique to the tensor, utilizing a tensor completion algorithm for recovering its missing entries, and finally extracting the recovered image from the tensor. The solution relies on two key components that have been recently proposed to take advantage of the tensor train (TT) rank: A tensor augmentation tool called ket augmentation (KA) that represents a low-order tensor by a higher-order tensor, and the algorithm tensor completion by parallel matrix factorization via tensor train (TMac-TT), which has been demonstrated to outperform state-of-the-art tensor completion algorithms. Simulation results for color image recovery show the clear advantage of our framework against current state-of-the-art tensor completion algorithms.']"
125,50,125_forgery_fake_forgery detection_videos,"['forgery', 'fake', 'forgery detection', 'videos', 'images', 'forensic', 'deepfake', 'face', 'forensics', 'detection']","['DeepFakes: a New Threat to Face Recognition? Assessment and Detection. It is becoming increasingly easy to automatically replace a face of one person in a video with the face of another person by using a pre-trained generative adversarial network (GAN). Recent public scandals, e.g., the faces of celebrities being swapped onto pornographic videos, call for automated ways to detect these Deepfake videos. To help developing such methods, in this paper, we present the first publicly available set of Deepfake videos generated from videos of VidTIMIT database. We used open source software based on GANs to create the Deepfakes, and we emphasize that training and blending parameters can significantly impact the quality of the resulted videos. To demonstrate this impact, we generated videos with low and high visual quality (320 videos each) using differently tuned parameter sets. We showed that the state of the art face recognition systems based on VGG and Facenet neural networks are vulnerable to Deepfake videos, with 85.62% and 95.00% false acceptance rates respectively, which means methods for detecting Deepfake videos are necessary. By considering several baseline approaches, we found that audio-visual approach based on lip-sync inconsistency detection was not able to distinguish Deepfake videos. The best performing method, which is based on visual quality metrics and is often used in presentation attack detection domain, resulted in 8.97% equal error rate on high quality Deepfakes. Our experiments demonstrate that GAN-generated Deepfake videos are challenging for both face recognition systems and existing detection methods, and the further development of face swapping technology will make it even more so.', 'A Fast Keypoint Based Hybrid Method for Copy Move Forgery Detection. Copy move forgery detection in digital images has become a very popular research topic in the area of image forensics. Due to the availability of sophisticated image editing tools and ever increasing hardware capabilities, it has become an easy task to manipulate the digital images. Passive forgery detection techniques are more relevant as they can be applied without the prior information about the image in question. Block based techniques are used to detect copy move forgery, but have limitations of large time complexity and sensitivity against affine operations like rotation and scaling. Keypoint based approaches are used to detect forgery in large images where the possibility of significant post processing operations like rotation and scaling is more. A hybrid approach is proposed using different methods for keypoint detection and description. Speeded Up Robust Features (SURF) are used to detect the keypoints in the image and Binary Robust Invariant Scalable Keypoints (BRISK) features are used to describe features at these keypoints. The proposed method has performed better than the existing forgery detection method using SURF significantly in terms of detection speed and is invariant to post processing operations like rotation and scaling. The proposed method is also invariant to other commonly applied post processing operations like adding Gaussian noise and JPEG compression', 'Fake face detection via adaptive manipulation traces extraction network. With the proliferation of face image manipulation (FIM) techniques such as Face2Face and Deepfake, more fake face images are spreading over the internet, which brings serious challenges to public confidence. Face image forgery detection has made considerable progresses in exposing specific FIM, but it is still in scarcity of a robust fake face detector to expose face image forgeries under complex scenarios such as with further compression, blurring, scaling, etc. Due to the relatively fixed structure, convolutional neural network (CNN) tends to learn image content representations. However, CNN should learn subtle manipulation traces for image forensics tasks. Thus, we propose an adaptive manipulation traces extraction network (AMTEN), which serves as pre-processing to suppress image content and highlight manipulation traces. AMTEN exploits an adaptive convolution layer to predict manipulation traces in the image, which are reused in subsequent layers to maximize manipulation artifacts by updating weights during the back-propagation pass. A fake face detector, namely AMTENnet, is constructed by integrating AMTEN with CNN. Experimental results prove that the proposed AMTEN achieves desirable pre-processing. When detecting fake face images generated by various FIM techniques, AMTENnet achieves an average accuracy up to 98.52%, which outperforms the state-of-the-art works. When detecting face images with unknown post-processing operations, the detector also achieves an average accuracy of 95.17%.']"
126,50,126_answering_multihop_question answering_question,"['answering', 'multihop', 'question answering', 'question', 'questions', 'qa', 'knowledge', 'reasoning', 'complex questions', 'graph']","['The Web as a Knowledge-base for Answering Complex Questions. Answering complex questions is a time-consuming activity for humans that requires reasoning and integration of information. Recent work on reading comprehension made headway in answering simple questions, but tackling complex questions is still an ongoing research challenge. Conversely, semantic parsers have been successful at handling compositionality, but only when the information resides in a target knowledge-base. In this paper, we present a novel framework for answering broad and complex questions, assuming answering simple questions is possible using a search engine and a reading comprehension model. We propose to decompose complex questions into a sequence of simple questions, and compute the final answer from the sequence of answers. To illustrate the viability of our approach, we create a new dataset of complex questions, ComplexWebQuestions, and present a model that decomposes questions and interacts with the web to compute an answer. We empirically demonstrate that question decomposition improves performance from 20.8 precision@1 to 27.5 precision@1 on this new dataset.', 'Question Answering on Knowledge Bases and Text using Universal Schema and Memory Networks. Existing question answering methods infer answers either from a knowledge base or from raw text. While knowledge base (KB) methods are good at answering compositional questions, their performance is often affected by the incompleteness of the KB. Au contraire, web text contains millions of facts that are absent in the KB, however in an unstructured form. {\\it Universal schema} can support reasoning on the union of both structured KBs and unstructured text by aligning them in a common embedded space. In this paper we extend universal schema to natural language question answering, employing \\emph{memory networks} to attend to the large body of facts in the combination of text and KB. Our models can be trained in an end-to-end fashion on question-answer pairs. Evaluation results on \\spades fill-in-the-blank question answering dataset show that exploiting universal schema for question answering is better than using either a KB or text alone. This model also outperforms the current state-of-the-art by 8.5 $F_1$ points.\\footnote{Code and data available in \\url{https://rajarshd.github.io/TextKBQA}}', ""HotpotQA: A Dataset for Diverse, Explainable Multi-hop Question Answering. Existing question answering (QA) datasets fail to train QA systems to perform complex reasoning and provide explanations for answers. We introduce HotpotQA, a new dataset with 113k Wikipedia-based question-answer pairs with four key features: (1) the questions require finding and reasoning over multiple supporting documents to answer; (2) the questions are diverse and not constrained to any pre-existing knowledge bases or knowledge schemas; (3) we provide sentence-level supporting facts required for reasoning, allowing QA systems to reason with strong supervision and explain the predictions; (4) we offer a new type of factoid comparison questions to test QA systems' ability to extract relevant facts and perform necessary comparison. We show that HotpotQA is challenging for the latest QA systems, and the supporting facts enable models to improve performance and make explainable predictions.""]"
127,50,127_wind_forecasting_weather_power,"['wind', 'forecasting', 'weather', 'power', 'wind power', 'electricity', 'water', 'customers', 'wildfire', 'prediction']","['Spatial-temporal wind field prediction by Artificial Neural Networks. The prediction of near surface wind speed is becoming increasingly vital for the operation of electrical energy grids as the capacity of installed wind power grows. The majority of predictive wind speed modeling has focused on point-based time-series forecasting. Effectively balancing demand and supply in the presence of distributed wind turbine electricity generation, however, requires the prediction of wind fields in space and time. Additionally, predictions of full wind fields are particularly useful for future power planning such as the optimization of electricity power supply systems. In this paper, we propose a composite artificial neural network (ANN) model to predict the 6-hour and 24-hour ahead average wind speed over a large area (~3.15*106 km2). The ANN model consists of a convolutional input layer, a Long Short-Term Memory (LSTM) hidden layer, and a transposed convolutional layer as the output layer. We compare the ANN model with two non-parametric models, a null persistence model and a mean value model, and find that the ANN model has substantially smaller error than each of these models. Additionally, the ANN model also generally performs better than integrated autoregressive moving average models, which are trained for optimal performance in specific locations.', 'A Multi-model Combination Approach for Probabilistic Wind Power Forecasting. Short-term probabilistic wind power forecasting can provide critical quantified uncertainty information of wind generation for power system operation and control. As the complicated characteristics of wind power prediction error, it would be difficult to develop a universal forecasting model dominating over other alternative models. Therefore, a novel multi-model combination (MMC) approach for short-term probabilistic wind generation forecasting is proposed in this paper to exploit the advantages of different forecasting models. The proposed approach can combine different forecasting models those provide different kinds of probability density functions to improve the probabilistic forecast accuracy. Three probabilistic forecasting models based on the sparse Bayesian learning, kernel density estimation and beta distribution fitting are used to form the combined model. The parameters of the MMC model are solved based on Bayesian framework. Numerical tests illustrate the effectiveness of the proposed MMC approach.', 'Deep Belief Networks Based Feature Generation and Regression for Predicting Wind Power. Wind energy forecasting helps to manage power production, and hence, reduces energy cost. Deep Neural Networks (DNN) mimics hierarchical learning in the human brain and thus possesses hierarchical, distributed, and multi-task learning capabilities. Based on aforementioned characteristics, we report Deep Belief Network (DBN) based forecast engine for wind power prediction because of its good generalization and unsupervised pre-training attributes. The proposed DBN-WP forecast engine, which exhibits stochastic feature generation capabilities and is composed of multiple Restricted Boltzmann Machines, generates suitable features for wind power prediction using atmospheric properties as input. DBN-WP, due to its unsupervised pre-training of RBM layers and generalization capabilities, is able to learn the fluctuations in the meteorological properties and thus is able to perform effective mapping of the wind power. In the deep network, a regression layer is appended at the end to predict sort-term wind power. It is experimentally shown that the deep learning and unsupervised pre-training capabilities of DBN based model has comparable and in some cases better results than hybrid and complex learning techniques proposed for wind power prediction. The proposed prediction system based on DBN, achieves mean values of RMSE, MAE and SDE as 0.124, 0.083 and 0.122, respectively. Statistical analysis of several independent executions of the proposed DBN-WP wind power prediction system demonstrates the stability of the system. The proposed DBN-WP architecture is easy to implement and offers generalization as regards the change in location of the wind farm is concerned.']"
128,50,128_energy_consumption_energy consumption_power,"['energy', 'consumption', 'energy consumption', 'power', 'smart', 'iot', 'thermal', 'comfort', 'devices', 'machine learning']","[""Multi-agent Deep Reinforcement Learning for Zero Energy Communities. Advances in renewable energy generation and introduction of the government targets to improve energy efficiency gave rise to a concept of a Zero Energy Building (ZEB). A ZEB is a building whose net energy usage over a year is zero, i.e., its energy use is not larger than its overall renewables generation. A collection of ZEBs forms a Zero Energy Community (ZEC). This paper addresses the problem of energy sharing in such a community. This is different from previously addressed energy sharing between buildings as our focus is on the improvement of community energy status, while traditionally research focused on reducing losses due to transmission and storage, or achieving economic gains. We model this problem in a multi-agent environment and propose a Deep Reinforcement Learning (DRL) based solution. Each building is represented by an intelligent agent that learns over time the appropriate behaviour to share energy. We have evaluated the proposed solution in a multi-agent simulation built using osBrain. Results indicate that with time agents learn to collaborate and learn a policy comparable to the optimal policy, which in turn improves the ZEC's energy status. Buildings with no renewables preferred to request energy from their neighbours rather than from the supply grid."", 'Modelling Office Energy Consumption: An Agent Based Approach. In this paper, we develop an agent-based model which integrates four important elements, i.e. organisational energy management policies/regulations, energy management technologies, electric appliances and equipment, and human behaviour, based on a case study, to simulate the energy consumption in office buildings. With the model, we test the effectiveness of different energy management strategies, and solve practical office energy consumption problems. This paper theoretically contributes to an integration of four elements involved in the complex organisational issue of office energy consumption, and practically contributes to an application of agent-based approach for office building energy consumption study.', ""Non-Intrusive Electrical Appliances Monitoring and Classification using K-Nearest Neighbors. Non-Intrusive Load Monitoring (NILM) is the method of detecting an individual device's energy signal from an aggregated energy consumption signature [1]. As existing energy meters provide very little to no information regarding the energy consumption of individual appliances apart from the aggregated power rating, the spotting of individual appliances' energy usages by NILM will not only provide consumers the feedback of appliance-specific energy usage but also lead to the changes of their consumption behavior which facilitate energy conservation. B Neenan et al. [2] have demonstrated that direct individual appliance-specific energy usage signals lead to consumers' behavioral changes which improves energy efficiency by as much as 15%. Upon disaggregation of an energy signal, the signal needs to be classified according to the appropriate appliance. Hence, the goal of this paper is to disaggregate total energy consumption data to individual appliance signature and then classify appliance-specific energy loads using a prominent supervised classification method known as K-Nearest Neighbors (KNN). To perform this operation we have used a publicly accessible dataset of power signals from several houses known as the REDD dataset. Before applying KNN, data is preprocessed for each device. Then KNN is applied to check whether their energy consumption signature is separable or not. KNN is applied with K=5.""]"
129,50,129_pose_6d_pose estimation_object pose,"['pose', '6d', 'pose estimation', 'object pose', '6d pose', 'estimation', 'object', '6d object', '3d', 'objects']","['P$^2$GNet: Pose-Guided Point Cloud Generating Networks for 6-DoF Object Pose Estimation. Humans are able to perform fast and accurate object pose estimation even under severe occlusion by exploiting learned object model priors from everyday life. However, most recently proposed pose estimation algorithms neglect to utilize the information of object models, often end up with limited accuracy, and tend to fall short in cluttered scenes. In this paper, we present a novel learning-based model, \\underline{P}ose-Guided \\underline{P}oint Cloud \\underline{G}enerating Networks for 6D Object Pose Estimation (P$^2$GNet), designed to effectively exploit object model priors to facilitate 6D object pose estimation. We achieve this with an end-to-end estimation-by-generation workflow that combines the appearance information from the RGB-D image and the structure knowledge from object point cloud to enable accurate and robust pose estimation. Experiments on two commonly used benchmarks for 6D pose estimation, YCB-Video dataset and LineMOD dataset, demonstrate that P$^2$GNet outperforms the state-of-the-art method by a large margin and shows marked robustness towards heavy occlusion, while achieving real-time inference.', 'PoseCNN: A Convolutional Neural Network for 6D Object Pose Estimation in Cluttered Scenes. Estimating the 6D pose of known objects is important for robots to interact with the real world. The problem is challenging due to the variety of objects as well as the complexity of a scene caused by clutter and occlusions between objects. In this work, we introduce PoseCNN, a new Convolutional Neural Network for 6D object pose estimation. PoseCNN estimates the 3D translation of an object by localizing its center in the image and predicting its distance from the camera. The 3D rotation of the object is estimated by regressing to a quaternion representation. We also introduce a novel loss function that enables PoseCNN to handle symmetric objects. In addition, we contribute a large scale video dataset for 6D object pose estimation named the YCB-Video dataset. Our dataset provides accurate 6D poses of 21 objects from the YCB dataset observed in 92 videos with 133,827 frames. We conduct extensive experiments on our YCB-Video dataset and the OccludedLINEMOD dataset to show that PoseCNN is highly robust to occlusions, can handle symmetric objects, and provide accurate pose estimation using only color images as input. When using depth data to further refine the poses, our approach achieves state-of-the-art results on the challenging OccludedLINEMOD dataset. Our code and dataset are available at https://rse-lab.cs.washington.edu/projects/posecnn/.', 'Single Shot 6D Object Pose Estimation. In this paper, we introduce a novel single shot approach for 6D object pose estimation of rigid objects based on depth images. For this purpose, a fully convolutional neural network is employed, where the 3D input data is spatially discretized and pose estimation is considered as a regression task that is solved locally on the resulting volume elements. With 65 fps on a GPU, our Object Pose Network (OP-Net) is extremely fast, is optimized end-to-end, and estimates the 6D pose of multiple objects in the image simultaneously. Our approach does not require manually 6D pose-annotated real-world datasets and transfers to the real world, although being entirely trained on synthetic data. The proposed method is evaluated on public benchmark datasets, where we can demonstrate that state-of-the-art methods are significantly outperformed.']"
130,50,130_retinal_fundus_oct_retinopathy,"['retinal', 'fundus', 'oct', 'retinopathy', 'diabetic', 'diabetic retinopathy', 'vessel', 'images', 'fundus images', 'optic']","['Fully Automated Segmentation of Hyperreflective Foci in Optical Coherence Tomography Images. The automatic detection of disease related entities in retinal imaging data is relevant for disease- and treatment monitoring. It enables the quantitative assessment of large amounts of data and the corresponding study of disease characteristics. The presence of hyperreflective foci (HRF) is related to disease progression in various retinal diseases. Manual identification of HRF in spectral-domain optical coherence tomography (SD-OCT) scans is error-prone and tedious. We present a fully automated machine learning approach for segmenting HRF in SD-OCT scans. Evaluation on annotated OCT images of the retina demonstrates that a residual U-Net allows to segment HRF with high accuracy. As our dataset comprised data from different retinal diseases including age-related macular degeneration, diabetic macular edema and retinal vein occlusion, the algorithm can safely be applied in all of them though different pathophysiological origins are known.', 'Deep learning achieves perfect anomaly detection on 108,308 retinal images including unlearned diseases. Optical coherence tomography (OCT) scanning is useful in detecting various retinal diseases. However, there are not enough ophthalmologists who can diagnose retinal OCT images in much of the world. To provide OCT screening inexpensively and extensively, an automated diagnosis system is indispensable. Although many machine learning techniques have been presented for assisting ophthalmologists in diagnosing retinal OCT images, there is no technique that can diagnose independently without relying on an ophthalmologist, i.e., there is no technique that does not overlook any anomaly, including unlearned diseases. As long as there is a risk of overlooking a disease with a technique, ophthalmologists must double-check even those images that the technique classifies as normal. Here, we show that our deep-learning-based binary classifier (normal or abnormal) achieved a perfect classification on 108,308 two-dimensional retinal OCT images, i.e., true positive rate = 1.000000 and true negative rate = 1.000000; hence, the area under the ROC curve = 1.0000000. Although the test set included three types of diseases, two of these were not used for training. However, all test images were correctly classified. Furthermore, we demonstrated that our scheme was able to cope with differences in patient race. No conventional approach has achieved the above performances. Our work has a sufficient possibility of raising automated diagnosis techniques for retinal OCT images from ""assistant for ophthalmologists"" to ""independent diagnosis system without ophthalmologists"".', 'Neural Networks with Manifold Learning for Diabetic Retinopathy Detection. Widespread outreach programs using remote retinal imaging have proven to decrease the risk from diabetic retinopathy, the leading cause of blindness in the US. However, this process still requires manual verification of image quality and grading of images for level of disease by a trained human grader and will continue to be limited by the lack of such scarce resources. Computer-aided diagnosis of retinal images have recently gained increasing attention in the machine learning community. In this paper, we introduce a set of neural networks for diabetic retinopathy classification of fundus retinal images. We evaluate the efficiency of the proposed classifiers in combination with preprocessing and augmentation steps on a sample dataset. Our experimental results show that neural networks in combination with preprocessing on the images can boost the classification accuracy on this dataset. Moreover the proposed models are scalable and can be used in large scale datasets for diabetic retinopathy detection. The models introduced in this paper can be used to facilitate the diagnosis and speed up the detection process.']"
131,49,131_age_face_gender_face recognition,"['age', 'face', 'gender', 'face recognition', 'aging', 'facial', 'faces', 'gender classification', 'age estimation', 'recognition']","['Longitudinal Face Modeling via Temporal Deep Restricted Boltzmann Machines. Modeling the face aging process is a challenging task due to large and non-linear variations present in different stages of face development. This paper presents a deep model approach for face age progression that can efficiently capture the non-linear aging process and automatically synthesize a series of age-progressed faces in various age ranges. In this approach, we first decompose the long-term age progress into a sequence of short-term changes and model it as a face sequence. The Temporal Deep Restricted Boltzmann Machines based age progression model together with the prototype faces are then constructed to learn the aging transformation between faces in the sequence. In addition, to enhance the wrinkles of faces in the later age ranges, the wrinkle models are further constructed using Restricted Boltzmann Machines to capture their variations in different facial regions. The geometry constraints are also taken into account in the last step for more consistent age-progressed results. The proposed approach is evaluated using various face aging databases, i.e. FG-NET, Cross-Age Celebrity Dataset (CACD) and MORPH, and our collected large-scale aging database named AginG Faces in the Wild (AGFW). In addition, when ground-truth age is not available for input image, our proposed system is able to automatically estimate the age of the input face before aging process is employed.', 'A Unified Gender-Aware Age Estimation. Human age estimation has attracted increasing researches due to its wide applicability in such as security monitoring and advertisement recommendation. Although a variety of methods have been proposed, most of them focus only on the age-specific facial appearance. However, biological researches have shown that not only gender but also the aging difference between the male and the female inevitably affect the age estimation. To our knowledge, so far there have been two methods that have concerned the gender factor. The first is a sequential method which first classifies the gender and then performs age estimation respectively for classified male and female. Although it promotes age estimation performance because of its consideration on the gender semantic difference, an accumulation risk of estimation errors is unavoidable. To overcome drawbacks of the sequential strategy, the second is to regress the age appended with the gender by concatenating their labels as two dimensional output using Partial Least Squares (PLS). Although leading to promotion of age estimation performance, such a concatenation not only likely confuses the semantics between the gender and age, but also ignores the aging discrepancy between the male and the female. In order to overcome their shortcomings, in this paper we propose a unified framework to perform gender-aware age estimation. The proposed method considers and utilizes not only the semantic relationship between the gender and the age, but also the aging discrepancy between the male and the female. Finally, experimental results demonstrate not only the superiority of our method in performance, but also its good interpretability in revealing the aging discrepancy.', 'Look Across Elapse: Disentangled Representation Learning and Photorealistic Cross-Age Face Synthesis for Age-Invariant Face Recognition. Despite the remarkable progress in face recognition related technologies, reliably recognizing faces across ages still remains a big challenge. The appearance of a human face changes substantially over time, resulting in significant intra-class variations. As opposed to current techniques for age-invariant face recognition, which either directly extract age-invariant features for recognition, or first synthesize a face that matches target age before feature extraction, we argue that it is more desirable to perform both tasks jointly so that they can leverage each other. To this end, we propose a deep Age-Invariant Model (AIM) for face recognition in the wild with three distinct novelties. First, AIM presents a novel unified deep architecture jointly performing cross-age face synthesis and recognition in a mutual boosting way. Second, AIM achieves continuous face rejuvenation/aging with remarkable photorealistic and identity-preserving properties, avoiding the requirement of paired data and the true age of testing samples. Third, we develop effective and novel training strategies for end-to-end learning the whole deep architecture, which generates powerful age-invariant face representations explicitly disentangled from the age variation. Moreover, we propose a new large-scale Cross-Age Face Recognition (CAFR) benchmark dataset to facilitate existing efforts and push the frontiers of age-invariant face recognition research. Extensive experiments on both our CAFR and several other cross-age datasets (MORPH, CACD and FG-NET) demonstrate the superiority of the proposed AIM model over the state-of-the-arts. Benchmarking our model on one of the most popular unconstrained face recognition datasets IJB-C additionally verifies the promising generalizability of AIM in recognizing faces in the wild.']"
132,49,132_object segmentation_video_object_segmentation,"['object segmentation', 'video', 'object', 'segmentation', 'video object', 'video segmentation', 'foreground', 'frame', 'videos', 'frames']","['Video Object Segmentation using Tracked Object Proposals. We present an approach to semi-supervised video object segmentation, in the context of the DAVIS 2017 challenge. Our approach combines category-based object detection, category-independent object appearance segmentation and temporal object tracking. We are motivated by the fact that the objects semantic category tends not to change throughout the video while its appearance and location can vary considerably. In order to capture the specific object appearance independent of its category, for each video we train a fully convolutional network using augmentations of the given annotated frame. We refine the appearance segmentation mask with the bounding boxes provided either by a semantic object detection network, when applicable, or by a previous frame prediction. By introducing a temporal continuity constraint on the detected boxes, we are able to improve the object segmentation mask of the appearance network and achieve competitive results on the DAVIS datasets.', 'One-Shot Video Object Segmentation. This paper tackles the task of semi-supervised video object segmentation, i.e., the separation of an object from the background in a video, given the mask of the first frame. We present One-Shot Video Object Segmentation (OSVOS), based on a fully-convolutional neural network architecture that is able to successively transfer generic semantic information, learned on ImageNet, to the task of foreground segmentation, and finally to learning the appearance of a single annotated object of the test sequence (hence one-shot). Although all frames are processed independently, the results are temporally coherent and stable. We perform experiments on two annotated video segmentation databases, which show that OSVOS is fast and improves the state of the art by a significant margin (79.8% vs 68.0%).', 'Flow-free Video Object Segmentation. Segmenting foreground object from a video is a challenging task because of the large deformations of the objects, occlusions, and background clutter. In this paper, we propose a frame-by-frame but computationally efficient approach for video object segmentation by clustering visually similar generic object segments throughout the video. Our algorithm segments various object instances appearing in the video and then perform clustering in order to group visually similar segments into one cluster. Since the object that needs to be segmented appears in most part of the video, we can retrieve the foreground segments from the cluster having maximum number of segments, thus filtering out noisy segments that do not represent any object. We then apply a track and fill approach in order to localize the objects in the frames where the object segmentation framework fails to segment any object. Our algorithm performs comparably to the recent automatic methods for video object segmentation when benchmarked on DAVIS dataset while being computationally much faster.']"
133,49,133_sarcasm_humor_sarcastic_irony,"['sarcasm', 'humor', 'sarcastic', 'irony', 'detection', 'tweets', 'context', 'humor detection', 'pun', 'headlines']","['$R^3$: Reverse, Retrieve, and Rank for Sarcasm Generation with Commonsense Knowledge. We propose an unsupervised approach for sarcasm generation based on a non-sarcastic input sentence. Our method employs a retrieve-and-edit framework to instantiate two major characteristics of sarcasm: reversal of valence and semantic incongruity with the context which could include shared commonsense or world knowledge between the speaker and the listener. While prior works on sarcasm generation predominantly focus on context incongruity, we show that combining valence reversal and semantic incongruity based on the commonsense knowledge generates sarcasm of higher quality. Human evaluation shows that our system generates sarcasm better than human annotators 34% of the time, and better than a reinforced hybrid baseline 90% of the time.', 'Sarcasm SIGN: Interpreting Sarcasm with Sentiment Based Monolingual Machine Translation. Sarcasm is a form of speech in which speakers say the opposite of what they truly mean in order to convey a strong sentiment. In other words, ""Sarcasm is the giant chasm between what I say, and the person who doesn\'t get it."". In this paper we present the novel task of sarcasm interpretation, defined as the generation of a non-sarcastic utterance conveying the same message as the original sarcastic one. We introduce a novel dataset of 3000 sarcastic tweets, each interpreted by five human judges. Addressing the task as monolingual machine translation (MT), we experiment with MT algorithms and evaluation measures. We then present SIGN: an MT based sarcasm interpretation algorithm that targets sentiment words, a defining element of textual sarcasm. We show that while the scores of n-gram based automatic measures are similar for all interpretation models, SIGN\'s interpretations are scored higher by humans for adequacy and sentiment polarity. We conclude with a discussion on future research directions for our new task.', 'Towards Multimodal Sarcasm Detection (An _Obviously_ Perfect Paper). Sarcasm is often expressed through several verbal and non-verbal cues, e.g., a change of tone, overemphasis in a word, a drawn-out syllable, or a straight looking face. Most of the recent work in sarcasm detection has been carried out on textual data. In this paper, we argue that incorporating multimodal cues can improve the automatic classification of sarcasm. As a first step towards enabling the development of multimodal approaches for sarcasm detection, we propose a new sarcasm dataset, Multimodal Sarcasm Detection Dataset (MUStARD), compiled from popular TV shows. MUStARD consists of audiovisual utterances annotated with sarcasm labels. Each utterance is accompanied by its context of historical utterances in the dialogue, which provides additional information on the scenario where the utterance occurs. Our initial results show that the use of multimodal information can reduce the relative error rate of sarcasm detection by up to 12.9% in F-score when compared to the use of individual modalities. The full dataset is publicly available for use at https://github.com/soujanyaporia/MUStARD']"
134,47,134_dialog_visual_visual dialog_storytelling,"['dialog', 'visual', 'visual dialog', 'storytelling', 'sceneaware', 'multimodal', 'visual storytelling', 'sceneaware dialog', 'story', 'dialogue']","['Multi-View Attention Network for Visual Dialog. Visual dialog is a challenging vision-language task in which a series of questions visually grounded by a given image are answered. To resolve the visual dialog task, a high-level understanding of various multimodal inputs (e.g., question, dialog history, and image) is required. Specifically, it is necessary for an agent to 1) determine the semantic intent of question and 2) align question-relevant textual and visual contents among heterogeneous modality inputs. In this paper, we propose Multi-View Attention Network (MVAN), which leverages multiple views about heterogeneous inputs based on attention mechanisms. MVAN effectively captures the question-relevant information from the dialog history with two complementary modules (i.e., Topic Aggregation and Context Matching), and builds multimodal representations through sequential alignment processes (i.e., Modality Alignment). Experimental results on VisDial v1.0 dataset show the effectiveness of our proposed model, which outperforms the previous state-of-the-art methods with respect to all evaluation metrics.', 'Image-Question-Answer Synergistic Network for Visual Dialog. The image, question (combined with the history for de-referencing), and the corresponding answer are three vital components of visual dialog. Classical visual dialog systems integrate the image, question, and history to search for or generate the best matched answer, and so, this approach significantly ignores the role of the answer. In this paper, we devise a novel image-question-answer synergistic network to value the role of the answer for precise visual dialog. We extend the traditional one-stage solution to a two-stage solution. In the first stage, candidate answers are coarsely scored according to their relevance to the image and question pair. Afterward, in the second stage, answers with high probability of being correct are re-ranked by synergizing with image and question. On the Visual Dialog v1.0 dataset, the proposed synergistic network boosts the discriminative visual dialog model to achieve a new state-of-the-art of 57.88\\% normalized discounted cumulative gain. A generative visual dialog model equipped with the proposed technique also shows promising improvements.', 'End-to-End Audio Visual Scene-Aware Dialog using Multimodal Attention-Based Video Features. Dialog systems need to understand dynamic visual scenes in order to have conversations with users about the objects and events around them. Scene-aware dialog systems for real-world applications could be developed by integrating state-of-the-art technologies from multiple research areas, including: end-to-end dialog technologies, which generate system responses using models trained from dialog data; visual question answering (VQA) technologies, which answer questions about images using learned image features; and video description technologies, in which descriptions/captions are generated from videos using multimodal information. We introduce a new dataset of dialogs about videos of human behaviors. Each dialog is a typed conversation that consists of a sequence of 10 question-and-answer(QA) pairs between two Amazon Mechanical Turk (AMT) workers. In total, we collected dialogs on roughly 9,000 videos. Using this new dataset for Audio Visual Scene-aware dialog (AVSD), we trained an end-to-end conversation model that generates responses in a dialog about a video. Our experiments demonstrate that using multimodal features that were developed for multimodal attention-based video description enhances the quality of generated dialog about dynamic scenes (videos). Our dataset, model code and pretrained models will be publicly available for a new Video Scene-Aware Dialog challenge.']"
135,47,135_chinese_word segmentation_chinese word_word,"['chinese', 'word segmentation', 'chinese word', 'word', 'segmentation', 'characters', 'character', 'lattice', 'ner', 'glyph']","['Learning Chinese Word Representations From Glyphs Of Characters. In this paper, we propose new methods to learn Chinese word representations. Chinese characters are composed of graphical components, which carry rich semantics. It is common for a Chinese learner to comprehend the meaning of a word from these graphical components. As a result, we propose models that enhance word representations by character glyphs. The character glyph features are directly learned from the bitmaps of characters by convolutional auto-encoder(convAE), and the glyph features improve Chinese word representations which are already enhanced by character embeddings. Another contribution in this paper is that we created several evaluation datasets in traditional Chinese and made them public.', 'Integrating Boundary Assembling into a DNN Framework for Named Entity Recognition in Chinese Social Media Text. Named entity recognition is a challenging task in Natural Language Processing, especially for informal and noisy social media text. Chinese word boundaries are also entity boundaries, therefore, named entity recognition for Chinese text can benefit from word boundary detection, outputted by Chinese word segmentation. Yet Chinese word segmentation poses its own difficulty because it is influenced by several factors, e.g., segmentation criteria, employed algorithm, etc. Dealt improperly, it may generate a cascading failure to the quality of named entity recognition followed. In this paper we integrate a boundary assembling method with the state-of-the-art deep neural network model, and incorporate the updated word boundary information into a conditional random field model for named entity recognition. Our method shows a 2% absolute improvement over previous state-of-the-art results.', 'Neural Chinese Word Segmentation with Dictionary Knowledge. Chinese word segmentation (CWS) is an important task for Chinese NLP. Recently, many neural network based methods have been proposed for CWS. However, these methods require a large number of labeled sentences for model training, and usually cannot utilize the useful information in Chinese dictionary. In this paper, we propose two methods to exploit the dictionary information for CWS. The first one is based on pseudo labeled data generation, and the second one is based on multi-task learning. The experimental results on two benchmark datasets validate that our approach can effectively improve the performance of Chinese word segmentation, especially when training data is insufficient.']"
136,47,136_background_surveillance_background subtraction_subtraction,"['background', 'surveillance', 'background subtraction', 'subtraction', 'detection', 'video surveillance', 'object', 'video', 'foreground', 'objects']","['Data-Driven Background Subtraction Algorithm for in-Camera Acceleration in Thermal Imagery. Detection of moving objects in videos is a crucial step towards successful surveillance and monitoring applications. A key component for such tasks is called background subtraction and tries to extract regions of interest from the image background for further processing or action. For this reason, its accuracy and real-time performance is of great significance. Although, effective background subtraction methods have been proposed, only a few of them take into consideration the special characteristics of thermal imagery. In this work, we propose a background subtraction scheme, which models the thermal responses of each pixel as a mixture of Gaussians with unknown number of components. Following a Bayesian approach, our method automatically estimates the mixture structure, while simultaneously it avoids over/under fitting. The pixel density estimate is followed by an efficient and highly accurate updating mechanism, which permits our system to be automatically adapted to dynamically changing operation conditions. We propose a reference implementation of our method in reconfigurable hardware achieving both adequate performance and low power consumption. Adopting a High Level Synthesis design, demanding floating point arithmetic operations are mapped in reconfigurable hardware; demonstrating fast-prototyping and on-field customization at the same time.', 'Background subtraction on depth videos with convolutional neural networks. Background subtraction is a significant component of computer vision systems. It is widely used in video surveillance, object tracking, anomaly detection, etc. A new data source for background subtraction appeared as the emergence of low-cost depth sensors like Microsof t Kinect, Asus Xtion PRO, etc. In this paper, we propose a background subtraction approach on depth videos, which is based on convolutional neural networks (CNNs), called BGSNet-D (BackGround Subtraction neural Networks for Depth videos). The method can be used in color unavailable scenarios like poor lighting situations, and can also be applied to combine with existing RGB background subtraction methods. A preprocessing strategy is designed to reduce the influences incurred by noise from depth sensors. The experimental results on the SBM-RGBD dataset show that the proposed method outperforms existing methods on depth data.', 'Background Subtraction in Real Applications: Challenges, Current Models and Future Directions. Computer vision applications based on videos often require the detection of moving objects in their first step. Background subtraction is then applied in order to separate the background and the foreground. In literature, background subtraction is surely among the most investigated field in computer vision providing a big amount of publications. Most of them concern the application of mathematical and machine learning models to be more robust to the challenges met in videos. However, the ultimate goal is that the background subtraction methods developed in research could be employed in real applications like traffic surveillance. But looking at the literature, we can remark that there is often a gap between the current methods used in real applications and the current methods in fundamental research. In addition, the videos evaluated in large-scale datasets are not exhaustive in the way that they only covered a part of the complete spectrum of the challenges met in real applications. In this context, we attempt to provide the most exhaustive survey as possible on real applications that used background subtraction in order to identify the real challenges met in practice, the current used background models and to provide future directions. Thus, challenges are investigated in terms of camera, foreground objects and environments. In addition, we identify the background models that are effectively used in these applications in order to find potential usable recent background models in terms of robustness, time and memory requirements.']"
137,47,137_rain_dehazing_haze_image dehazing,"['rain', 'dehazing', 'haze', 'image dehazing', 'removal', 'image', 'underwater', 'deraining', 'streaks', 'images']","['Heavy Rain Image Restoration: Integrating Physics Model and Conditional Adversarial Learning. Most deraining works focus on rain streaks removal but they cannot deal adequately with heavy rain images. In heavy rain, streaks are strongly visible, dense rain accumulation or rain veiling effect significantly washes out the image, further scenes are relatively more blurry, etc. In this paper, we propose a novel method to address these problems. We put forth a 2-stage network: a physics-based backbone followed by a depth-guided GAN refinement. The first stage estimates the rain streaks, the transmission, and the atmospheric light governed by the underlying physics. To tease out these components more reliably, a guided filtering framework is used to decompose the image into its low- and high-frequency components. This filtering is guided by a rain-free residue image --- its content is used to set the passbands for the two channels in a spatially-variant manner so that the background details do not get mixed up with the rain-streaks. For the second stage, the refinement stage, we put forth a depth-guided GAN to recover the background details failed to be retrieved by the first stage, as well as correcting artefacts introduced by that stage. We have evaluated our method against the state of the art methods. Extensive experiments show that our method outperforms them on real rain image data, recovering visually clean images with good details.', 'Recurrent Squeeze-and-Excitation Context Aggregation Net for Single Image Deraining. Rain streaks can severely degrade the visibility, which causes many current computer vision algorithms fail to work. So it is necessary to remove the rain from images. We propose a novel deep network architecture based on deep convolutional and recurrent neural networks for single image deraining. As contextual information is very important for rain removal, we first adopt the dilated convolutional neural network to acquire large receptive field. To better fit the rain removal task, we also modify the network. In heavy rain, rain streaks have various directions and shapes, which can be regarded as the accumulation of multiple rain streak layers. We assign different alpha-values to various rain streak layers according to the intensity and transparency by incorporating the squeeze-and-excitation block. Since rain streak layers overlap with each other, it is not easy to remove the rain in one stage. So we further decompose the rain removal into multiple stages. Recurrent neural network is incorporated to preserve the useful information in previous stages and benefit the rain removal in later stages. We conduct extensive experiments on both synthetic and real-world datasets. Our proposed method outperforms the state-of-the-art approaches under all evaluation metrics. Codes and supplementary material are available at our project webpage: https://xialipku.github.io/RESCAN .', 'Deep Joint Rain Detection and Removal from a Single Image. In this paper, we address a rain removal problem from a single image, even in the presence of heavy rain and rain streak accumulation. Our core ideas lie in the new rain image models and a novel deep learning architecture. We first modify an existing model comprising a rain streak layer and a background layer, by adding a binary map that locates rain streak regions. Second, we create a new model consisting of a component representing rain streak accumulation (where individual streaks cannot be seen, and thus visually similar to mist or fog), and another component representing various shapes and directions of overlapping rain streaks, which usually happen in heavy rain. Based on the first model, we develop a multi-task deep learning architecture that learns the binary rain streak map, the appearance of rain streaks, and the clean background, which is our ultimate output. The additional binary map is critically beneficial, since its loss function can provide additional strong information to the network. To handle rain streak accumulation (again, a phenomenon visually similar to mist or fog) and various shapes and directions of overlapping rain streaks, we propose a recurrent rain detection and removal network that removes rain streaks and clears up the rain accumulation iteratively and progressively. In each recurrence of our method, a new contextualized dilated network is developed to exploit regional contextual information and outputs better representation for rain detection. The evaluation on real images, particularly on heavy rain, shows the effectiveness of our novel models and architecture, outperforming the state-of-the-art methods significantly. Our codes and data sets will be publicly available.']"
138,47,138_text_scene text_text detection_scene,"['text', 'scene text', 'text detection', 'scene', 'text recognition', 'icdar', 'detection', 'recognition', 'detection recognition', 'spotting']","['Scene Text Magnifier. Scene text magnifier aims to magnify text in natural scene images without recognition. It could help the special groups, who have myopia or dyslexia to better understand the scene. In this paper, we design the scene text magnifier through interacted four CNN-based networks: character erasing, character extraction, character magnify, and image synthesis. The architecture of the networks are extended based on the hourglass encoder-decoders. It inputs the original scene text image and outputs the text magnified image while keeps the background unchange. Intermediately, we can get the side-output results of text erasing and text extraction. The four sub-networks are first trained independently and fine-tuned in end-to-end mode. The training samples for each stage are processed through a flow with original image and text annotation in ICDAR2013 and Flickr dataset as input, and corresponding text erased image, magnified text annotation, and text magnified scene image as output. To evaluate the performance of text magnifier, the Structural Similarity is used to measure the regional changes in each character region. The experimental results demonstrate our method can magnify scene text effectively without effecting the background.', 'Deep Residual Text Detection Network for Scene Text. Scene text detection is a challenging problem in computer vision. In this paper, we propose a novel text detection network based on prevalent object detection frameworks. In order to obtain stronger semantic feature, we adopt ResNet as feature extraction layers and exploit multi-level feature by combining hierarchical convolutional networks. A vertical proposal mechanism is utilized to avoid proposal classification, while regression layer remains working to improve localization accuracy. Our approach evaluated on ICDAR2013 dataset achieves F-measure of 0.91, which outperforms previous state-of-the-art results in scene text detection.', 'TextBoxes++: A Single-Shot Oriented Scene Text Detector. Scene text detection is an important step of scene text recognition system and also a challenging problem. Different from general object detection, the main challenges of scene text detection lie on arbitrary orientations, small sizes, and significantly variant aspect ratios of text in natural images. In this paper, we present an end-to-end trainable fast scene text detector, named TextBoxes++, which detects arbitrary-oriented scene text with both high accuracy and efficiency in a single network forward pass. No post-processing other than an efficient non-maximum suppression is involved. We have evaluated the proposed TextBoxes++ on four public datasets. In all experiments, TextBoxes++ outperforms competing methods in terms of text localization accuracy and runtime. More specifically, TextBoxes++ achieves an f-measure of 0.817 at 11.6fps for 1024*1024 ICDAR 2015 Incidental text images, and an f-measure of 0.5591 at 19.8fps for 768*768 COCO-Text images. Furthermore, combined with a text recognizer, TextBoxes++ significantly outperforms the state-of-the-art approaches for word spotting and end-to-end text recognition tasks on popular benchmarks. Code is available at: https://github.com/MhLiao/TextBoxes_plusplus']"
139,46,139_epistemic_logic_coalition_epistemic planning,"['epistemic', 'logic', 'coalition', 'epistemic planning', 'agents', 'planning', 'blameworthiness', 'multiagent', 'agent', 'multiagent epistemic']","['Together We Know How to Achieve: An Epistemic Logic of Know-How. The existence of a coalition strategy to achieve a goal does not necessarily mean that the coalition has enough information to know how to follow the strategy. Neither does it mean that the coalition knows that such a strategy exists. The article studies an interplay between the distributed knowledge, coalition strategies, and coalition ""know-how"" strategies. The main technical result is a sound and complete trimodal logical system that describes the properties of this interplay.', 'A Gentle Introduction to Epistemic Planning: The DEL Approach. Epistemic planning can be used for decision making in multi-agent situations with distributed knowledge and capabilities. Dynamic Epistemic Logic (DEL) has been shown to provide a very natural and expressive framework for epistemic planning. In this paper, we aim to give an accessible introduction to DEL-based epistemic planning. The paper starts with the most classical framework for planning, STRIPS, and then moves towards epistemic planning in a number of smaller steps, where each step is motivated by the need to be able to model more complex planning scenarios.', ""What you get is what you see: Decomposing Epistemic Planning using Functional STRIPS. Epistemic planning --- planning with knowledge and belief --- is essential in many multi-agent and human-agent interaction domains. Most state-of-the-art epistemic planners solve this problem by compiling to propositional classical planning, for example, generating all possible knowledge atoms, or compiling epistemic formula to normal forms. However, these methods become computationally infeasible as problems grow. In this paper, we decompose epistemic planning by delegating reasoning about epistemic formula to an external solver. We do this by modelling the problem using \\emph{functional STRIPS}, which is more expressive than standard STRIPS and supports the use of external, black-box functions within action models. Exploiting recent work that demonstrates the relationship between what an agent `sees' and what it knows, we allow modellers to provide new implementations of externals functions. These define what agents see in their environment, allowing new epistemic logics to be defined without changing the planner. As a result, it increases the capability and flexibility of the epistemic model itself, and avoids the exponential pre-compilation step. We ran evaluations on well-known epistemic planning benchmarks to compare with an existing state-of-the-art planner, and on new scenarios based on different external functions. The results show that our planner scales significantly better than the state-of-the-art planner against which we compared, and can express problems more succinctly.""]"
140,46,140_texture_defect_logo_defects,"['texture', 'defect', 'logo', 'defects', 'image', 'images', 'descriptors', 'classification', 'image retrieval', 'defect detection']","['Fractal Descriptors of Texture Images Based on the Triangular Prism Dimension. This work presents a novel descriptor for texture images based on fractal geometry and its application to image analysis. The descriptors are provided by estimating the triangular prism fractal dimension under different scales with a weight exponential parameter, followed by dimensionality reduction using Karhunen-Loève transform. The efficiency of the proposed descriptors is tested on two well-known texture data sets, that is, Brodatz and Vistex, both for classification and image retrieval. The novel method is also tested concerning invariances in situations when the textures are rotated or affected by Gaussian noise. The obtained results outperform other classical and state-of-the-art descriptors in the literature and demonstrate the power of the triangular descriptors in these tasks, suggesting their use in practical applications of image analysis based on texture features.', 'Local Neighborhood Intensity Pattern: A new texture feature descriptor for image retrieval. In this paper, a new texture descriptor based on the local neighborhood intensity difference is proposed for content based image retrieval (CBIR). For computation of texture features like Local Binary Pattern (LBP), the center pixel in a 3*3 window of an image is compared with all the remaining neighbors, one pixel at a time to generate a binary bit pattern. It ignores the effect of the adjacent neighbors of a particular pixel for its binary encoding and also for texture description. The proposed method is based on the concept that neighbors of a particular pixel hold a significant amount of texture information that can be considered for efficient texture representation for CBIR. Taking this into account, we develop a new texture descriptor, named as Local Neighborhood Intensity Pattern (LNIP) which considers the relative intensity difference between a particular pixel and the center pixel by considering its adjacent neighbors and generate a sign and a magnitude pattern. Since sign and magnitude patterns hold complementary information to each other, these two patterns are concatenated into a single feature descriptor to generate a more concrete and useful feature descriptor. The proposed descriptor has been tested for image retrieval on four databases, including three texture image databases - Brodatz texture image database, MIT VisTex database and Salzburg texture database and one face database AT&T face database. The precision and recall values observed on these databases are compared with some state-of-art local patterns. The proposed method showed a significant improvement over many other existing methods.', ""Texture image analysis and texture classification methods - A review. Tactile texture refers to the tangible feel of a surface and visual texture refers to see the shape or contents of the image. In the image processing, the texture can be defined as a function of spatial variation of the brightness intensity of the pixels. Texture is the main term used to define objects or concepts of a given image. Texture analysis plays an important role in computer vision cases such as object recognition, surface defect detection, pattern recognition, medical image analysis, etc. Since now many approaches have been proposed to describe texture images accurately. Texture analysis methods usually are classified into four categories: statistical methods, structural, model-based and transform-based methods. This paper discusses the various methods used for texture or analysis in details. New researches shows the power of combinational methods for texture analysis, which can't be in specific category. This paper provides a review on well known combinational methods in a specific section with details. This paper counts advantages and disadvantages of well-known texture image descriptors in the result part. Main focus in all of the survived methods is on discrimination performance, computational complexity and resistance to challenges such as noise, rotation, etc. A brief review is also made on the common classifiers used for texture image classification. Also, a survey on texture image benchmark datasets is included.""]"
141,45,141_bilingual_crosslingual_embeddings_crosslingual word,"['bilingual', 'crosslingual', 'embeddings', 'crosslingual word', 'word', 'languages', 'monolingual', 'bilingual lexicon', 'word embeddings', 'lexicon induction']","['A Novel Bilingual Word Embedding Method for Lexical Translation Using Bilingual Sense Clique. Most of the existing methods for bilingual word embedding only consider shallow context or simple co-occurrence information. In this paper, we propose a latent bilingual sense unit (Bilingual Sense Clique, BSC), which is derived from a maximum complete sub-graph of pointwise mutual information based graph over bilingual corpus. In this way, we treat source and target words equally and a separated bilingual projection processing that have to be used in most existing works is not necessary any more. Several dimension reduction methods are evaluated to summarize the BSC-word relationship. The proposed method is evaluated on bilingual lexicon translation tasks and empirical results show that bilingual sense embedding methods outperform existing bilingual word embedding methods.', 'Unsupervised Word Mapping Using Structural Similarities in Monolingual Embeddings. Most existing methods for automatic bilingual dictionary induction rely on prior alignments between the source and target languages, such as parallel corpora or seed dictionaries. For many language pairs, such supervised alignments are not readily available. We propose an unsupervised approach for learning a bilingual dictionary for a pair of languages given their independently-learned monolingual word embeddings. The proposed method exploits local and global structures in monolingual vector spaces to align them such that similar words are mapped to each other. We show empirically that the performance of bilingual correspondents learned using our proposed unsupervised method is comparable to that of using supervised bilingual correspondents from a seed dictionary.', 'Learning Crosslingual Word Embeddings without Bilingual Corpora. Crosslingual word embeddings represent lexical items from different languages in the same vector space, enabling transfer of NLP tools. However, previous attempts had expensive resource requirements, difficulty incorporating monolingual data or were unable to handle polysemy. We address these drawbacks in our method which takes advantage of a high coverage dictionary in an EM style training algorithm over monolingual corpora in two languages. Our model achieves state-of-the-art performance on bilingual lexicon induction task exceeding models using large bilingual corpora, and competitive results on the monolingual word similarity and cross-lingual document classification task.']"
142,45,142_discourse_implicit discourse_discourse relations_discourse relation,"['discourse', 'implicit discourse', 'discourse relations', 'discourse relation', 'implicit', 'relations', 'connectives', 'parsing', 'relation', 'discourse parsing']","['Learning to Explicitate Connectives with Seq2Seq Network for Implicit Discourse Relation Classification. Implicit discourse relation classification is one of the most difficult steps in discourse parsing. The difficulty stems from the fact that the coherence relation must be inferred based on the content of the discourse relational arguments. Therefore, an effective encoding of the relational arguments is of crucial importance. We here propose a new model for implicit discourse relation classification, which consists of a classifier, and a sequence-to-sequence model which is trained to generate a representation of the discourse relational arguments by trying to predict the relational arguments including a suitable implicit connective. Training is possible because such implicit connectives have been annotated as part of the PDTB corpus. Along with a memory network, our model could generate more refined representations for the task. And on the now standard 11-way classification, our method outperforms previous state of the art systems on the PDTB benchmark on multiple settings including cross validation.', 'Automatic Disambiguation of French Discourse Connectives. Discourse connectives (e.g. however, because) are terms that can explicitly convey a discourse relation within a text. While discourse connectives have been shown to be an effective clue to automatically identify discourse relations, they are not always used to convey such relations, thus they should first be disambiguated between discourse-usage non-discourse-usage. In this paper, we investigate the applicability of features proposed for the disambiguation of English discourse connectives for French. Our results with the French Discourse Treebank (FDTB) show that syntactic and lexical features developed for English texts are as effective for French and allow the disambiguation of French discourse connectives with an accuracy of 94.2%.', 'Improving Implicit Discourse Relation Classification by Modeling Inter-dependencies of Discourse Units in a Paragraph. We argue that semantic meanings of a sentence or clause can not be interpreted independently from the rest of a paragraph, or independently from all discourse relations and the overall paragraph-level discourse structure. With the goal of improving implicit discourse relation classification, we introduce a paragraph-level neural networks that model inter-dependencies between discourse units as well as discourse relation continuity and patterns, and predict a sequence of discourse relations in a paragraph. Experimental results show that our model outperforms the previous state-of-the-art systems on the benchmark corpus of PDTB.']"
143,45,143_flow_optical flow_optical_motion,"['flow', 'optical flow', 'optical', 'motion', 'flow estimation', 'estimation', 'scene flow', 'scene', 'kitti', 'motion estimation']","['Hybrid Learning of Optical Flow and Next Frame Prediction to Boost Optical Flow in the Wild. CNN-based optical flow estimation has attracted attention recently, mainly due to its impressively high frame rates. These networks perform well on synthetic datasets, but they are still far behind the classical methods in real-world videos. This is because there is no ground truth optical flow for training these networks on real data. In this paper, we boost CNN-based optical flow estimation in real scenes with the help of the freely available self-supervised task of next-frame prediction. To this end, we train the network in a hybrid way, providing it with a mixture of synthetic and real videos. With the help of a sample-variant multi-tasking architecture, the network is trained on different tasks depending on the availability of ground-truth. We also experiment with the prediction of ""next-flow"" instead of estimation of the current flow, which is intuitively closer to the task of next-frame prediction and yields favorable results. We demonstrate the improvement in optical flow estimation on the real-world KITTI benchmark. Additionally, we test the optical flow indirectly in an action classification scenario. As a side product of this work, we report significant improvements over state-of-the-art in the task of next-frame prediction.', 'Joint Unsupervised Learning of Optical Flow and Egomotion with Bi-Level Optimization. We address the problem of joint optical flow and camera motion estimation in rigid scenes by incorporating geometric constraints into an unsupervised deep learning framework. Unlike existing approaches which rely on brightness constancy and local smoothness for optical flow estimation, we exploit the global relationship between optical flow and camera motion using epipolar geometry. In particular, we formulate the prediction of optical flow and camera motion as a bi-level optimization problem, consisting of an upper-level problem to estimate the flow that conforms to the predicted camera motion, and a lower-level problem to estimate the camera motion given the predicted optical flow. We use implicit differentiation to enable back-propagation through the lower-level geometric optimization layer independent of its implementation, allowing end-to-end training of the network. With globally-enforced geometric constraints, we are able to improve the quality of the estimated optical flow in challenging scenarios and obtain better camera motion estimates compared to other unsupervised learning methods.', 'Optical Flow in Mostly Rigid Scenes. The optical flow of natural scenes is a combination of the motion of the observer and the independent motion of objects. Existing algorithms typically focus on either recovering motion and structure under the assumption of a purely static world or optical flow for general unconstrained scenes. We combine these approaches in an optical flow algorithm that estimates an explicit segmentation of moving objects from appearance and physical constraints. In static regions we take advantage of strong constraints to jointly estimate the camera motion and the 3D structure of the scene over multiple frames. This allows us to also regularize the structure instead of the motion. Our formulation uses a Plane+Parallax framework, which works even under small baselines, and reduces the motion estimation to a one-dimensional search problem, resulting in more accurate estimation. In moving regions the flow is treated as unconstrained, and computed with an existing optical flow method. The resulting Mostly-Rigid Flow (MR-Flow) method achieves state-of-the-art results on both the MPI-Sintel and KITTI-2015 benchmarks.']"
144,45,144_plant_leaf_crop_species,"['plant', 'leaf', 'crop', 'species', 'plants', 'leaves', 'flower', 'diseases', 'agricultural', 'plant species']","['Leaf segmentation through the classification of edges. We present an approach to leaf level segmentation of images of Arabidopsis thaliana plants based upon detected edges. We introduce a novel approach to edge classification, which forms an important part of a method to both count the leaves and establish the leaf area of a growing plant from images obtained in a high-throughput phenotyping system. Our technique uses a relatively shallow convolutional neural network to classify image edges as background, plant edge, leaf-on-leaf edge or internal leaf noise. The edges themselves were found using the Canny edge detector and the classified edges can be used with simple image processing techniques to generate a region-based segmentation in which the leaves are distinct. This approach is strong at distinguishing occluding pairs of leaves where one leaf is largely hidden, a situation which has proved troublesome for plant image analysis systems in the past. In addition, we introduce the publicly available plant image dataset that was used for this work.', 'Automatic Plant Image Identification of Vietnamese species using Deep Learning Models. It is complicated to distinguish among thousands of plant species in the natural ecosystem, and many efforts have been investigated to address the issue. In Vietnam, the task of identifying one from 12,000 species requires specialized experts in flora management, with thorough training skills and in-depth knowledge. Therefore, with the advance of machine learning, automatic plant identification systems have been proposed to benefit various stakeholders, including botanists, pharmaceutical laboratories, taxonomists, forestry services, and organizations. The concept has fueled an interest in research and application from global researchers and engineers in both fields of machine learning and computer vision. In this paper, the Vietnamese plant image dataset was collected from an online encyclopedia of Vietnamese organisms, together with the Encyclopedia of Life, to generate a total of 28,046 environmental images of 109 plant species in Vietnam. A comparative evaluation of four deep convolutional feature extraction models, which are MobileNetV2, VGG16, ResnetV2, and Inception Resnet V2, is presented. Those models have been tested on the Support Vector Machine (SVM) classifier to experiment with the purpose of plant image identification. The proposed models achieve promising recognition rates, and MobilenetV2 attained the highest with 83.9%. This result demonstrates that machine learning models are potential for plant species identification in the natural environment, and future works need to examine proposing higher accuracy systems on a larger dataset to meet the current application demand.', ""Machine Vision System for 3D Plant Phenotyping. Machine vision for plant phenotyping is an emerging research area for producing high throughput in agriculture and crop science applications. Since 2D based approaches have their inherent limitations, 3D plant analysis is becoming state of the art for current phenotyping technologies. We present an automated system for analyzing plant growth in indoor conditions. A gantry robot system is used to perform scanning tasks in an automated manner throughout the lifetime of the plant. A 3D laser scanner mounted as the robot's payload captures the surface point cloud data of the plant from multiple views. The plant is monitored from the vegetative to reproductive stages in light/dark cycles inside a controllable growth chamber. An efficient 3D reconstruction algorithm is used, by which multiple scans are aligned together to obtain a 3D mesh of the plant, followed by surface area and volume computations. The whole system, including the programmable growth chamber, robot, scanner, data transfer and analysis is fully automated in such a way that a naive user can, in theory, start the system with a mouse click and get back the growth analysis results at the end of the lifetime of the plant with no intermediate intervention. As evidence of its functionality, we show and analyze quantitative results of the rhythmic growth patterns of the dicot Arabidopsis thaliana(L.), and the monocot barley (Hordeum vulgare L.) plants under their diurnal light/dark cycles.""]"
145,45,145_feature selection_selection_feature_support vector,"['feature selection', 'selection', 'feature', 'support vector', 'support', 'vector', 'features', 'selection methods', 'vector machine', 'mutual information']","['Relevant based structure learning for feature selection. Feature selection is an important task in many problems occurring in pattern recognition, bioinformatics, machine learning and data mining applications. The feature selection approach enables us to reduce the computation burden and the falling accuracy effect of dealing with huge number of features in typical learning problems. There is a variety of techniques for feature selection in supervised learning problems based on different selection metrics. In this paper, we propose a novel unified framework for feature selection built on the graphical models and information theoretic tools. The proposed approach exploits the structure learning among features to select more relevant and less redundant features to the predictive modeling problem according to a primary novel likelihood based criterion. In line with the selection of the optimal subset of features through the proposed method, it provides us the Bayesian network classifier without the additional cost of model training on the selected subset of features. The optimal properties of our method are established through empirical studies and computational complexity analysis. Furthermore the proposed approach is evaluated on a bunch of benchmark datasets based on the well-known classification algorithms. Extensive experiments confirm the significant improvement of the proposed approach compared to the earlier works.', 'Online Feature Selection with Group Structure Analysis. Online selection of dynamic features has attracted intensive interest in recent years. However, existing online feature selection methods evaluate features individually and ignore the underlying structure of feature stream. For instance, in image analysis, features are generated in groups which represent color, texture and other visual information. Simply breaking the group structure in feature selection may degrade performance. Motivated by this fact, we formulate the problem as an online group feature selection. The problem assumes that features are generated individually but there are group structure in the feature stream. To the best of our knowledge, this is the first time that the correlation among feature stream has been considered in the online feature selection process. To solve this problem, we develop a novel online group feature selection method named OGFS. Our proposed approach consists of two stages: online intra-group selection and online inter-group selection. In the intra-group selection, we design a criterion based on spectral analysis to select discriminative features in each group. In the inter-group selection, we utilize a linear regression model to select an optimal subset. This two-stage procedure continues until there are no more features arriving or some predefined stopping conditions are met. %Our method has been applied Finally, we apply our method to multiple tasks including image classification %, face verification and face verification. Extensive empirical studies performed on real-world and benchmark data sets demonstrate that our method outperforms other state-of-the-art online feature selection %method methods.', 'Challenges of Feature Selection for Big Data Analytics. We are surrounded by huge amounts of large-scale high dimensional data. It is desirable to reduce the dimensionality of data for many learning tasks due to the curse of dimensionality. Feature selection has shown its effectiveness in many applications by building simpler and more comprehensive model, improving learning performance, and preparing clean, understandable data. Recently, some unique characteristics of big data such as data velocity and data variety present challenges to the feature selection problem. In this paper, we envision these challenges of feature selection for big data analytics. In particular, we first give a brief introduction about feature selection and then detail the challenges of feature selection for structured, heterogeneous and streaming data as well as its scalability and stability issues. At last, to facilitate and promote the feature selection research, we present an open-source feature selection repository (scikit-feature), which consists of most of current popular feature selection algorithms.']"
146,45,146_active learning_active_queries_learning,"['active learning', 'active', 'queries', 'learning', 'uncertainty sampling', 'sampling', 'query', 'al', 'label', 'learning active']","['Learning a Policy for Opportunistic Active Learning. Active learning identifies data points to label that are expected to be the most useful in improving a supervised model. Opportunistic active learning incorporates active learning into interactive tasks that constrain possible queries during interactions. Prior work has shown that opportunistic active learning can be used to improve grounding of natural language descriptions in an interactive object retrieval task. In this work, we use reinforcement learning for such an object retrieval task, to learn a policy that effectively trades off task completion with model improvement that would benefit future tasks.', 'Can Active Learning Experience Be Transferred?. Active learning is an important machine learning problem in reducing the human labeling effort. Current active learning strategies are designed from human knowledge, and are applied on each dataset in an immutable manner. In other words, experience about the usefulness of strategies cannot be updated and transferred to improve active learning on other datasets. This paper initiates a pioneering study on whether active learning experience can be transferred. We first propose a novel active learning model that linearly aggregates existing strategies. The linear weights can then be used to represent the active learning experience. We equip the model with the popular linear upper- confidence-bound (LinUCB) algorithm for contextual bandit to update the weights. Finally, we extend our model to transfer the experience across datasets with the technique of biased regularization. Empirical studies demonstrate that the learned experience not only is competitive with existing strategies on most single datasets, but also can be transferred across datasets to improve the performance on future learning tasks.', 'Online Active Learning of Reject Option Classifiers. Active learning is an important technique to reduce the number of labeled examples in supervised learning. Active learning for binary classification has been well addressed in machine learning. However, active learning of the reject option classifier remains unaddressed. In this paper, we propose novel algorithms for active learning of reject option classifiers. We develop an active learning algorithm using double ramp loss function. We provide mistake bounds for this algorithm. We also propose a new loss function called double sigmoid loss function for reject option and corresponding active learning algorithm. We offer a convergence guarantee for this algorithm. We provide extensive experimental results to show the effectiveness of the proposed algorithms. The proposed algorithms efficiently reduce the number of label examples required.']"
147,44,147_zsl_zeroshot_zeroshot learning_classes,"['zsl', 'zeroshot', 'zeroshot learning', 'classes', 'unseen', 'unseen classes', 'learning zsl', 'seen', 'semantic', 'seen unseen']","['Domain-Invariant Projection Learning for Zero-Shot Recognition. Zero-shot learning (ZSL) aims to recognize unseen object classes without any training samples, which can be regarded as a form of transfer learning from seen classes to unseen ones. This is made possible by learning a projection between a feature space and a semantic space (e.g. attribute space). Key to ZSL is thus to learn a projection function that is robust against the often large domain gap between the seen and unseen classes. In this paper, we propose a novel ZSL model termed domain-invariant projection learning (DIPL). Our model has two novel components: (1) A domain-invariant feature self-reconstruction task is introduced to the seen/unseen class data, resulting in a simple linear formulation that casts ZSL into a min-min optimization problem. Solving the problem is non-trivial, and a novel iterative algorithm is formulated as the solver, with rigorous theoretic algorithm analysis provided. (2) To further align the two domains via the learned projection, shared semantic structure among seen and unseen classes is explored via forming superclasses in the semantic space. Extensive experiments show that our model outperforms the state-of-the-art alternatives by significant margins.', 'Complementary Attributes: A New Clue to Zero-Shot Learning. Zero-shot learning (ZSL) aims to recognize unseen objects using disjoint seen objects via sharing attributes. The generalization performance of ZSL is governed by the attributes, which transfer semantic information from seen classes to unseen classes. To take full advantage of the knowledge transferred by attributes, in this paper, we introduce the notion of complementary attributes (CA), as a supplement to the original attributes, to enhance the semantic representation ability. Theoretical analyses demonstrate that complementary attributes can improve the PAC-style generalization bound of original ZSL model. Since the proposed CA focuses on enhancing the semantic representation, CA can be easily applied to any existing attribute-based ZSL methods, including the label-embedding strategy based ZSL (LEZSL) and the probability-prediction strategy based ZSL (PPZSL). In PPZSL, there is a strong assumption that all the attributes are independent of each other, which is arguably unrealistic in practice. To solve this problem, a novel rank aggregation framework is proposed to circumvent the assumption. Extensive experiments on five ZSL benchmark datasets and the large-scale ImageNet dataset demonstrate that the proposed complementary attributes and rank aggregation can significantly and robustly improve existing ZSL methods and achieve the state-of-the-art performance.', 'Classifier and Exemplar Synthesis for Zero-Shot Learning. Zero-shot learning (ZSL) enables solving a task without the need to see its examples. In this paper, we propose two ZSL frameworks that learn to synthesize parameters for novel unseen classes. First, we propose to cast the problem of ZSL as learning manifold embeddings from graphs composed of object classes, leading to a flexible approach that synthesizes ""classifiers"" for the unseen classes. Then, we define an auxiliary task of synthesizing ""exemplars"" for the unseen classes to be used as an automatic denoising mechanism for any existing ZSL approaches or as an effective ZSL model by itself. On five visual recognition benchmark datasets, we demonstrate the superior performances of our proposed frameworks in various scenarios of both conventional and generalized ZSL. Finally, we provide valuable insights through a series of empirical analyses, among which are a comparison of semantic representations on the full ImageNet benchmark as well as a comparison of metrics used in generalized ZSL. Our code and data are publicly available at https://github.com/pujols/Zero-shot-learning-journal']"
148,44,148_clustering_multiview_subspace clustering_subspace,"['clustering', 'multiview', 'subspace clustering', 'subspace', 'views', 'multiview clustering', 'multiview data', 'subspaces', 'spectral clustering', 'view']","['Structured Sparse Subspace Clustering: A Joint Affinity Learning and Subspace Clustering Framework. Subspace clustering refers to the problem of segmenting data drawn from a union of subspaces. State-of-the-art approaches for solving this problem follow a two-stage approach. In the first step, an affinity matrix is learned from the data using sparse or low-rank minimization techniques. In the second step, the segmentation is found by applying spectral clustering to this affinity. While this approach has led to state-of-the-art results in many applications, it is sub-optimal because it does not exploit the fact that the affinity and the segmentation depend on each other. In this paper, we propose a joint optimization framework --- Structured Sparse Subspace Clustering (S$^3$C) --- for learning both the affinity and the segmentation. The proposed S$^3$C framework is based on expressing each data point as a structured sparse linear combination of all other data points, where the structure is induced by a norm that depends on the unknown segmentation. Moreover, we extend the proposed S$^3$C framework into Constrained Structured Sparse Subspace Clustering (CS$^3$C) in which available partial side-information is incorporated into the stage of learning the affinity. We show that both the structured sparse representation and the segmentation can be found via a combination of an alternating direction method of multipliers with spectral clustering. Experiments on a synthetic data set, the Extended Yale B data set, the Hopkins 155 motion segmentation database, and three cancer data sets demonstrate the effectiveness of our approach.', 'Laplacian regularized low rank subspace clustering. The problem of fitting a union of subspaces to a collection of data points drawn from multiple subspaces is considered in this paper. In the traditional low rank representation model, the dictionary used to represent the data points is chosen as the data points themselves and thus the dictionary is corrupted with noise. This problem is solved in the low rank subspace clustering model which decomposes the corrupted data matrix as the sum of a clean and self-expressive dictionary plus a matrix of noise and gross errors. Also, the clustering results of the low rank representation model can be enhanced by using a graph of data similarity. This model is called Laplacian regularized low rank representation model with a graph regularization term added to the objective function. Inspired from the above two ideas, in this paper a Laplacian regularized low rank subspace clustering model is proposed. This model uses a clean dictionary to represent the data points and a graph regularization term is also incorporated in the objective function. Experimental results show that, compared with the traditional low rank representation model, low rank subspace clustering model and several other state-of-the-art subspace clustering model, the model proposed in this paper can get better subspace clustering results with lower clustering error.', 'Subspace clustering based on low rank representation and weighted nuclear norm minimization. Subspace clustering refers to the problem of segmenting a set of data points approximately drawn from a union of multiple linear subspaces. Aiming at the subspace clustering problem, various subspace clustering algorithms have been proposed and low rank representation based subspace clustering is a very promising and efficient subspace clustering algorithm. Low rank representation method seeks the lowest rank representation among all the candidates that can represent the data points as linear combinations of the bases in a given dictionary. Nuclear norm minimization is adopted to minimize the rank of the representation matrix. However, nuclear norm is not a very good approximation of the rank of a matrix and the representation matrix thus obtained can be of high rank which will affect the final clustering accuracy. Weighted nuclear norm (WNN) is a better approximation of the rank of a matrix and WNN is adopted in this paper to describe the rank of the representation matrix. The convex program is solved via conventional alternation direction method of multipliers (ADMM) and linearized alternating direction method of multipliers (LADMM) and they are respectively refer to as WNNM-LRR and WNNM-LRR(L). Experimental results show that, compared with low rank representation method and several other state-of-the-art subspace clustering methods, WNNM-LRR and WNNM-LRR(L) can get higher clustering accuracy.']"
149,43,149_crowd_counting_crowd counting_density,"['crowd', 'counting', 'crowd counting', 'density', 'count', 'density map', 'pedestrian', 'density maps', 'microscopic', 'flow']","['DecideNet: Counting Varying Density Crowds Through Attention Guided Detection and Density Estimation. In real-world crowd counting applications, the crowd densities vary greatly in spatial and temporal domains. A detection based counting method will estimate crowds accurately in low density scenes, while its reliability in congested areas is downgraded. A regression based approach, on the other hand, captures the general density information in crowded regions. Without knowing the location of each person, it tends to overestimate the count in low density areas. Thus, exclusively using either one of them is not sufficient to handle all kinds of scenes with varying densities. To address this issue, a novel end-to-end crowd counting framework, named DecideNet (DEteCtIon and Density Estimation Network) is proposed. It can adaptively decide the appropriate counting mode for different locations on the image based on its real density conditions. DecideNet starts with estimating the crowd density by generating detection and regression based density maps separately. To capture inevitable variation in densities, it incorporates an attention module, meant to adaptively assess the reliability of the two types of estimations. The final crowd counts are obtained with the guidance of the attention module to adopt suitable estimations from the two kinds of density maps. Experimental results show that our method achieves state-of-the-art performance on three challenging crowd counting datasets.', 'JHU-CROWD++: Large-Scale Crowd Counting Dataset and A Benchmark Method. Due to its variety of applications in the real-world, the task of single image-based crowd counting has received a lot of interest in the recent years. Recently, several approaches have been proposed to address various problems encountered in crowd counting. These approaches are essentially based on convolutional neural networks that require large amounts of data to train the network parameters. Considering this, we introduce a new large scale unconstrained crowd counting dataset (JHU-CROWD++) that contains ""4,372"" images with ""1.51 million"" annotations. In comparison to existing datasets, the proposed dataset is collected under a variety of diverse scenarios and environmental conditions. Specifically, the dataset includes several images with weather-based degradations and illumination variations, making it a very challenging dataset. Additionally, the dataset consists of a rich set of annotations at both image-level and head-level. Several recent methods are evaluated and compared on this dataset. The dataset can be downloaded from http://www.crowd-counting.com .\n  Furthermore, we propose a novel crowd counting network that progressively generates crowd density maps via residual error estimation. The proposed method uses VGG16 as the backbone network and employs density map generated by the final layer as a coarse prediction to refine and generate finer density maps in a progressive fashion using residual learning. Additionally, the residual learning is guided by an uncertainty-based confidence weighting mechanism that permits the flow of only high-confidence residuals in the refinement path. The proposed Confidence Guided Deep Residual Counting Network (CG-DRCN) is evaluated on recent complex datasets, and it achieves significant improvements in errors.', 'CNN-based Density Estimation and Crowd Counting: A Survey. Accurately estimating the number of objects in a single image is a challenging yet meaningful task and has been applied in many applications such as urban planning and public safety. In the various object counting tasks, crowd counting is particularly prominent due to its specific significance to social security and development. Fortunately, the development of the techniques for crowd counting can be generalized to other related fields such as vehicle counting and environment survey, if without taking their characteristics into account. Therefore, many researchers are devoting to crowd counting, and many excellent works of literature and works have spurted out. In these works, they are must be helpful for the development of crowd counting. However, the question we should consider is why they are effective for this task. Limited by the cost of time and energy, we cannot analyze all the algorithms. In this paper, we have surveyed over 220 works to comprehensively and systematically study the crowd counting models, mainly CNN-based density map estimation methods. Finally, according to the evaluation metrics, we select the top three performers on their crowd counting datasets and analyze their merits and drawbacks. Through our analysis, we expect to make reasonable inference and prediction for the future development of crowd counting, and meanwhile, it can also provide feasible solutions for the problem of object counting in other fields. We provide the density maps and prediction results of some mainstream algorithm in the validation set of NWPU dataset for comparison and testing. Meanwhile, density map generation and evaluation tools are also provided. All the codes and evaluation results are made publicly available at https://github.com/gaoguangshuai/survey-for-crowd-counting.']"
150,43,150_code_source code_program_source,"['code', 'source code', 'program', 'source', 'code generation', 'programming', 'syntax', 'programming language', 'documentation', 'abstract syntax']","[""Structural Language Models of Code. We address the problem of any-code completion - generating a missing piece of source code in a given program without any restriction on the vocabulary or structure. We introduce a new approach to any-code completion that leverages the strict syntax of programming languages to model a code snippet as a tree - structural language modeling (SLM). SLM estimates the probability of the program's abstract syntax tree (AST) by decomposing it into a product of conditional probabilities over its nodes. We present a neural model that computes these conditional probabilities by considering all AST paths leading to a target node. Unlike previous techniques that have severely restricted the kinds of expressions that can be generated in this task, our approach can generate arbitrary code in any programming language. Our model significantly outperforms both seq2seq and a variety of structured approaches in generating Java and C# code. Our code, data, and trained models are available at http://github.com/tech-srl/slm-code-generation/ . An online demo is available at http://AnyCodeGen.org ."", 'Retrieval-Based Neural Code Generation. In models to generate program source code from natural language, representing this code in a tree structure has been a common approach. However, existing methods often fail to generate complex code correctly due to a lack of ability to memorize large and complex structures. We introduce ReCode, a method based on subtree retrieval that makes it possible to explicitly reference existing code examples within a neural code generation model. First, we retrieve sentences that are similar to input sentences using a dynamic-programming-based sentence similarity scoring method. Next, we extract n-grams of action sequences that build the associated abstract syntax tree. Finally, we increase the probability of actions that cause the retrieved n-gram action subtree to be in the predicted code. We show that our approach improves the performance on two code generation tasks by up to +2.6 BLEU.', 'Automatic Source Code Summarization with Extended Tree-LSTM. Neural machine translation models are used to automatically generate a document from given source code since this can be regarded as a machine translation task. Source code summarization is one of the components for automatic document generation, which generates a summary in natural language from given source code. This suggests that techniques used in neural machine translation, such as Long Short-Term Memory (LSTM), can be used for source code summarization. However, there is a considerable difference between source code and natural language: Source code is essentially {\\em structured}, having loops and conditional branching, etc. Therefore, there is some obstacle to apply known machine translation models to source code.\n  Abstract syntax trees (ASTs) capture these structural properties and play an important role in recent machine learning studies on source code. Tree-LSTM is proposed as a generalization of LSTMs for tree-structured data. However, there is a critical issue when applying it to ASTs: It cannot handle a tree that contains nodes having an arbitrary number of children and their order simultaneously, which ASTs generally have such nodes. To address this issue, we propose an extension of Tree-LSTM, which we call \\emph{Multi-way Tree-LSTM} and apply it for source code summarization. As a result of computational experiments, our proposal achieved better results when compared with several state-of-the-art techniques.']"
151,43,151_video_video summarization_video captioning_videos,"['video', 'video summarization', 'video captioning', 'videos', 'captioning', 'summarization', 'summary', 'captions', 'events', 'summaries']","['Video Summarization using Deep Semantic Features. This paper presents a video summarization technique for an Internet video to provide a quick way to overview its content. This is a challenging problem because finding important or informative parts of the original video requires to understand its content. Furthermore the content of Internet videos is very diverse, ranging from home videos to documentaries, which makes video summarization much more tough as prior knowledge is almost not available. To tackle this problem, we propose to use deep video features that can encode various levels of content semantics, including objects, actions, and scenes, improving the efficiency of standard video summarization techniques. For this, we design a deep neural network that maps videos as well as descriptions to a common semantic space and jointly trained it with associated pairs of videos and descriptions. To generate a video summary, we extract the deep features from each segment of the original video and apply a clustering-based summarization technique to them. We evaluate our video summaries using the SumMe dataset as well as baseline approaches. The results demonstrated the advantages of incorporating our deep semantic features in a video summarization technique.', 'Diversity-aware Multi-Video Summarization. Most video summarization approaches have focused on extracting a summary from a single video; we propose an unsupervised framework for summarizing a collection of videos. We observe that each video in the collection may contain some information that other videos do not have, and thus exploring the underlying complementarity could be beneficial in creating a diverse informative summary. We develop a novel diversity-aware sparse optimization method for multi-video summarization by exploring the complementarity within the videos. Our approach extracts a multi-video summary which is both interesting and representative in describing the whole video collection. To efficiently solve our optimization problem, we develop an alternating minimization algorithm that minimizes the overall objective function with respect to one video at a time while fixing the other videos. Moreover, we introduce a new benchmark dataset, Tour20, that contains 140 videos with multiple human created summaries, which were acquired in a controlled experiment. Finally, by extensive experiments on the new Tour20 dataset and several other multi-view datasets, we show that the proposed approach clearly outperforms the state-of-the-art methods on the two problems-topic-oriented video summarization and multi-view video summarization in a camera network.', 'Video Summarization by Learning from Unpaired Data. We consider the problem of video summarization. Given an input raw video, the goal is to select a small subset of key frames from the input video to create a shorter summary video that best describes the content of the original video. Most of the current state-of-the-art video summarization approaches use supervised learning and require labeled training data. Each training instance consists of a raw input video and its ground truth summary video curated by human annotators. However, it is very expensive and difficult to create such labeled training examples. To address this limitation, we propose a novel formulation to learn video summarization from unpaired data. We present an approach that learns to generate optimal video summaries using a set of raw videos ($V$) and a set of summary videos ($S$), where there exists no correspondence between $V$ and $S$. We argue that this type of data is much easier to collect. Our model aims to learn a mapping function $F : V \\rightarrow S$ such that the distribution of resultant summary videos from $F(V)$ is similar to the distribution of $S$ with the help of an adversarial objective. In addition, we enforce a diversity constraint on $F(V)$ to ensure that the generated video summaries are visually diverse. Experimental results on two benchmark datasets indicate that our proposed approach significantly outperforms other alternative methods.']"
152,43,152_scene_3d_indoor_object,"['scene', '3d', 'indoor', 'object', 'shape', 'segmentation', 'semantic', 'rgbd', 'indoor scene', 'objects']","['SceneNet RGB-D: 5M Photorealistic Images of Synthetic Indoor Trajectories with Ground Truth. We introduce SceneNet RGB-D, expanding the previous work of SceneNet to enable large scale photorealistic rendering of indoor scene trajectories. It provides pixel-perfect ground truth for scene understanding problems such as semantic segmentation, instance segmentation, and object detection, and also for geometric computer vision problems such as optical flow, depth estimation, camera pose estimation, and 3D reconstruction. Random sampling permits virtually unlimited scene configurations, and here we provide a set of 5M rendered RGB-D images from over 15K trajectories in synthetic layouts with random but physically simulated object poses. Each layout also has random lighting, camera trajectories, and textures. The scale of this dataset is well suited for pre-training data-driven computer vision techniques from scratch with RGB-D inputs, which previously has been limited by relatively small labelled datasets in NYUv2 and SUN RGB-D. It also provides a basis for investigating 3D scene labelling tasks by providing perfect camera poses and depth data as proxy for a SLAM system. We host the dataset at http://robotvault.bitbucket.io/scenenet-rgbd.html', 'Shallow2Deep: Indoor Scene Modeling by Single Image Understanding. Dense indoor scene modeling from 2D images has been bottlenecked due to the absence of depth information and cluttered occlusions. We present an automatic indoor scene modeling approach using deep features from neural networks. Given a single RGB image, our method simultaneously recovers semantic contents, 3D geometry and object relationship by reasoning indoor environment context. Particularly, we design a shallow-to-deep architecture on the basis of convolutional networks for semantic scene understanding and modeling. It involves multi-level convolutional networks to parse indoor semantics/geometry into non-relational and relational knowledge. Non-relational knowledge extracted from shallow-end networks (e.g. room layout, object geometry) is fed forward into deeper levels to parse relational semantics (e.g. support relationship). A Relation Network is proposed to infer the support relationship between objects. All the structured semantics and geometry above are assembled to guide a global optimization for 3D scene modeling. Qualitative and quantitative analysis demonstrates the feasibility of our method in understanding and modeling semantics-enriched indoor scenes by evaluating the performance of reconstruction accuracy, computation performance and scene complexity.', 'Holistic 3D Scene Parsing and Reconstruction from a Single RGB Image. We propose a computational framework to jointly parse a single RGB image and reconstruct a holistic 3D configuration composed by a set of CAD models using a stochastic grammar model. Specifically, we introduce a Holistic Scene Grammar (HSG) to represent the 3D scene structure, which characterizes a joint distribution over the functional and geometric space of indoor scenes. The proposed HSG captures three essential and often latent dimensions of the indoor scenes: i) latent human context, describing the affordance and the functionality of a room arrangement, ii) geometric constraints over the scene configurations, and iii) physical constraints that guarantee physically plausible parsing and reconstruction. We solve this joint parsing and reconstruction problem in an analysis-by-synthesis fashion, seeking to minimize the differences between the input image and the rendered images generated by our 3D representation, over the space of depth, surface normal, and object segmentation map. The optimal configuration, represented by a parse graph, is inferred using Markov chain Monte Carlo (MCMC), which efficiently traverses through the non-differentiable solution space, jointly optimizing object localization, 3D layout, and hidden human context. Experimental results demonstrate that the proposed algorithm improves the generalization ability and significantly outperforms prior methods on 3D layout estimation, 3D object detection, and holistic scene understanding.']"
153,43,153_event_extraction_events_event extraction,"['event', 'extraction', 'events', 'event extraction', 'temporal', 'temporal relations', 'temporal relation', 'event types', 'timeline', 'relation']","['Event Extraction by Answering (Almost) Natural Questions. The problem of event extraction requires detecting the event trigger and extracting its corresponding arguments. Existing work in event argument extraction typically relies heavily on entity recognition as a preprocessing/concurrent step, causing the well-known problem of error propagation. To avoid this issue, we introduce a new paradigm for event extraction by formulating it as a question answering (QA) task that extracts the event arguments in an end-to-end manner. Empirical results demonstrate that our framework outperforms prior methods substantially; in addition, it is capable of extracting event arguments for roles not seen at training time (zero-shot learning setting).', 'Rapid Customization for Event Extraction. We present a system for rapidly customizing event extraction capability to find new event types and their arguments. The system allows a user to find, expand and filter event triggers for a new event type by exploring an unannotated corpus. The system will then automatically generate mention-level event annotation automatically, and train a Neural Network model for finding the corresponding event. Additionally, the system uses the ACE corpus to train an argument model for extracting Actor, Place, and Time arguments for any event types, including ones not seen in its training data. Experiments show that with less than 10 minutes of human effort per event type, the system achieves good performance for 67 novel event types. The code, documentation, and a demonstration video will be released as open source on github.com.', 'Zero-Shot Transfer Learning for Event Extraction. Most previous event extraction studies have relied heavily on features derived from annotated event mentions, thus cannot be applied to new event types without annotation effort. In this work, we take a fresh look at event extraction and model it as a grounding problem. We design a transferable neural architecture, mapping event mentions and types jointly into a shared semantic space using structural and compositional neural networks, where the type of each event mention can be determined by the closest of all candidate types . By leveraging (1)~available manual annotations for a small set of existing event types and (2)~existing event ontologies, our framework applies to new event types without requiring additional annotation. Experiments on both existing event types (e.g., ACE, ERE) and new event types (e.g., FrameNet) demonstrate the effectiveness of our approach. \\textit{Without any manual annotations} for 23 new event types, our zero-shot framework achieved performance comparable to a state-of-the-art supervised model which is trained from the annotations of 500 event mentions.']"
154,43,154_conceptual_conceptual spaces_spaces_concepts,"['conceptual', 'conceptual spaces', 'spaces', 'concepts', 'conceptual space', 'compositional', 'categorical', 'formal', 'cognitive', 'formalization']","['Formal Ways for Measuring Relations between Concepts in Conceptual Spaces. The highly influential framework of conceptual spaces provides a geometric way of representing knowledge. Instances are represented by points in a high-dimensional space and concepts are represented by regions in this space. In this article, we extend our recent mathematical formalization of this framework by providing quantitative mathematical definitions for measuring relations between concepts: We develop formal ways for computing concept size, subsethood, implication, similarity, and betweenness. This considerably increases the representational capabilities of our formalization and makes it the most thorough and comprehensive formalization of conceptual spaces developed so far.', 'A Comprehensive Implementation of Conceptual Spaces. The highly influential framework of conceptual spaces provides a geometric way of representing knowledge. Instances are represented by points and concepts are represented by regions in a (potentially) high-dimensional space. Based on our recent formalization, we present a comprehensive implementation of the conceptual spaces framework that is not only capable of representing concepts with inter-domain correlations, but that also offers a variety of operations on these concepts.', 'Lattice based Conceptual Spaces to Explore Cognitive Functionalities for Prosthetic Arm. Upper limb Prosthetic can be viewed as an independent cognitive system in order to develop a conceptual space. In this paper, we provide a detailed analogical reasoning of prosthetic arm to build the conceptual spaces with the help of the theory called geometric framework of conceptual spaces proposed by Gardenfors. Terminologies of conceptual spaces such as concepts, similarities, properties, quality dimensions and prototype are applied for a specific prosthetic system and conceptual space is built for prosthetic arm. Concept lattice traversals are used on the lattice represented conceptual spaces. Cognitive functionalities such as generalization (Similarities) and specialization (Differences) are achieved in the lattice represented conceptual space. This might well prove to design intelligent prosthetics to assist challenged humans. Geometric framework of conceptual spaces holds similar concepts closer in geometric structures in a way similar to concept lattices. Hence, we also propose to use concept lattice to represent concepts of geometric framework of conceptual spaces. Also, we extend our discussion with our insights on conceptual spaces of bidirectional hand prosthetics.']"
155,43,155_srl_semantic role_role labeling_role,"['srl', 'semantic role', 'role labeling', 'role', 'labeling', 'semantic', 'labeling srl', 'roles', 'syntactic', 'semantic roles']","[""Graph Convolutions over Constituent Trees for Syntax-Aware Semantic Role Labeling. Semantic role labeling (SRL) is the task of identifying predicates and labeling argument spans with semantic roles. Even though most semantic-role formalisms are built upon constituent syntax and only syntactic constituents can be labeled as arguments (e.g., FrameNet and PropBank), all the recent work on syntax-aware SRL relies on dependency representations of syntax. In contrast, we show how graph convolutional networks (GCNs) can be used to encode constituent structures and inform an SRL system. Nodes in our SpanGCN correspond to constituents. The computation is done in 3 stages. First, initial node representations are produced by `composing' word representations of the first and the last word in the constituent. Second, graph convolutions relying on the constituent tree are performed, yielding syntactically-informed constituent representations. Finally, the constituent representations are `decomposed' back into word representations which in turn are used as input to the SRL classifier. We evaluate SpanGCN against alternatives, including a model using GCNs over dependency trees, and show its effectiveness on standard CoNLL-2005, CoNLL-2012, and FrameNet benchmarks."", 'A Full End-to-End Semantic Role Labeler, Syntax-agnostic Over Syntax-aware?. Semantic role labeling (SRL) is to recognize the predicate-argument structure of a sentence, including subtasks of predicate disambiguation and argument labeling. Previous studies usually formulate the entire SRL problem into two or more subtasks. For the first time, this paper introduces an end-to-end neural model which unifiedly tackles the predicate disambiguation and the argument labeling in one shot. Using a biaffine scorer, our model directly predicts all semantic role labels for all given word pairs in the sentence without relying on any syntactic parse information. Specifically, we augment the BiLSTM encoder with a non-linear transformation to further distinguish the predicate and the argument in a given sentence, and model the semantic role labeling process as a word pair classification task by employing the biaffine attentional mechanism. Though the proposed model is syntax-agnostic with local decoder, it outperforms the state-of-the-art syntax-aware SRL systems on the CoNLL-2008, 2009 benchmarks for both English and Chinese. To our best knowledge, we report the first syntax-agnostic SRL model that surpasses all known syntax-aware models.', 'Syntax-aware Multilingual Semantic Role Labeling. Recently, semantic role labeling (SRL) has earned a series of success with even higher performance improvements, which can be mainly attributed to syntactic integration and enhanced word representation. However, most of these efforts focus on English, while SRL on multiple languages more than English has received relatively little attention so that is kept underdevelopment. Thus this paper intends to fill the gap on multilingual SRL with special focus on the impact of syntax and contextualized word representation. Unlike existing work, we propose a novel method guided by syntactic rule to prune arguments, which enables us to integrate syntax into multilingual SRL model simply and effectively. We present a unified SRL model designed for multiple languages together with the proposed uniform syntax enhancement. Our model achieves new state-of-the-art results on the CoNLL-2009 benchmarks of all seven languages. Besides, we pose a discussion on the syntactic role among different languages and verify the effectiveness of deep enhanced representation for multilingual SRL.']"
156,42,156_quantum_quantum theory_interference_classical,"['quantum', 'quantum theory', 'interference', 'classical', 'theory', 'cognition', 'entropy', 'cognitive', 'decision', 'decisionmaking']","['Quantum Natural Language Processing on Near-Term Quantum Computers. In this work, we describe a full-stack pipeline for natural language processing on near-term quantum computers, aka QNLP. The language-modelling framework we employ is that of compositional distributional semantics (DisCoCat), which extends and complements the compositional structure of pregroup grammars. Within this model, the grammatical reduction of a sentence is interpreted as a diagram, encoding a specific interaction of words according to the grammar. It is this interaction which, together with a specific choice of word embedding, realises the meaning (or ""semantics"") of a sentence. Building on the formal quantum-like nature of such interactions, we present a method for mapping DisCoCat diagrams to quantum circuits. Our methodology is compatible both with NISQ devices and with established Quantum Machine Learning techniques, paving the way to near-term applications of quantum technology to natural language processing.', ""Towards a Quantum World Wide Web. We elaborate a quantum model for the meaning associated with corpora of written documents, like the pages forming the World Wide Web. To that end, we are guided by how physicists constructed quantum theory for microscopic entities, which unlike classical objects cannot be fully represented in our spatial theater. We suggest that a similar construction needs to be carried out by linguists and computational scientists, to capture the full meaning carried by collections of documental entities. More precisely, we show how to associate a quantum-like 'entity of meaning' to a 'language entity formed by printed documents', considering the latter as the collection of traces that are left by the former, in specific results of search actions that we describe as measurements. In other words, we offer a perspective where a collection of documents, like the Web, is described as the space of manifestation of a more complex entity - the QWeb - which is the object of our modeling, drawing its inspiration from previous studies on operational-realistic approaches to quantum physics and quantum modeling of human cognition and decision-making. We emphasize that a consistent QWeb model needs to account for the observed correlations between words appearing in printed documents, e.g., co-occurrences, as the latter would depend on the 'meaning connections' existing between the concepts that are associated with these words. In that respect, we show that both 'context and interference (quantum) effects' are required to explain the probabilities calculated by counting the relative number of documents containing certain words and co-ocurrrences of words."", 'Supervised quantum gate ""teaching"" for quantum hardware design. We show how to train a quantum network of pairwise interacting qubits such that its evolution implements a target quantum algorithm into a given network subset. Our strategy is inspired by supervised learning and is designed to help the physical construction of a quantum computer which operates with minimal external classical control.']"
157,41,157_skeleton_action recognition_action_human action,"['skeleton', 'action recognition', 'action', 'human action', 'recognition', 'skeletonbased', 'human', 'skeletonbased action', '3d', 'skeleton data']","['Skeleton-Based Action Recognition with Multi-Stream Adaptive Graph Convolutional Networks. Graph convolutional networks (GCNs), which generalize CNNs to more generic non-Euclidean structures, have achieved remarkable performance for skeleton-based action recognition. However, there still exist several issues in the previous GCN-based models. First, the topology of the graph is set heuristically and fixed over all the model layers and input data. This may not be suitable for the hierarchy of the GCN model and the diversity of the data in action recognition tasks. Second, the second-order information of the skeleton data, i.e., the length and orientation of the bones, is rarely investigated, which is naturally more informative and discriminative for the human action recognition. In this work, we propose a novel multi-stream attention-enhanced adaptive graph convolutional neural network (MS-AAGCN) for skeleton-based action recognition. The graph topology in our model can be either uniformly or individually learned based on the input data in an end-to-end manner. This data-driven approach increases the flexibility of the model for graph construction and brings more generality to adapt to various data samples. Besides, the proposed adaptive graph convolutional layer is further enhanced by a spatial-temporal-channel attention module, which helps the model pay more attention to important joints, frames and features. Moreover, the information of both the joints and bones, together with their motion information, are simultaneously modeled in a multi-stream framework, which shows notable improvement for the recognition accuracy. Extensive experiments on the two large-scale datasets, NTU-RGBD and Kinetics-Skeleton, demonstrate that the performance of our model exceeds the state-of-the-art with a significant margin.', 'A Survey on 3D Skeleton-Based Action Recognition Using Learning Method. 3D skeleton-based action recognition (3D SAR) has gained significant attention within the computer vision community, owing to the inherent advantages offered by skeleton data. As a result, a plethora of impressive works, including those based on conventional handcrafted features and learned feature extraction methods, have been conducted over the years. However, prior surveys on action recognition have primarily focused on video or RGB data-dominated approaches, with limited coverage of reviews related to skeleton data. Furthermore, despite the extensive application of deep learning methods in this field, there has been a notable absence of research that provides an introductory or comprehensive review from the perspective of deep learning architectures. To address these limitations, this survey first underscores the importance of action recognition and emphasizes the significance of 3D skeleton data as a valuable modality. Subsequently, we provide a comprehensive introduction to mainstream action recognition techniques based on four fundamental deep architectures, i.e., Recurrent Neural Networks (RNNs), Convolutional Neural Networks (CNNs), Graph Convolutional Network (GCN), and Transformers. All methods with the corresponding architectures are then presented in a data-driven manner with detailed discussion. Finally, we offer insights into the current largest 3D skeleton dataset, NTU-RGB+D, and its new edition, NTU-RGB+D 120, along with an overview of several top-performing algorithms on these datasets. To the best of our knowledge, this research represents the first comprehensive discussion of deep learning-based action recognition using 3D skeleton data.', 'Unifying Graph Embedding Features with Graph Convolutional Networks for Skeleton-based Action Recognition. Combining skeleton structure with graph convolutional networks has achieved remarkable performance in human action recognition. Since current research focuses on designing basic graph for representing skeleton data, these embedding features contain basic topological information, which cannot learn more systematic perspectives from skeleton data. In this paper, we overcome this limitation by proposing a novel framework, which unifies 15 graph embedding features into the graph convolutional network for human action recognition, aiming to best take advantage of graph information to distinguish key joints, bones, and body parts in human action, instead of being exclusive to a single feature or domain. Additionally, we fully investigate how to find the best graph features of skeleton structure for improving human action recognition. Besides, the topological information of the skeleton sequence is explored to further enhance the performance in a multi-stream framework. Moreover, the unified graph features are extracted by the adaptive methods on the training process, which further yields improvements. Our model is validated by three large-scale datasets, namely NTU-RGB+D, Kinetics and SYSU-3D, and outperforms the state-of-the-art methods. Overall, our work unified graph embedding features to promotes systematic research on human action recognition.']"
158,41,158_adversarial_attacks_robustness_bert,"['adversarial', 'attacks', 'robustness', 'bert', 'examples', 'adversarial examples', 'models', 'perturbations', 'nlp', 'attack']","['Generating Natural Language Adversarial Examples. Deep neural networks (DNNs) are vulnerable to adversarial examples, perturbations to correctly classified examples which can cause the model to misclassify. In the image domain, these perturbations are often virtually indistinguishable to human perception, causing humans and state-of-the-art models to disagree. However, in the natural language domain, small perturbations are clearly perceptible, and the replacement of a single word can drastically alter the semantics of the document. Given these challenges, we use a black-box population-based optimization algorithm to generate semantically and syntactically similar adversarial examples that fool well-trained sentiment analysis and textual entailment models with success rates of 97% and 70%, respectively. We additionally demonstrate that 92.3% of the successful sentiment analysis adversarial examples are classified to their original label by 20 human annotators, and that the examples are perceptibly quite similar. Finally, we discuss an attempt to use adversarial training as a defense, but fail to yield improvement, demonstrating the strength and diversity of our adversarial examples. We hope our findings encourage researchers to pursue improving the robustness of DNNs in the natural language domain.', 'BAE: BERT-based Adversarial Examples for Text Classification. Modern text classification models are susceptible to adversarial examples, perturbed versions of the original text indiscernible by humans which get misclassified by the model. Recent works in NLP use rule-based synonym replacement strategies to generate adversarial examples. These strategies can lead to out-of-context and unnaturally complex token replacements, which are easily identifiable by humans. We present BAE, a black box attack for generating adversarial examples using contextual perturbations from a BERT masked language model. BAE replaces and inserts tokens in the original text by masking a portion of the text and leveraging the BERT-MLM to generate alternatives for the masked tokens. Through automatic and human evaluations, we show that BAE performs a stronger attack, in addition to generating adversarial examples with improved grammaticality and semantic coherence as compared to prior work.', ""TextAttack: A Framework for Adversarial Attacks, Data Augmentation, and Adversarial Training in NLP. While there has been substantial research using adversarial attacks to analyze NLP models, each attack is implemented in its own code repository. It remains challenging to develop NLP attacks and utilize them to improve model performance. This paper introduces TextAttack, a Python framework for adversarial attacks, data augmentation, and adversarial training in NLP. TextAttack builds attacks from four components: a goal function, a set of constraints, a transformation, and a search method. TextAttack's modular design enables researchers to easily construct attacks from combinations of novel and existing components. TextAttack provides implementations of 16 adversarial attacks from the literature and supports a variety of models and datasets, including BERT and other transformers, and all GLUE tasks. TextAttack also includes data augmentation and adversarial training modules for using components of adversarial attacks to improve model accuracy and robustness. TextAttack is democratizing NLP: anyone can try data augmentation and adversarial training on any model or dataset, with just a few lines of code. Code and tutorials are available at https://github.com/QData/TextAttack.""]"
159,41,159_brain_alzheimers_alzheimers disease_disease,"['brain', 'alzheimers', 'alzheimers disease', 'disease', 'ad', 'fmri', 'mri', 'connectivity', 'functional', 'asd']","[""Alzheimer's Disease Diagnostics by a Deeply Supervised Adaptable 3D Convolutional Network. Early diagnosis, playing an important role in preventing progress and treating the Alzheimer's disease (AD), is based on classification of features extracted from brain images. The features have to accurately capture main AD-related variations of anatomical brain structures, such as, e.g., ventricles size, hippocampus shape, cortical thickness, and brain volume. This paper proposes to predict the AD with a deep 3D convolutional neural network (3D-CNN), which can learn generic features capturing AD biomarkers and adapt to different domain datasets. The 3D-CNN is built upon a 3D convolutional autoencoder, which is pre-trained to capture anatomical shape variations in structural brain MRI scans. Fully connected upper layers of the 3D-CNN are then fine-tuned for each task-specific AD classification. Experiments on the \\emph{ADNI} MRI dataset with no skull-stripping preprocessing have shown our 3D-CNN outperforms several conventional classifiers by accuracy and robustness. Abilities of the 3D-CNN to generalize the features learnt and adapt to other domains have been validated on the \\emph{CADDementia} dataset."", ""Alzheimer's Disease Diagnostics by Adaptation of 3D Convolutional Network. Early diagnosis, playing an important role in preventing progress and treating the Alzheimer\\{'}s disease (AD), is based on classification of features extracted from brain images. The features have to accurately capture main AD-related variations of anatomical brain structures, such as, e.g., ventricles size, hippocampus shape, cortical thickness, and brain volume. This paper proposed to predict the AD with a deep 3D convolutional neural network (3D-CNN), which can learn generic features capturing AD biomarkers and adapt to different domain datasets. The 3D-CNN is built upon a 3D convolutional autoencoder, which is pre-trained to capture anatomical shape variations in structural brain MRI scans. Fully connected upper layers of the 3D-CNN are then fine-tuned for each task-specific AD classification. Experiments on the CADDementia MRI dataset with no skull-stripping preprocessing have shown our 3D-CNN outperforms several conventional classifiers by accuracy. Abilities of the 3D-CNN to generalize the features learnt and adapt to other domains have been validated on the ADNI dataset."", 'Machine Learning Methods for Brain Network Classification: Application to Autism Diagnosis using Cortical Morphological Networks. Autism spectrum disorder (ASD) affects the brain connectivity at different levels. Nonetheless, non-invasively distinguishing such effects using magnetic resonance imaging (MRI) remains very challenging to machine learning diagnostic frameworks due to ASD heterogeneity. So far, existing network neuroscience works mainly focused on functional (derived from functional MRI) and structural (derived from diffusion MRI) brain connectivity, which might not capture relational morphological changes between brain regions. Indeed, machine learning (ML) studies for ASD diagnosis using morphological brain networks derived from conventional T1-weighted MRI are very scarce. To fill this gap, we leverage crowdsourcing by organizing a Kaggle competition to build a pool of machine learning pipelines for neurological disorder diagnosis with application to ASD diagnosis using cortical morphological networks derived from T1-weighted MRI. During the competition, participants were provided with a training dataset and only allowed to check their performance on a public test data. The final evaluation was performed on both public and hidden test datasets based on accuracy, sensitivity, and specificity metrics. Teams were ranked using each performance metric separately and the final ranking was determined based on the mean of all rankings. The first-ranked team achieved 70% accuracy, 72.5% sensitivity, and 67.5% specificity, while the second-ranked team achieved 63.8%, 62.5%, 65% respectively. Leveraging participants to design ML diagnostic methods within a competitive machine learning setting has allowed the exploration and benchmarking of wide spectrum of ML methods for ASD diagnosis using cortical morphological networks.']"
160,41,160_dictionary_dictionary learning_sparse_dictionaries,"['dictionary', 'dictionary learning', 'sparse', 'dictionaries', 'sparse coding', 'coding', 'atoms', 'reconstruction', 'sparse signal', 'representation']","['Dictionary Learning with Almost Sure Error Constraints. A dictionary is a database of standard vectors, so that other vectors / signals are expressed as linear combinations of dictionary vectors, and the task of learning a dictionary for a given data is to find a good dictionary so that the representation of data points has desirable features. Dictionary learning and the related matrix factorization methods have gained significant prominence recently due to their applications in Wide variety of fields like machine learning, signal processing, statistics etc. In this article we study the dictionary learning problem for achieving desirable features in the representation of a given data with almost sure recovery constraints. We impose the constraint that every sample is reconstructed properly to within a predefined threshold. This problem formulation is more challenging than the conventional dictionary learning, which is done by minimizing a regularised cost function. We make use of the duality results for linear inverse problems to obtain an equivalent reformulation in the form of a convex-concave min-max problem. The resulting min-max problem is then solved using gradient descent-ascent like algorithms.', 'Fast Low-rank Shared Dictionary Learning for Image Classification. Despite the fact that different objects possess distinct class-specific features, they also usually share common patterns. This observation has been exploited partially in a recently proposed dictionary learning framework by separating the particularity and the commonality (COPAR). Inspired by this, we propose a novel method to explicitly and simultaneously learn a set of common patterns as well as class-specific features for classification with more intuitive constraints. Our dictionary learning framework is hence characterized by both a shared dictionary and particular (class-specific) dictionaries. For the shared dictionary, we enforce a low-rank constraint, i.e. claim that its spanning subspace should have low dimension and the coefficients corresponding to this dictionary should be similar. For the particular dictionaries, we impose on them the well-known constraints stated in the Fisher discrimination dictionary learning (FDDL). Further, we develop new fast and accurate algorithms to solve the subproblems in the learning step, accelerating its convergence. The said algorithms could also be applied to FDDL and its extensions. The efficiencies of these algorithms are theoretically and experimentally verified by comparing their complexities and running time with those of other well-known dictionary learning methods. Experimental results on widely used image datasets establish the advantages of our method over state-of-the-art dictionary learning methods.', 'Dictionary Learning with Equiprobable Matching Pursuit. Sparse signal representations based on linear combinations of learned atoms have been used to obtain state-of-the-art results in several practical signal processing applications. Approximation methods are needed to process high-dimensional signals in this way because the problem to calculate optimal atoms for sparse coding is NP-hard. Here we study greedy algorithms for unsupervised learning of dictionaries of shift-invariant atoms and propose a new method where each atom is selected with the same probability on average, which corresponds to the homeostatic regulation of a recurrent convolutional neural network. Equiprobable selection can be used with several greedy algorithms for dictionary learning to ensure that all atoms adapt during training and that no particular atom is more likely to take part in the linear combination on average. We demonstrate via simulation experiments that dictionary learning with equiprobable selection results in higher entropy of the sparse representation and lower reconstruction and denoising errors, both in the case of ordinary matching pursuit and orthogonal matching pursuit with shift-invariant dictionaries. Furthermore, we show that the computational costs of the matching pursuits are lower with equiprobable selection, leading to faster and more accurate dictionary learning algorithms.']"
161,40,161_arabic_corpus_morphological_languages,"['arabic', 'corpus', 'morphological', 'languages', 'sanskrit', 'language', 'words', 'splitter', 'transliteration', 'kurdish']","['Studying the History of the Arabic Language: Language Technology and a Large-Scale Historical Corpus. Arabic is a widely-spoken language with a long and rich history, but existing corpora and language technology focus mostly on modern Arabic and its varieties. Therefore, studying the history of the language has so far been mostly limited to manual analyses on a small scale. In this work, we present a large-scale historical corpus of the written Arabic language, spanning 1400 years. We describe our efforts to clean and process this corpus using Arabic NLP tools, including the identification of reused text. We study the history of the Arabic language using a novel automatic periodization algorithm, as well as other techniques. Our findings confirm the established division of written Arabic into Modern Standard and Classical Arabic, and confirm other established periodizations, while suggesting that written Arabic may be divisible into still further periods of development.', 'A Large Scale Corpus of Gulf Arabic. Most Arabic natural language processing tools and resources are developed to serve Modern Standard Arabic (MSA), which is the official written language in the Arab World. Some Dialectal Arabic varieties, notably Egyptian Arabic, have received some attention lately and have a growing collection of resources that include annotated corpora and morphological analyzers and taggers. Gulf Arabic, however, lags behind in that respect. In this paper, we present the Gumar Corpus, a large-scale corpus of Gulf Arabic consisting of 110 million words from 1,200 forum novels. We annotate the corpus for sub-dialect information at the document level. We also present results of a preliminary study in the morphological annotation of Gulf Arabic which includes developing guidelines for a conventional orthography. The text of the corpus is publicly browsable through a web interface we developed for it.', 'Arabic natural language processing: An overview. Arabic is recognised as the 4th most used language of the Internet. Arabic has three main varieties: (1) classical Arabic (CA), (2) Modern Standard Arabic (MSA), (3) Arabic Dialect (AD). MSA and AD could be written either in Arabic or in Roman script (Arabizi), which corresponds to Arabic written with Latin letters, numerals and punctuation. Due to the complexity of this language and the number of corresponding challenges for NLP, many surveys have been conducted, in order to synthesise the work done on Arabic. However these surveys principally focus on two varieties of Arabic (MSA and AD, written in Arabic letters only), they are slightly old (no such survey since 2015) and therefore do not cover recent resources and tools. To bridge the gap, we propose a survey focusing on 90 recent research papers (74% of which were published after 2015). Our study presents and classifies the work done on the three varieties of Arabic, by concentrating on both Arabic and Arabizi, and associates each work to its publicly available resources whenever available.']"
162,40,162_bert_distillation_pretrained_probing,"['bert', 'distillation', 'pretrained', 'probing', 'language', 'knowledge distillation', 'glue', 'tasks', 'pretraining', 'models']","['DynaBERT: Dynamic BERT with Adaptive Width and Depth. The pre-trained language models like BERT, though powerful in many natural language processing tasks, are both computation and memory expensive. To alleviate this problem, one approach is to compress them for specific tasks before deployment. However, recent works on BERT compression usually compress the large BERT model to a fixed smaller size. They can not fully satisfy the requirements of different edge devices with various hardware performances. In this paper, we propose a novel dynamic BERT model (abbreviated as DynaBERT), which can flexibly adjust the size and latency by selecting adaptive width and depth. The training process of DynaBERT includes first training a width-adaptive BERT and then allowing both adaptive width and depth, by distilling knowledge from the full-sized model to small sub-networks. Network rewiring is also used to keep the more important attention heads and neurons shared by more sub-networks. Comprehensive experiments under various efficiency constraints demonstrate that our proposed dynamic BERT (or RoBERTa) at its largest size has comparable performance as BERT-base (or RoBERTa-base), while at smaller widths and depths consistently outperforms existing BERT compression methods. Code is available at https://github.com/huawei-noah/Pretrained-Language-Model/tree/master/DynaBERT.', 'AdaBERT: Task-Adaptive BERT Compression with Differentiable Neural Architecture Search. Large pre-trained language models such as BERT have shown their effectiveness in various natural language processing tasks. However, the huge parameter size makes them difficult to be deployed in real-time applications that require quick inference with limited resources. Existing methods compress BERT into small models while such compression is task-independent, i.e., the same compressed BERT for all different downstream tasks. Motivated by the necessity and benefits of task-oriented BERT compression, we propose a novel compression method, AdaBERT, that leverages differentiable Neural Architecture Search to automatically compress BERT into task-adaptive small models for specific tasks. We incorporate a task-oriented knowledge distillation loss to provide search hints and an efficiency-aware loss as search constraints, which enables a good trade-off between efficiency and effectiveness for task-adaptive BERT compression. We evaluate AdaBERT on several NLP tasks, and the results demonstrate that those task-adaptive compressed models are 12.7x to 29.3x faster than BERT in inference time and 11.5x to 17.0x smaller in terms of parameter size, while comparable performance is maintained.', 'Towards Non-task-specific Distillation of BERT via Sentence Representation Approximation. Recently, BERT has become an essential ingredient of various NLP deep models due to its effectiveness and universal-usability. However, the online deployment of BERT is often blocked by its large-scale parameters and high computational cost. There are plenty of studies showing that the knowledge distillation is efficient in transferring the knowledge from BERT into the model with a smaller size of parameters. Nevertheless, current BERT distillation approaches mainly focus on task-specified distillation, such methodologies lead to the loss of the general semantic knowledge of BERT for universal-usability. In this paper, we propose a sentence representation approximating oriented distillation framework that can distill the pre-trained BERT into a simple LSTM based model without specifying tasks. Consistent with BERT, our distilled model is able to perform transfer learning via fine-tuning to adapt to any sentence-level downstream task. Besides, our model can further cooperate with task-specific distillation procedures. The experimental results on multiple NLP tasks from the GLUE benchmark show that our approach outperforms other task-specific distillation methods or even much larger models, i.e., ELMO, with efficiency well-improved.']"
163,40,163_distillation_student_teacher_knowledge distillation,"['distillation', 'student', 'teacher', 'knowledge distillation', 'knowledge', 'student network', 'kd', 'teacher network', 'network', 'teachers']","['KTAN: Knowledge Transfer Adversarial Network. To reduce the large computation and storage cost of a deep convolutional neural network, the knowledge distillation based methods have pioneered to transfer the generalization ability of a large (teacher) deep network to a light-weight (student) network. However, these methods mostly focus on transferring the probability distribution of the softmax layer in a teacher network and thus neglect the intermediate representations. In this paper, we propose a knowledge transfer adversarial network to better train a student network. Our technique holistically considers both intermediate representations and probability distributions of a teacher network. To transfer the knowledge of intermediate representations, we set high-level teacher feature maps as a target, toward which the student feature maps are trained. Specifically, we arrange a Teacher-to-Student layer for enabling our framework suitable for various student structures. The intermediate representation helps the student network better understand the transferred generalization as compared to the probability distribution only. Furthermore, we infuse an adversarial learning process by employing a discriminator network, which can fully exploit the spatial correlation of feature maps in training a student network. The experimental results demonstrate that the proposed method can significantly improve the performance of a student network on both image classification and object detection tasks.', 'Improved Knowledge Distillation via Teacher Assistant. Despite the fact that deep neural networks are powerful models and achieve appealing results on many tasks, they are too large to be deployed on edge devices like smartphones or embedded sensor nodes. There have been efforts to compress these networks, and a popular method is knowledge distillation, where a large (teacher) pre-trained network is used to train a smaller (student) network. However, in this paper, we show that the student network performance degrades when the gap between student and teacher is large. Given a fixed student network, one cannot employ an arbitrarily large teacher, or in other words, a teacher can effectively transfer its knowledge to students up to a certain size, not smaller. To alleviate this shortcoming, we introduce multi-step knowledge distillation, which employs an intermediate-sized network (teacher assistant) to bridge the gap between the student and the teacher. Moreover, we study the effect of teacher assistant size and extend the framework to multi-step distillation. Theoretical analysis and extensive experiments on CIFAR-10,100 and ImageNet datasets and on CNN and ResNet architectures substantiate the effectiveness of our proposed approach.', 'Learning from a Lightweight Teacher for Efficient Knowledge Distillation. Knowledge Distillation (KD) is an effective framework for compressing deep learning models, realized by a student-teacher paradigm requiring small student networks to mimic the soft target generated by well-trained teachers. However, the teachers are commonly assumed to be complex and need to be trained on the same datasets as students. This leads to a time-consuming training process. The recent study shows vanilla KD plays a similar role as label smoothing and develops teacher-free KD, being efficient and mitigating the issue of learning from heavy teachers. But because teacher-free KD relies on manually-crafted output distributions kept the same for all data instances belonging to the same class, its flexibility and performance are relatively limited. To address the above issues, this paper proposes en efficient knowledge distillation learning framework LW-KD, short for lightweight knowledge distillation. It firstly trains a lightweight teacher network on a synthesized simple dataset, with an adjustable class number equal to that of a target dataset. The teacher then generates soft target whereby an enhanced KD loss could guide student learning, which is a combination of KD loss and adversarial loss for making student output indistinguishable from the output of the teacher. Experiments on several public datasets with different modalities demonstrate LWKD is effective and efficient, showing the rationality of its main design principles.']"
164,40,164_hyperspectral_spectral_hyperspectral image_hsi,"['hyperspectral', 'spectral', 'hyperspectral image', 'hsi', 'hyperspectral images', 'classification', 'spatial', 'water', 'hyperspectral data', 'spatialspectral']","['BASS Net: Band-Adaptive Spectral-Spatial Feature Learning Neural Network for Hyperspectral Image Classification. Deep learning based landcover classification algorithms have recently been proposed in literature. In hyperspectral images (HSI) they face the challenges of large dimensionality, spatial variability of spectral signatures and scarcity of labeled data. In this article we propose an end-to-end deep learning architecture that extracts band specific spectral-spatial features and performs landcover classification. The architecture has fewer independent connection weights and thus requires lesser number of training data. The method is found to outperform the highest reported accuracies on popular hyperspectral image data sets.', 'Hyperspectral Image Classification Based on Sparse Modeling of Spectral Blocks. Hyperspectral images provide abundant spatial and spectral information that is very valuable for material detection in diverse areas of practical science. The high-dimensions of data lead to many processing challenges that can be addressed via existent spatial and spectral redundancies. In this paper, a sparse modeling framework is proposed for hyperspectral image classification. Spectral blocks are introduced to be used along with spatial groups to jointly exploit spectral and spatial redundancies. To reduce the computational complexity of sparse modeling, spectral blocks are used to break the high-dimensional optimization problems into small-size sub-problems that are faster to solve. Furthermore, the proposed sparse structure enables to extract the most discriminative spectral blocks and further reduce the computational burden. Experiments on three benchmark datasets, i.e., Pavia University Image and Indian Pines Image verify that the proposed method leads to a robust sparse modeling of hyperspectral images and improves the classification accuracy compared to several state-of-the-art methods. Moreover, the experiments demonstrate that the proposed method requires less processing time.', ""Learning Hyperspectral Feature Extraction and Classification with ResNeXt Network. The Hyperspectral image (HSI) classification is a standard remote sensing task, in which each image pixel is given a label indicating the physical land-cover on the earth's surface. The achievements of image semantic segmentation and deep learning approaches on ordinary images have accelerated the research on hyperspectral image classification. Moreover, the utilization of both the spectral and spatial cues in hyperspectral images has shown improved classification accuracy in hyperspectral image classification. The use of only 3D Convolutional Neural Networks (3D-CNN) to extract both spatial and spectral cues from Hyperspectral images results in an explosion of parameters hence high computational cost. We propose network architecture called the MixedSN that utilizes the 3D convolutions to modeling spectral-spatial information in the early layers of the architecture and the 2D convolutions at the top layers which majorly deal with semantic abstraction. We constrain our architecture to ResNeXt block because of their performance and simplicity. Our model drastically reduced the number of parameters and achieved comparable classification performance with state-of-the-art methods on Indian Pine (IP) scene dataset, Pavia University scene (PU) dataset, Salinas (SA) Scene dataset, and Botswana (BW) dataset.""]"
165,40,165_eeg_seizure_bci_eeg signals,"['eeg', 'seizure', 'bci', 'eeg signals', 'signals', 'braincomputer', 'epilepsy', 'brain', 'features', 'decoding']","['Cloud-based Deep Learning of Big EEG Data for Epileptic Seizure Prediction. Developing a Brain-Computer Interface~(BCI) for seizure prediction can help epileptic patients have a better quality of life. However, there are many difficulties and challenges in developing such a system as a real-life support for patients. Because of the nonstationary nature of EEG signals, normal and seizure patterns vary across different patients. Thus, finding a group of manually extracted features for the prediction task is not practical. Moreover, when using implanted electrodes for brain recording massive amounts of data are produced. This big data calls for the need for safe storage and high computational resources for real-time processing. To address these challenges, a cloud-based BCI system for the analysis of this big EEG data is presented. First, a dimensionality-reduction technique is developed to increase classification accuracy as well as to decrease the communication bandwidth and computation time. Second, following a deep-learning approach, a stacked autoencoder is trained in two steps for unsupervised feature extraction and classification. Third, a cloud-computing solution is proposed for real-time analysis of big EEG data. The results on a benchmark clinical dataset illustrate the superiority of the proposed patient-specific BCI as an alternative method and its expected usefulness in real-life support of epilepsy patients.', 'Hierarchical internal representation of spectral features in deep convolutional networks trained for EEG decoding. Recently, there is increasing interest and research on the interpretability of machine learning models, for example how they transform and internally represent EEG signals in Brain-Computer Interface (BCI) applications. This can help to understand the limits of the model and how it may be improved, in addition to possibly provide insight about the data itself. Schirrmeister et al. (2017) have recently reported promising results for EEG decoding with deep convolutional neural networks (ConvNets) trained in an end-to-end manner and, with a causal visualization approach, showed that they learn to use spectral amplitude changes in the input. In this study, we investigate how ConvNets represent spectral features through the sequence of intermediate stages of the network. We show higher sensitivity to EEG phase features at earlier stages and higher sensitivity to EEG amplitude features at later stages. Intriguingly, we observed a specialization of individual stages of the network to the classical EEG frequency bands alpha, beta, and high gamma. Furthermore, we find first evidence that particularly in the last convolutional layer, the network learns to detect more complex oscillatory patterns beyond spectral phase and amplitude, reminiscent of the representation of complex visual features in later layers of ConvNets in computer vision tasks. Our findings thus provide insights into how ConvNets hierarchically represent spectral EEG features in their intermediate layers and suggest that ConvNets can exploit and might help to better understand the compositional structure of EEG time series.', 'EEGNet: A Compact Convolutional Network for EEG-based Brain-Computer Interfaces. Brain computer interfaces (BCI) enable direct communication with a computer, using neural activity as the control signal. This neural signal is generally chosen from a variety of well-studied electroencephalogram (EEG) signals. For a given BCI paradigm, feature extractors and classifiers are tailored to the distinct characteristics of its expected EEG control signal, limiting its application to that specific signal. Convolutional Neural Networks (CNNs), which have been used in computer vision and speech recognition, have successfully been applied to EEG-based BCIs; however, they have mainly been applied to single BCI paradigms and thus it remains unclear how these architectures generalize to other paradigms. Here, we ask if we can design a single CNN architecture to accurately classify EEG signals from different BCI paradigms, while simultaneously being as compact as possible. In this work we introduce EEGNet, a compact convolutional network for EEG-based BCIs. We introduce the use of depthwise and separable convolutions to construct an EEG-specific model which encapsulates well-known EEG feature extraction concepts for BCI. We compare EEGNet to current state-of-the-art approaches across four BCI paradigms: P300 visual-evoked potentials, error-related negativity responses (ERN), movement-related cortical potentials (MRCP), and sensory motor rhythms (SMR). We show that EEGNet generalizes across paradigms better than the reference algorithms when only limited training data is available. We demonstrate three different approaches to visualize the contents of a trained EEGNet model to enable interpretation of the learned features. Our results suggest that EEGNet is robust enough to learn a wide variety of interpretable features over a range of BCI tasks, suggesting that the observed performances were not due to artifact or noise sources in the data.']"
166,40,166_face_facial_identity_faces,"['face', 'facial', 'identity', 'faces', 'reenactment', 'expression', 'editing', 'attributes', 'attribute', 'gan']","['Attribute-Guided Face Generation Using Conditional CycleGAN. We are interested in attribute-guided face generation: given a low-res face input image, an attribute vector that can be extracted from a high-res image (attribute image), our new method generates a high-res face image for the low-res input that satisfies the given attributes. To address this problem, we condition the CycleGAN and propose conditional CycleGAN, which is designed to 1) handle unpaired training data because the training low/high-res and high-res attribute images may not necessarily align with each other, and to 2) allow easy control of the appearance of the generated face via the input attributes. We demonstrate impressive results on the attribute-guided conditional CycleGAN, which can synthesize realistic face images with appearance easily controlled by user-supplied attributes (e.g., gender, makeup, hair color, eyeglasses). Using the attribute image as identity to produce the corresponding conditional vector and by incorporating a face verification network, the attribute-guided network becomes the identity-guided conditional CycleGAN which produces impressive and interesting results on identity transfer. We demonstrate three applications on identity-guided conditional CycleGAN: identity-preserving face superresolution, face swapping, and frontal face generation, which consistently show the advantage of our new method.', 'Convolutional Network for Attribute-driven and Identity-preserving Human Face Generation. This paper focuses on the problem of generating human face pictures from specific attributes. The existing CNN-based face generation models, however, either ignore the identity of the generated face or fail to preserve the identity of the reference face image. Here we address this problem from the view of optimization, and suggest an optimization model to generate human face with the given attributes while keeping the identity of the reference image. The attributes can be obtained from the attribute-guided image or by tuning the attribute features of the reference image. With the deep convolutional network ""VGG-Face"", the loss is defined on the convolutional feature maps. We then apply the gradient decent algorithm to solve this optimization problem. The results validate the effectiveness of our method for attribute driven and identity-preserving face generation.', 'FaR-GAN for One-Shot Face Reenactment. Animating a static face image with target facial expressions and movements is important in the area of image editing and movie production. This face reenactment process is challenging due to the complex geometry and movement of human faces. Previous work usually requires a large set of images from the same person to model the appearance. In this paper, we present a one-shot face reenactment model, FaR-GAN, that takes only one face image of any given source identity and a target expression as input, and then produces a face image of the same source identity but with the target expression. The proposed method makes no assumptions about the source identity, facial expression, head pose, or even image background. We evaluate our method on the VoxCeleb1 dataset and show that our method is able to generate a higher quality face image than the compared methods.']"
167,40,167_surgical_surgery_laparoscopic_instruments,"['surgical', 'surgery', 'laparoscopic', 'instruments', 'workflow', 'surgeries', 'robotassisted', 'videos', 'endoscopic', 'video']","['Prediction of laparoscopic procedure duration using unlabeled, multimodal sensor data. Purpose The course of surgical procedures is often unpredictable, making it difficult to estimate the duration of procedures beforehand. A context-aware method that analyses the workflow of an intervention online and automatically predicts the remaining duration would alleviate these problems. As basis for such an estimate, information regarding the current state of the intervention is required. Methods Today, the operating room contains a diverse range of sensors. During laparoscopic interventions, the endoscopic video stream is an ideal source of such information. Extracting quantitative information from the video is challenging though, due to its high dimensionality. Other surgical devices (e.g. insufflator, lights, etc.) provide data streams which are, in contrast to the video stream, more compact and easier to quantify. Though whether such streams offer sufficient information for estimating the duration of surgery is uncertain. Here, we propose and compare methods, based on convolutional neural networks, for continuously predicting the duration of laparoscopic interventions based on unlabeled data, such as from endoscopic images and surgical device streams. Results The methods are evaluated on 80 laparoscopic interventions of various types, for which surgical device data and the endoscopic video are available. Here the combined method performs best with an overall average error of 37% and an average halftime error of 28%. Conclusion In this paper, we present, to our knowledge, the first approach for online procedure duration prediction using unlabeled endoscopic video data and surgical device data in a laparoscopic setting. We also show that a method incorporating both vision and device data performs better than methods based only on vision, while methods only based on tool usage and surgical device data perform poorly, showing the importance of the visual channel.', ""Real-time analysis of cataract surgery videos using statistical models. The automatic analysis of the surgical process, from videos recorded during surgeries, could be very useful to surgeons, both for training and for acquiring new techniques. The training process could be optimized by automatically providing some targeted recommendations or warnings, similar to the expert surgeon's guidance. In this paper, we propose to reuse videos recorded and stored during cataract surgeries to perform the analysis. The proposed system allows to automatically recognize, in real time, what the surgeon is doing: what surgical phase or, more precisely, what surgical step he or she is performing. This recognition relies on the inference of a multilevel statistical model which uses 1) the conditional relations between levels of description (steps and phases) and 2) the temporal relations among steps and among phases. The model accepts two types of inputs: 1) the presence of surgical tools, manually provided by the surgeons, or 2) motion in videos, automatically analyzed through the Content Based Video retrieval (CBVR) paradigm. Different data-driven statistical models are evaluated in this paper. For this project, a dataset of 30 cataract surgery videos was collected at Brest University hospital. The system was evaluated in terms of area under the ROC curve. Promising results were obtained using either the presence of surgical tools ($A_z$ = 0.983) or motion analysis ($A_z$ = 0.759). The generality of the method allows to adapt it to any kinds of surgeries. The proposed solution could be used in a computer assisted surgery tool to support surgeons during the surgery."", 'Real-time Surgical Tools Recognition in Total Knee Arthroplasty Using Deep Neural Networks. Total knee arthroplasty (TKA) is a commonly performed surgical procedure to mitigate knee pain and improve functions for people with knee arthritis. The procedure is complicated due to the different surgical tools used in the stages of surgery. The recognition of surgical tools in real-time can be a solution to simplify surgical procedures for the surgeon. Also, the presence and movement of tools in surgery are crucial information for the recognition of the operational phase and to identify the surgical workflow. Therefore, this research proposes the development of a real-time system for the recognition of surgical tools during surgery using a convolutional neural network (CNN). Surgeons wearing smart glasses can see essential information about tools during surgery that may reduce the complication of the procedures. To evaluate the performance of the proposed method, we calculated and compared the Mean Average Precision (MAP) with state-of-the-art methods which are fast R-CNN and deformable part models (DPM). We achieved 87.6% mAP which is better in comparison to the existing methods. With the additional improvements of our proposed method, it can be a future point of reference, also the baseline for operational phase recognition.']"
168,39,168_visual_object_object recognition_hierarchical,"['visual', 'object', 'object recognition', 'hierarchical', 'recognition', 'neurons', 'classes', 'stimuli', 'layers', 'permutationinvariant']","['How Deep is the Feature Analysis underlying Rapid Visual Categorization?. Rapid categorization paradigms have a long history in experimental psychology: Characterized by short presentation times and speedy behavioral responses, these tasks highlight the efficiency with which our visual system processes natural object categories. Previous studies have shown that feed-forward hierarchical models of the visual cortex provide a good fit to human visual decisions. At the same time, recent work in computer vision has demonstrated significant gains in object recognition accuracy with increasingly deep hierarchical architectures. But it is unclear how well these models account for human visual decisions and what they may reveal about the underlying brain processes.\n  We have conducted a large-scale psychophysics study to assess the correlation between computational models and human participants on a rapid animal vs. non-animal categorization task. We considered visual representations of varying complexity by analyzing the output of different stages of processing in three state-of-the-art deep networks. We found that recognition accuracy increases with higher stages of visual processing (higher level stages indeed outperforming human participants on the same task) but that human decisions agree best with predictions from intermediate stages.\n  Overall, these results suggest that human participants may rely on visual features of intermediate complexity and that the complexity of visual representations afforded by modern deep network models may exceed those used by human participants during rapid categorization.', 'Comparing deep neural networks against humans: object recognition when the signal gets weaker. Human visual object recognition is typically rapid and seemingly effortless, as well as largely independent of viewpoint and object orientation. Until very recently, animate visual systems were the only ones capable of this remarkable computational feat. This has changed with the rise of a class of computer vision algorithms called deep neural networks (DNNs) that achieve human-level classification performance on object recognition tasks. Furthermore, a growing number of studies report similarities in the way DNNs and the human visual system process objects, suggesting that current DNNs may be good models of human visual object recognition. Yet there clearly exist important architectural and processing differences between state-of-the-art DNNs and the primate visual system. The potential behavioural consequences of these differences are not well understood. We aim to address this issue by comparing human and DNN generalisation abilities towards image degradations. We find the human visual system to be more robust to image manipulations like contrast reduction, additive noise or novel eidolon-distortions. In addition, we find progressively diverging classification error-patterns between humans and DNNs when the signal gets weaker, indicating that there may still be marked differences in the way humans and current DNNs perform visual object recognition. We envision that our findings as well as our carefully measured and freely available behavioural datasets provide a new useful benchmark for the computer vision community to improve the robustness of DNNs and a motivation for neuroscientists to search for mechanisms in the brain that could facilitate this robustness.', ""Statistics of Visual Responses to Object Stimuli from Primate AIT Neurons to DNN Neurons. Cadieu et al. (Cadieu,2014) reported that deep neural networks(DNNs) could rival the representation of primate inferotemporal cortex for object recognition. Lehky et al. (Lehky,2011) provided a statistical analysis on neural responses to object stimuli in primate AIT cortex. They found the intrinsic dimensionality of object representations in AIT cortex is around 100 (Lehky,2014). Considering the outstanding performance of DNNs in object recognition, it is worthwhile investigating whether the responses of DNN neurons have similar response statistics to those of AIT neurons. Following Lehky et al.'s works, we analyze the response statistics to image stimuli and the intrinsic dimensionality of object representations of DNN neurons. Our findings show in terms of kurtosis and Pareto tail index, the response statistics on single-neuron selectivity and population sparseness of DNN neurons are fundamentally different from those of IT neurons except some special cases. By increasing the number of neurons and stimuli, the conclusions could alter substantially. In addition, with the ascendancy of the convolutional layers of DNNs, the single-neuron selectivity and population sparseness of DNN neurons increase, indicating the last convolutional layer is to learn features for object representations, while the following fully-connected layers are to learn categorization features. It is also found that a sufficiently large number of stimuli and neurons are necessary for obtaining a stable dimensionality. To our knowledge, this is the first work to analyze the response statistics of DNN neurons comparing with AIT neurons, and our results provide not only some insights into the discrepancy of DNN neurons with respect to IT neurons in object representation, but also shed some light on possible outcomes of IT neurons when the number of recorded neurons and stimuli is beyond the level in (Lehky,2011,2014).""]"
169,39,169_kernel_kernels_fourier features_random fourier,"['kernel', 'kernels', 'fourier features', 'random fourier', 'fourier', 'random', 'random features', 'lasso', 'features', 'approximation']","['Doubly stochastic large scale kernel learning with the empirical kernel map. With the rise of big data sets, the popularity of kernel methods declined and neural networks took over again. The main problem with kernel methods is that the kernel matrix grows quadratically with the number of data points. Most attempts to scale up kernel methods solve this problem by discarding data points or basis functions of some approximation of the kernel map. Here we present a simple yet effective alternative for scaling up kernel methods that takes into account the entire data set via doubly stochastic optimization of the emprical kernel map. The algorithm is straightforward to implement, in particular in parallel execution settings; it leverages the full power and versatility of classical kernel functions without the need to explicitly formulate a kernel map approximation. We provide empirical evidence that the algorithm works on large data sets.', 'Random Fourier Features for Kernel Ridge Regression: Approximation Bounds and Statistical Guarantees. Random Fourier features is one of the most popular techniques for scaling up kernel methods, such as kernel ridge regression. However, despite impressive empirical results, the statistical properties of random Fourier features are still not well understood. In this paper we take steps toward filling this gap. Specifically, we approach random Fourier features from a spectral matrix approximation point of view, give tight bounds on the number of Fourier features required to achieve a spectral approximation, and show how spectral matrix approximation bounds imply statistical guarantees for kernel ridge regression.\n  Qualitatively, our results are twofold: on the one hand, we show that random Fourier feature approximation can provably speed up kernel ridge regression under reasonable assumptions. At the same time, we show that the method is suboptimal, and sampling from a modified distribution in Fourier space, given by the leverage function of the kernel, yields provably better performance. We study this optimal sampling distribution for the Gaussian kernel, achieving a nearly complete characterization for the case of low-dimensional bounded datasets. Based on this characterization, we propose an efficient sampling scheme with guarantees superior to random Fourier features in this regime.', 'Data Dependent Kernel Approximation using Pseudo Random Fourier Features. Kernel methods are powerful and flexible approach to solve many problems in machine learning. Due to the pairwise evaluations in kernel methods, the complexity of kernel computation grows as the data size increases; thus the applicability of kernel methods is limited for large scale datasets. Random Fourier Features (RFF) has been proposed to scale the kernel method for solving large scale datasets by approximating kernel function using randomized Fourier features. While this method proved very popular, still it exists shortcomings to be effectively used. As RFF samples the randomized features from a distribution independent of training data, it requires sufficient large number of feature expansions to have similar performances to kernelized classifiers, and this is proportional to the number samples in the dataset. Thus, reducing the number of feature dimensions is necessary to effectively scale to large datasets. In this paper, we propose a kernel approximation method in a data dependent way, coined as Pseudo Random Fourier Features (PRFF) for reducing the number of feature dimensions and also to improve the prediction performance. The proposed approach is evaluated on classification and regression problems and compared with the RFF, orthogonal random features and Nystr{ö}m approach']"
170,38,170_students_student_knowledge tracing_tracing,"['students', 'student', 'knowledge tracing', 'tracing', 'courses', 'course', 'educational', 'knowledge', 'personalized', 'hints']","[""Knowledge Tracing with Sequential Key-Value Memory Networks. Can machines trace human knowledge like humans? Knowledge tracing (KT) is a fundamental task in a wide range of applications in education, such as massive open online courses (MOOCs), intelligent tutoring systems, educational games, and learning management systems. It models dynamics in a student's knowledge states in relation to different learning concepts through their interactions with learning activities. Recently, several attempts have been made to use deep learning models for tackling the KT problem. Although these deep learning models have shown promising results, they have limitations: either lack the ability to go deeper to trace how specific concepts in a knowledge state are mastered by a student, or fail to capture long-term dependencies in an exercise sequence. In this paper, we address these limitations by proposing a novel deep learning model for knowledge tracing, namely Sequential Key-Value Memory Networks (SKVMN). This model unifies the strengths of recurrent modelling capacity and memory capacity of the existing deep learning KT models for modelling student learning. We have extensively evaluated our proposed model on five benchmark datasets. The experimental results show that (1) SKVMN outperforms the state-of-the-art KT models on all datasets, (2) SKVMN can better discover the correlation between latent concepts and questions, and (3) SKVMN can trace the knowledge state of students dynamics, and a leverage sequential dependencies in an exercise sequence for improved predication accuracy."", ""Deep Knowledge Tracing and Dynamic Student Classification for Knowledge Tracing. In Intelligent Tutoring System (ITS), tracing the student's knowledge state during learning has been studied for several decades in order to provide more supportive learning instructions. In this paper, we propose a novel model for knowledge tracing that i) captures students' learning ability and dynamically assigns students into distinct groups with similar ability at regular time intervals, and ii) combines this information with a Recurrent Neural Network architecture known as Deep Knowledge Tracing. Experimental results confirm that the proposed model is significantly better at predicting student performance than well known state-of-the-art techniques for student modelling."", ""ALE: Additive Latent Effect Models for Grade Prediction. The past decade has seen a growth in the development and deployment of educational technologies for assisting college-going students in choosing majors, selecting courses and acquiring feedback based on past academic performance. Grade prediction methods seek to estimate a grade that a student may achieve in a course that she may take in the future (e.g., next term). Accurate and timely prediction of students' academic grades is important for developing effective degree planners and early warning systems, and ultimately improving educational outcomes. Existing grade pre- diction methods mostly focus on modeling the knowledge components associated with each course and student, and often overlook other factors such as the difficulty of each knowledge component, course instructors, student interest, capabilities and effort. In this paper, we propose additive latent effect models that incorporate these factors to predict the student next-term grades. Specifically, the proposed models take into account four factors: (i) student's academic level, (ii) course instructors, (iii) student global latent factor, and (iv) latent knowledge factors. We compared the new models with several state-of-the-art methods on students of various characteristics (e.g., whether a student transferred in or not). The experimental results demonstrate that the proposed methods significantly outperform the baselines on grade prediction problem. Moreover, we perform a thorough analysis on the importance of different factors and how these factors can practically assist students in course selection, and finally improve their academic performance.""]"
171,38,171_td_function approximation_offpolicy_temporal difference,"['td', 'function approximation', 'offpolicy', 'temporal difference', 'approximation', 'policy', 'td learning', 'temporaldifference', 'difference', 'function']","['Effective Multi-step Temporal-Difference Learning for Non-Linear Function Approximation. Multi-step temporal-difference (TD) learning, where the update targets contain information from multiple time steps ahead, is one of the most popular forms of TD learning for linear function approximation. The reason is that multi-step methods often yield substantially better performance than their single-step counter-parts, due to a lower bias of the update targets. For non-linear function approximation, however, single-step methods appear to be the norm. Part of the reason could be that on many domains the popular multi-step methods TD($λ$) and Sarsa($λ$) do not perform well when combined with non-linear function approximation. In particular, they are very susceptible to divergence of value estimates. In this paper, we identify the reason behind this. Furthermore, based on our analysis, we propose a new multi-step TD method for non-linear function approximation that addresses this issue. We confirm the effectiveness of our method using two benchmark tasks with neural networks as function approximation.', '$\\ell_1$ Regularized Gradient Temporal-Difference Learning. In this paper, we study the Temporal Difference (TD) learning with linear value function approximation. It is well known that most TD learning algorithms are unstable with linear function approximation and off-policy learning. Recent development of Gradient TD (GTD) algorithms has addressed this problem successfully. However, the success of GTD algorithms requires a set of well chosen features, which are not always available. When the number of features is huge, the GTD algorithms might face the problem of overfitting and being computationally expensive. To cope with this difficulty, regularization techniques, in particular $\\ell_1$ regularization, have attracted significant attentions in developing TD learning algorithms. The present work combines the GTD algorithms with $\\ell_1$ regularization. We propose a family of $\\ell_1$ regularized GTD algorithms, which employ the well known soft thresholding operator. We investigate convergence properties of the proposed algorithms, and depict their performance with several numerical experiments.', 'A Convergent Off-Policy Temporal Difference Algorithm. Learning the value function of a given policy (target policy) from the data samples obtained from a different policy (behavior policy) is an important problem in Reinforcement Learning (RL). This problem is studied under the setting of off-policy prediction. Temporal Difference (TD) learning algorithms are a popular class of algorithms for solving the prediction problem. TD algorithms with linear function approximation are shown to be convergent when the samples are generated from the target policy (known as on-policy prediction). However, it has been well established in the literature that off-policy TD algorithms under linear function approximation diverge. In this work, we propose a convergent on-line off-policy TD algorithm under linear function approximation. The main idea is to penalize the updates of the algorithm in a way as to ensure convergence of the iterates. We provide a convergence analysis of our algorithm. Through numerical evaluations, we further demonstrate the effectiveness of our algorithm.']"
172,38,172_attention_brain_nlp_explanation,"['attention', 'brain', 'nlp', 'explanation', 'models', 'language', 'feature importance', 'brain activity', 'cognitive', 'mrc']","['Blackbox meets blackbox: Representational Similarity and Stability Analysis of Neural Language Models and Brains. In this paper, we define and apply representational stability analysis (ReStA), an intuitive way of analyzing neural language models. ReStA is a variant of the popular representational similarity analysis (RSA) in cognitive neuroscience. While RSA can be used to compare representations in models, model components, and human brains, ReStA compares instances of the same model, while systematically varying single model parameter. Using ReStA, we study four recent and successful neural language models, and evaluate how sensitive their internal representations are to the amount of prior context. Using RSA, we perform a systematic study of how similar the representational spaces in the first and second (or higher) layers of these models are to each other and to patterns of activation in the human brain. Our results reveal surprisingly strong differences between language models, and give insights into where the deep linguistic processing, that integrates information over multiple sentences, is happening in these models. The combination of ReStA and RSA on models and brains allows us to start addressing the important question of what kind of linguistic processes we can hope to observe in fMRI brain imaging data. In particular, our results suggest that the data on story reading from Wehbe et al. (2014) contains a signal of shallow linguistic processing, but show no evidence on the more interesting deep linguistic processing.', ""Towards Transparent and Explainable Attention Models. Recent studies on interpretability of attention distributions have led to notions of faithful and plausible explanations for a model's predictions. Attention distributions can be considered a faithful explanation if a higher attention weight implies a greater impact on the model's prediction. They can be considered a plausible explanation if they provide a human-understandable justification for the model's predictions. In this work, we first explain why current attention mechanisms in LSTM based encoders can neither provide a faithful nor a plausible explanation of the model's predictions. We observe that in LSTM based encoders the hidden representations at different time-steps are very similar to each other (high conicity) and attention weights in these situations do not carry much meaning because even a random permutation of the attention weights does not affect the model's predictions. Based on experiments on a wide variety of tasks and datasets, we observe attention distributions often attribute the model's predictions to unimportant words such as punctuation and fail to offer a plausible explanation for the predictions. To make attention mechanisms more faithful and plausible, we propose a modified LSTM cell with a diversity-driven training objective that ensures that the hidden representations learned at different time steps are diverse. We show that the resulting attention distributions offer more transparency as they (i) provide a more precise importance ranking of the hidden states (ii) are better indicative of words important for the model's predictions (iii) correlate better with gradient-based attribution methods. Human evaluations indicate that the attention distributions learned by our model offer a plausible explanation of the model's predictions. Our code has been made publicly available at https://github.com/akashkm99/Interpretable-Attention"", 'Interpreting and improving natural-language processing (in machines) with natural language-processing (in the brain). Neural networks models for NLP are typically implemented without the explicit encoding of language rules and yet they are able to break one performance record after another. This has generated a lot of research interest in interpreting the representations learned by these networks. We propose here a novel interpretation approach that relies on the only processing system we have that does understand language: the human brain. We use brain imaging recordings of subjects reading complex natural text to interpret word and sequence embeddings from 4 recent NLP models - ELMo, USE, BERT and Transformer-XL. We study how their representations differ across layer depth, context length, and attention type. Our results reveal differences in the context-related representations across these models. Further, in the transformer models, we find an interaction between layer depth and context length, and between layer depth and attention type. We finally hypothesize that altering BERT to better align with brain recordings would enable it to also better understand language. Probing the altered BERT using syntactic NLP tasks reveals that the model with increased brain-alignment outperforms the original model. Cognitive neuroscientists have already begun using NLP networks to study the brain, and this work closes the loop to allow the interaction between NLP and cognitive neuroscience to be a true cross-pollination.']"
173,37,173_mapf_path_path finding_pathfinding,"['mapf', 'path', 'path finding', 'pathfinding', 'multiagent', 'agents', 'multiagent path', 'finding', 'paths', 'path planning']","['Position Paper: From Multi-Agent Pathfinding to Pipe Routing. The 2D Multi-Agent Path Finding (MAPF) problem aims at finding collision-free paths for a number of agents, from a set of start locations to a set of goal positions in a known 2D environment. MAPF has been studied in theoretical computer science, robotics, and artificial intelligence over several decades, due to its importance for robot navigation. It is currently experiencing significant scientific progress due to its relevance in automated warehousing (such as those operated by Amazon) and in other contemporary application areas. In this paper, we demonstrate that many recently developed MAPF algorithms apply more broadly than currently believed in the MAPF research community. In particular, we describe the 3D Pipe Routing (PR) problem, which aims at placing collision-free pipes from given start locations to given goal locations in a known 3D environment. The MAPF and PR problems are similar: a solution to a MAPF instance is a set of blocked cells in x-y-t space, while a solution to the corresponding PR instance is a set of blocked cells in x-y-z space. We show how to use this similarity to apply several recently developed MAPF algorithms to the PR problem, and discuss their performance on abstract PR instances. We also discuss further research necessary to tackle real-world pipe-routing instances of interest to industry today. This opens up a new direction of industrial relevance for the MAPF research community.', 'Multi-Agent Path Finding with Delay Probabilities. Several recently developed Multi-Agent Path Finding (MAPF) solvers scale to large MAPF instances by searching for MAPF plans on 2 levels: The high-level search resolves collisions between agents, and the low-level search plans paths for single agents under the constraints imposed by the high-level search. We make the following contributions to solve the MAPF problem with imperfect plan execution with small average makespans: First, we formalize the MAPF Problem with Delay Probabilities (MAPF-DP), define valid MAPF-DP plans and propose the use of robust plan-execution policies for valid MAPF-DP plans to control how each agent proceeds along its path. Second, we discuss 2 classes of decentralized robust plan-execution policies (called Fully Synchronized Policies and Minimal Communication Policies) that prevent collisions during plan execution for valid MAPF-DP plans. Third, we present a 2-level MAPF-DP solver (called Approximate Minimization in Expectation) that generates valid MAPF-DP plans.', 'Lifelong Multi-Agent Path Finding in Large-Scale Warehouses. Multi-Agent Path Finding (MAPF) is the problem of moving a team of agents to their goal locations without collisions. In this paper, we study the lifelong variant of MAPF, where agents are constantly engaged with new goal locations, such as in large-scale automated warehouses. We propose a new framework Rolling-Horizon Collision Resolution (RHCR) for solving lifelong MAPF by decomposing the problem into a sequence of Windowed MAPF instances, where a Windowed MAPF solver resolves collisions among the paths of the agents only within a bounded time horizon and ignores collisions beyond it. RHCR is particularly well suited to generating pliable plans that adapt to continually arriving new goal locations. We empirically evaluate RHCR with a variety of MAPF solvers and show that it can produce high-quality solutions for up to 1,000 agents (= 38.9\\% of the empty cells on the map) for simulated warehouse instances, significantly outperforming existing work.']"
174,37,174_machine learning_machine_ml_data science,"['machine learning', 'machine', 'ml', 'data science', 'reproducibility', 'ai', 'machine teaching', 'learning systems', 'teaching', 'learning']","[""Democratisation of Usable Machine Learning in Computer Vision. Many industries are now investing heavily in data science and automation to replace manual tasks and/or to help with decision making, especially in the realm of leveraging computer vision to automate many monitoring, inspection, and surveillance tasks. This has resulted in the emergence of the 'data scientist' who is conversant in statistical thinking, machine learning (ML), computer vision, and computer programming. However, as ML becomes more accessible to the general public and more aspects of ML become automated, applications leveraging computer vision are increasingly being created by non-experts with less opportunity for regulatory oversight. This points to the overall need for more educated responsibility for these lay-users of usable ML tools in order to mitigate potentially unethical ramifications. In this paper, we undertake a SWOT analysis to study the strengths, weaknesses, opportunities, and threats of building usable ML tools for mass adoption for important areas leveraging ML such as computer vision. The paper proposes a set of data science literacy criteria for educating and supporting lay-users in the responsible development and deployment of ML applications."", 'How Developers Iterate on Machine Learning Workflows -- A Survey of the Applied Machine Learning Literature. Machine learning workflow development is anecdotally regarded to be an iterative process of trial-and-error with humans-in-the-loop. However, we are not aware of quantitative evidence corroborating this popular belief. A quantitative characterization of iteration can serve as a benchmark for machine learning workflow development in practice, and can aid the development of human-in-the-loop machine learning systems. To this end, we conduct a small-scale survey of the applied machine learning literature from five distinct application domains. We collect and distill statistics on the role of iteration within machine learning workflow development, and report preliminary trends and insights from our investigation, as a starting point towards this benchmark. Based on our findings, we finally describe desiderata for effective and versatile human-in-the-loop machine learning systems that can cater to users in diverse domains.', 'Machine Teaching: A New Paradigm for Building Machine Learning Systems. The current processes for building machine learning systems require practitioners with deep knowledge of machine learning. This significantly limits the number of machine learning systems that can be created and has led to a mismatch between the demand for machine learning systems and the ability for organizations to build them. We believe that in order to meet this growing demand for machine learning systems we must significantly increase the number of individuals that can teach machines. We postulate that we can achieve this goal by making the process of teaching machines easy, fast and above all, universally accessible.\n  While machine learning focuses on creating new algorithms and improving the accuracy of ""learners"", the machine teaching discipline focuses on the efficacy of the ""teachers"". Machine teaching as a discipline is a paradigm shift that follows and extends principles of software engineering and programming languages. We put a strong emphasis on the teacher and the teacher\'s interaction with data, as well as crucial components such as techniques and design principles of interaction and visualization.\n  In this paper, we present our position regarding the discipline of machine teaching and articulate fundamental machine teaching principles. We also describe how, by decoupling knowledge about machine learning algorithms from the process of teaching, we can accelerate innovation and empower millions of new uses for machine learning models.']"
175,37,175_language inference_matching_nli_natural language,"['language inference', 'matching', 'nli', 'natural language', 'inference', 'natural', 'text matching', 'language', 'sentence', 'entailment']","['A Neural Architecture Mimicking Humans End-to-End for Natural Language Inference. In this work we use the recent advances in representation learning to propose a neural architecture for the problem of natural language inference. Our approach is aligned to mimic how a human does the natural language inference process given two statements. The model uses variants of Long Short Term Memory (LSTM), attention mechanism and composable neural networks, to carry out the task. Each part of our model can be mapped to a clear functionality humans do for carrying out the overall task of natural language inference. The model is end-to-end differentiable enabling training by stochastic gradient descent. On Stanford Natural Language Inference(SNLI) dataset, the proposed model achieves better accuracy numbers than all published models in literature.', ""Natural Language Inference over Interaction Space. Natural Language Inference (NLI) task requires an agent to determine the logical relationship between a natural language premise and a natural language hypothesis. We introduce Interactive Inference Network (IIN), a novel class of neural network architectures that is able to achieve high-level understanding of the sentence pair by hierarchically extracting semantic features from interaction space. We show that an interaction tensor (attention weight) contains semantic information to solve natural language inference, and a denser interaction tensor contains richer semantic information. One instance of such architecture, Densely Interactive Inference Network (DIIN), demonstrates the state-of-the-art performance on large scale NLI copora and large-scale NLI alike corpus. It's noteworthy that DIIN achieve a greater than 20% error reduction on the challenging Multi-Genre NLI (MultiNLI) dataset with respect to the strongest published system."", 'Neural Natural Language Inference Models Enhanced with External Knowledge. Modeling natural language inference is a very challenging task. With the availability of large annotated data, it has recently become feasible to train complex models such as neural-network-based inference models, which have shown to achieve the state-of-the-art performance. Although there exist relatively large annotated data, can machines learn all knowledge needed to perform natural language inference (NLI) from these data? If not, how can neural-network-based NLI models benefit from external knowledge and how to build NLI models to leverage it? In this paper, we enrich the state-of-the-art neural natural language inference models with external knowledge. We demonstrate that the proposed models improve neural NLI models to achieve the state-of-the-art performance on the SNLI and MultiNLI datasets.']"
176,36,176_allocation_fair_preferences_division,"['allocation', 'fair', 'preferences', 'division', 'voting', 'goods', 'allocations', 'kidney', 'indivisible', 'voters']","['Lecture Notes on Fair Division. Fair division is the problem of dividing one or several goods amongst two or more agents in a way that satisfies a suitable fairness criterion. These Notes provide a succinct introduction to the field. We cover three main topics. First, we need to define what is to be understood by a ""fair"" allocation of goods to individuals. We present an overview of the most important fairness criteria (as well as the closely related criteria for economic efficiency) developed in the literature, together with a short discussion of their axiomatic foundations. Second, we give an introduction to cake-cutting procedures as an example of methods for fairly dividing a single divisible resource amongst a group of individuals. Third, we discuss the combinatorial optimisation problem of fairly allocating a set of indivisible goods to a group of agents, covering both centralised algorithms (similar to auctions) and a distributed approach based on negotiation.\n  While the classical literature on fair division has largely developed within Economics, these Notes are specifically written for readers with a background in Computer Science or similar, and who may be (or may wish to be) engaged in research in Artificial Intelligence, Multiagent Systems, or Computational Social Choice. References for further reading, as well as a small number of exercises, are included.\n  Notes prepared for a tutorial at the 11th European Agent Systems Summer School (EASSS-2009), Torino, Italy, 31 August and 1 September 2009. Updated for a tutorial at the COST-ADT Doctoral School on Computational Social Choice, Estoril, Portugal, 9--14 April 2010.', 'Efficiency, Sequenceability and Deal-Optimality in Fair Division of Indivisible Goods. In fair division of indivisible goods, using sequences of sincere choices (or picking sequences) is a natural way to allocate the objects. The idea is as follows: at each stage, a designated agent picks one object among those that remain. Another intuitive way to obtain an allocation is to give objects to agents in the first place, and to let agents exchange them as long as such ""deals"" are beneficial. This paper investigates these notions, when agents have additive preferences over objects, and unveils surprising connections between them, and with other efficiency and fairness notions. In particular, we show that an allocation is sequenceable iff it is optimal for a certain type of deals, namely cycle deals involving a single object. Furthermore, any Pareto-optimal allocation is sequenceable, but not the converse. Regarding fairness, we show that an allocation can be envy-free and non-sequenceable, but that every competitive equilibrium with equal incomes is sequenceable. To complete the picture, we show how some domain restrictions may affect the relations between these notions. Finally, we experimentally explore the links between the scales of efficiency and fairness.', ""Finding Fair and Efficient Allocations When Valuations Don't Add Up. In this paper, we present new results on the fair and efficient allocation of indivisible goods to agents whose preferences correspond to {\\em matroid rank functions}. This is a versatile valuation class with several desirable properties (such as monotonicity and submodularity), which naturally lends itself to a number of real-world domains. We use these properties to our advantage; first, we show that when agent valuations are matroid rank functions, a socially optimal (i.e. utilitarian social welfare-maximizing) allocation that achieves envy-freeness up to one item (EF1) exists and is computationally tractable. We also prove that the Nash welfare-maximizing and the leximin allocations both exhibit this fairness/efficiency combination, by showing that they can be achieved by minimizing any symmetric strictly convex function over utilitarian optimal outcomes. To the best of our knowledge, this is the first valuation function class not subsumed by additive valuations for which it has been established that an allocation maximizing Nash welfare is EF1. Moreover, for a subclass of these valuation functions based on maximum (unweighted) bipartite matching, we show that a leximin allocation can be computed in polynomial time. Additionally, we explore possible extensions of our results to fairness criteria other than EF1 as well as to generalizations of the above valuation classes.""]"
177,36,177_citations_citation_wikipedia_articles,"['citations', 'citation', 'wikipedia', 'articles', 'scientific', 'web', 'news', 'finnish', 'newspaper', 'collection']","['Approaches for Enriching and Improving Textual Knowledge Bases. Verifiability is one of the core editing principles in Wikipedia, where editors are encouraged to provide citations for the added statements. Statements can be any arbitrary piece of text, ranging from a sentence up to a paragraph. However, in many cases, citations are either outdated, missing, or link to non-existing references (e.g. dead URL, moved content etc.). In total, 20\\% of the cases such citations refer to news articles and represent the second most cited source. Even in cases where citations are provided, there are no explicit indicators for the span of a citation for a given piece of text. In addition to issues related with the verifiability principle, many Wikipedia entity pages are incomplete, with relevant information that is already available in online news sources missing. Even for the already existing citations, there is often a delay between the news publication time and the reference time.\n  In this thesis, we address the aforementioned issues and propose automated approaches that enforce the verifiability principle in Wikipedia, and suggest relevant and missing news references for further enriching Wikipedia entity pages.', 'Citation Classification for Behavioral Analysis of a Scientific Field. Citations are an important indicator of the state of a scientific field, reflecting how authors frame their work, and influencing uptake by future scholars. However, our understanding of citation behavior has been limited to small-scale manual citation analysis. We perform the largest behavioral study of citations to date, analyzing how citations are both framed and taken up by scholars in one entire field: natural language processing. We introduce a new dataset of nearly 2,000 citations annotated for function and centrality, and use it to develop a state-of-the-art classifier and label the entire ACL Reference Corpus. We then study how citations are framed by authors and use both papers and online traces to track how citations are followed by readers. We demonstrate that authors are sensitive to discourse structure and publication venue when citing, that online readers follow temporal links to previous and future work rather than methodological links, and that how a paper cites related work is predictive of its citation count. Finally, we use changes in citation roles to show that the field of NLP is undergoing a significant increase in consensus.', 'Fine Grained Citation Span for References in Wikipedia. \\emph{Verifiability} is one of the core editing principles in Wikipedia, editors being encouraged to provide citations for the added content. For a Wikipedia article, determining the \\emph{citation span} of a citation, i.e. what content is covered by a citation, is important as it helps decide for which content citations are still missing.\n  We are the first to address the problem of determining the \\emph{citation span} in Wikipedia articles. We approach this problem by classifying which textual fragments in an article are covered by a citation. We propose a sequence classification approach where for a paragraph and a citation, we determine the citation span at a fine-grained level.\n  We provide a thorough experimental evaluation and compare our approach against baselines adopted from the scientific domain, where we show improvement for all evaluation metrics.']"
178,35,178_text generation_generation_text_generative adversarial,"['text generation', 'generation', 'text', 'generative adversarial', 'generative', 'adversarial', 'gans', 'gan', 'adversarial networks', 'generator']","['Long Text Generation via Adversarial Training with Leaked Information. Automatically generating coherent and semantically meaningful text has many applications in machine translation, dialogue systems, image captioning, etc. Recently, by combining with policy gradient, Generative Adversarial Nets (GAN) that use a discriminative model to guide the training of the generative model as a reinforcement learning policy has shown promising results in text generation. However, the scalar guiding signal is only available after the entire text has been generated and lacks intermediate information about text structure during the generative process. As such, it limits its success when the length of the generated text samples is long (more than 20 words). In this paper, we propose a new framework, called LeakGAN, to address the problem for long text generation. We allow the discriminative net to leak its own high-level extracted features to the generative net to further help the guidance. The generator incorporates such informative signals into all generation steps through an additional Manager module, which takes the extracted features of current generated words and outputs a latent vector to guide the Worker module for next-word generation. Our extensive experiments on synthetic data and various real-world tasks with Turing test demonstrate that LeakGAN is highly effective in long text generation and also improves the performance in short text generation scenarios. More importantly, without any supervision, LeakGAN would be able to implicitly learn sentence structures only through the interaction between Manager and Worker.', 'Meta-CoTGAN: A Meta Cooperative Training Paradigm for Improving Adversarial Text Generation. Training generative models that can generate high-quality text with sufficient diversity is an important open problem for Natural Language Generation (NLG) community. Recently, generative adversarial models have been applied extensively on text generation tasks, where the adversarially trained generators alleviate the exposure bias experienced by conventional maximum likelihood approaches and result in promising generation quality. However, due to the notorious defect of mode collapse for adversarial training, the adversarially trained generators face a quality-diversity trade-off, i.e., the generator models tend to sacrifice generation diversity severely for increasing generation quality. In this paper, we propose a novel approach which aims to improve the performance of adversarial text generation via efficiently decelerating mode collapse of the adversarial training. To this end, we introduce a cooperative training paradigm, where a language model is cooperatively trained with the generator and we utilize the language model to efficiently shape the data distribution of the generator against mode collapse. Moreover, instead of engaging the cooperative update for the generator in a principled way, we formulate a meta learning mechanism, where the cooperative update to the generator serves as a high level meta task, with an intuition of ensuring the parameters of the generator after the adversarial update would stay resistant against mode collapse. In the experiment, we demonstrate our proposed approach can efficiently slow down the pace of mode collapse for the adversarial text generators. Overall, our proposed method is able to outperform the baseline approaches with significant margins in terms of both generation quality and diversity in the testified domains.', ""TextGAIL: Generative Adversarial Imitation Learning for Text Generation. Generative Adversarial Networks (GANs) for text generation have recently received many criticisms, as they perform worse than their MLE counterparts. We suspect previous text GANs' inferior performance is due to the lack of a reliable guiding signal in their discriminators. To address this problem, we propose a generative adversarial imitation learning framework for text generation that uses large pre-trained language models to provide more reliable reward guidance. Our approach uses contrastive discriminator, and proximal policy optimization (PPO) to stabilize and improve text generation performance. For evaluation, we conduct experiments on a diverse set of unconditional and conditional text generation tasks. Experimental results show that TextGAIL achieves better performance in terms of both quality and diversity than the MLE baseline. We also validate our intuition that TextGAIL's discriminator demonstrates the capability of providing reasonable rewards with an additional task.""]"
179,35,179_program_program synthesis_programs_synthesis,"['program', 'program synthesis', 'programs', 'synthesis', 'inputoutput examples', 'inputoutput', 'programming', 'examples', 'neural program', 'search']","['Recent Advances in Neural Program Synthesis. In recent years, deep learning has made tremendous progress in a number of fields that were previously out of reach for artificial intelligence. The successes in these problems has led researchers to consider the possibilities for intelligent systems to tackle a problem that humans have only recently themselves considered: program synthesis. This challenge is unlike others such as object recognition and speech translation, since its abstract nature and demand for rigor make it difficult even for human minds to attempt. While it is still far from being solved or even competitive with most existing methods, neural program synthesis is a rapidly growing discipline which holds great promise if completely realized. In this paper, we start with exploring the problem statement and challenges of program synthesis. Then, we examine the fascinating evolution of program induction models, along with how they have succeeded, failed and been reimagined since. Finally, we conclude with a contrastive look at program synthesis and future research recommendations for the field.', 'Summary - TerpreT: A Probabilistic Programming Language for Program Induction. We study machine learning formulations of inductive program synthesis; that is, given input-output examples, synthesize source code that maps inputs to corresponding outputs. Our key contribution is TerpreT, a domain-specific language for expressing program synthesis problems. A TerpreT model is composed of a specification of a program representation and an interpreter that describes how programs map inputs to outputs. The inference task is to observe a set of input-output examples and infer the underlying program. From a TerpreT model we automatically perform inference using four different back-ends: gradient descent (thus each TerpreT model can be seen as defining a differentiable interpreter), linear program (LP) relaxations for graphical models, discrete satisfiability solving, and the Sketch program synthesis system. TerpreT has two main benefits. First, it enables rapid exploration of a range of domains, program representations, and interpreter models. Second, it separates the model specification from the inference algorithm, allowing proper comparisons between different approaches to inference.\n  We illustrate the value of TerpreT by developing several interpreter models and performing an extensive empirical comparison between alternative inference algorithms on a variety of program models. To our knowledge, this is the first work to compare gradient-based search over program space to traditional search-based alternatives. Our key empirical finding is that constraint solvers dominate the gradient descent and LP-based formulations.\n  This is a workshop summary of a longer report at arXiv:1608.04428', 'TerpreT: A Probabilistic Programming Language for Program Induction. We study machine learning formulations of inductive program synthesis; given input-output examples, we try to synthesize source code that maps inputs to corresponding outputs. Our aims are to develop new machine learning approaches based on neural networks and graphical models, and to understand the capabilities of machine learning techniques relative to traditional alternatives, such as those based on constraint solving from the programming languages community.\n  Our key contribution is the proposal of TerpreT, a domain-specific language for expressing program synthesis problems. TerpreT is similar to a probabilistic programming language: a model is composed of a specification of a program representation (declarations of random variables) and an interpreter describing how programs map inputs to outputs (a model connecting unknowns to observations). The inference task is to observe a set of input-output examples and infer the underlying program. TerpreT has two main benefits. First, it enables rapid exploration of a range of domains, program representations, and interpreter models. Second, it separates the model specification from the inference algorithm, allowing like-to-like comparisons between different approaches to inference. From a single TerpreT specification we automatically perform inference using four different back-ends. These are based on gradient descent, linear program (LP) relaxations for graphical models, discrete satisfiability solving, and the Sketch program synthesis system.\n  We illustrate the value of TerpreT by developing several interpreter models and performing an empirical comparison between alternative inference algorithms. Our key empirical finding is that constraint solvers dominate the gradient descent and LP-based formulations. We conclude with suggestions for the machine learning community to make progress on program synthesis.']"
180,35,180_tensorflow_deep learning_frameworks_library,"['tensorflow', 'deep learning', 'frameworks', 'library', 'pytorch', 'python', 'deep', 'machine learning', 'hardware', 'gpu']","['PyTorch: An Imperative Style, High-Performance Deep Learning Library. Deep learning frameworks have often focused on either usability or speed, but not both. PyTorch is a machine learning library that shows that these two goals are in fact compatible: it provides an imperative and Pythonic programming style that supports code as a model, makes debugging easy and is consistent with other popular scientific computing libraries, while remaining efficient and supporting hardware accelerators such as GPUs.\n  In this paper, we detail the principles that drove the implementation of PyTorch and how they are reflected in its architecture. We emphasize that every aspect of PyTorch is a regular Python program under the full control of its user. We also explain how the careful and pragmatic implementation of the key components of its runtime enables them to work together to achieve compelling performance.\n  We demonstrate the efficiency of individual subsystems, as well as the overall speed of PyTorch on several common benchmarks.', 'TensorFlow.js: Machine Learning for the Web and Beyond. TensorFlow.js is a library for building and executing machine learning algorithms in JavaScript. TensorFlow.js models run in a web browser and in the Node.js environment. The library is part of the TensorFlow ecosystem, providing a set of APIs that are compatible with those in Python, allowing models to be ported between the Python and JavaScript ecosystems. TensorFlow.js has empowered a new set of developers from the extensive JavaScript community to build and deploy machine learning models and enabled new classes of on-device computation. This paper describes the design, API, and implementation of TensorFlow.js, and highlights some of the impactful use cases.', 'A Tour of TensorFlow. Deep learning is a branch of artificial intelligence employing deep neural network architectures that has significantly advanced the state-of-the-art in computer vision, speech recognition, natural language processing and other domains. In November 2015, Google released $\\textit{TensorFlow}$, an open source deep learning software library for defining, training and deploying machine learning models. In this paper, we review TensorFlow and put it in context of modern deep learning concepts and software. We discuss its basic computational paradigms and distributed execution model, its programming interface as well as accompanying visualization toolkits. We then compare TensorFlow to alternative libraries such as Theano, Torch or Caffe on a qualitative as well as quantitative basis and finally comment on observed use-cases of TensorFlow in academia and industry.']"
181,35,181_sentence_embeddings_tasks_multitask,"['sentence', 'embeddings', 'tasks', 'multitask', 'multitask learning', 'sentence representations', 'representations', 'sentence embeddings', 'nlp', 'nlp tasks']","['Unsupervised Learning of Sentence Representations Using Sequence Consistency. Computing universal distributed representations of sentences is a fundamental task in natural language processing. We propose ConsSent, a simple yet surprisingly powerful unsupervised method to learn such representations by enforcing consistency constraints on sequences of tokens. We consider two classes of such constraints -- sequences that form a sentence and between two sequences that form a sentence when merged. We learn sentence encoders by training them to distinguish between consistent and inconsistent examples, the latter being generated by randomly perturbing consistent examples in six different ways. Extensive evaluation on several transfer learning and linguistic probing tasks shows improved performance over strong unsupervised and supervised baselines, substantially surpassing them in several cases. Our best results are achieved by training sentence encoders in a multitask setting and by an ensemble of encoders trained on the individual tasks.', 'Multi-task Learning for Universal Sentence Embeddings: A Thorough Evaluation using Transfer and Auxiliary Tasks. Learning distributed sentence representations is one of the key challenges in natural language processing. Previous work demonstrated that a recurrent neural network (RNNs) based sentence encoder trained on a large collection of annotated natural language inference data, is efficient in the transfer learning to facilitate other related tasks. In this paper, we show that joint learning of multiple tasks results in better generalizable sentence representations by conducting extensive experiments and analysis comparing the multi-task and single-task learned sentence encoders. The quantitative analysis using auxiliary tasks show that multi-task learning helps to embed better semantic information in the sentence representations compared to single-task learning. In addition, we compare multi-task sentence encoders with contextualized word representations and show that combining both of them can further boost the performance of transfer learning.', ""Sentence Embeddings in NLI with Iterative Refinement Encoders. Sentence-level representations are necessary for various NLP tasks. Recurrent neural networks have proven to be very effective in learning distributed representations and can be trained efficiently on natural language inference tasks. We build on top of one such model and propose a hierarchy of BiLSTM and max pooling layers that implements an iterative refinement strategy and yields state of the art results on the SciTail dataset as well as strong results for SNLI and MultiNLI. We can show that the sentence embeddings learned in this way can be utilized in a wide variety of transfer learning tasks, outperforming InferSent on 7 out of 10 and SkipThought on 8 out of 9 SentEval sentence embedding evaluation tasks. Furthermore, our model beats the InferSent model in 8 out of 10 recently published SentEval probing tasks designed to evaluate sentence embeddings' ability to capture some of the important linguistic properties of sentences.""]"
182,35,182_finegrained_finegrained image_classification_discriminative,"['finegrained', 'finegrained image', 'classification', 'discriminative', 'parts', 'attention', 'finegrained classification', 'bilinear', 'finegrained visual', 'subtle']","['Diversified Visual Attention Networks for Fine-Grained Object Classification. Fine-grained object classification is a challenging task due to the subtle inter-class difference and large intra-class variation. Recently, visual attention models have been applied to automatically localize the discriminative regions of an image for better capturing critical difference and demonstrated promising performance. However, without consideration of the diversity in attention process, most of existing attention models perform poorly in classifying fine-grained objects. In this paper, we propose a diversified visual attention network (DVAN) to address the problems of fine-grained object classification, which substan- tially relieves the dependency on strongly-supervised information for learning to localize discriminative regions compared with attentionless models. More importantly, DVAN explicitly pursues the diversity of attention and is able to gather discriminative information to the maximal extent. Multiple attention canvases are generated to extract convolutional features for attention. An LSTM recurrent unit is employed to learn the attentiveness and discrimination of attention canvases. The proposed DVAN has the ability to attend the object from coarse to fine granularity, and a dynamic internal representation for classification is built up by incrementally combining the information from different locations and scales of the image. Extensive experiments con- ducted on CUB-2011, Stanford Dogs and Stanford Cars datasets have demonstrated that the proposed diversified visual attention networks achieve competitive performance compared to the state- of-the-art approaches, without using any prior knowledge, user interaction or external resource in training or testing.', 'Object-Part Attention Model for Fine-grained Image Classification. Fine-grained image classification is to recognize hundreds of subcategories belonging to the same basic-level category, such as 200 subcategories belonging to the bird, which is highly challenging due to large variance in the same subcategory and small variance among different subcategories. Existing methods generally first locate the objects or parts and then discriminate which subcategory the image belongs to. However, they mainly have two limitations: (1) Relying on object or part annotations which are heavily labor consuming. (2) Ignoring the spatial relationships between the object and its parts as well as among these parts, both of which are significantly helpful for finding discriminative parts. Therefore, this paper proposes the object-part attention model (OPAM) for weakly supervised fine-grained image classification, and the main novelties are: (1) Object-part attention model integrates two level attentions: object-level attention localizes objects of images, and part-level attention selects discriminative parts of object. Both are jointly employed to learn multi-view and multi-scale features to enhance their mutual promotions. (2) Object-part spatial constraint model combines two spatial constraints: object spatial constraint ensures selected parts highly representative, and part spatial constraint eliminates redundancy and enhances discrimination of selected parts. Both are jointly employed to exploit the subtle and local differences for distinguishing the subcategories. Importantly, neither object nor part annotations are used in our proposed approach, which avoids the heavy labor consumption of labeling. Comparing with more than 10 state-of-the-art methods on 4 widely-used datasets, our OPAM approach achieves the best performance.', 'Fast Fine-grained Image Classification via Weakly Supervised Discriminative Localization. Fine-grained image classification is to recognize hundreds of subcategories in each basic-level category. Existing methods employ discriminative localization to find the key distinctions among subcategories. However, they generally have two limitations: (1) Discriminative localization relies on region proposal methods to hypothesize the locations of discriminative regions, which are time-consuming. (2) The training of discriminative localization depends on object or part annotations, which are heavily labor-consuming. It is highly challenging to address the two key limitations simultaneously, and existing methods only focus on one of them. Therefore, we propose a weakly supervised discriminative localization approach (WSDL) for fast fine-grained image classification to address the two limitations at the same time, and its main advantages are: (1) n-pathway end-to-end discriminative localization network is designed to improve classification speed, which simultaneously localizes multiple different discriminative regions for one image to boost classification accuracy, and shares full-image convolutional features generated by region proposal network to accelerate the process of generating region proposals as well as reduce the computation of convolutional operation. (2) Multi-level attention guided localization learning is proposed to localize discriminative regions with different focuses automatically, without using object and part annotations, avoiding the labor consumption. Different level attentions focus on different characteristics of the image, which are complementary and boost the classification accuracy. Both are jointly employed to simultaneously improve classification speed and eliminate dependence on object and part annotations. Compared with state-of-the-art methods on 2 widely-used fine-grained image classification datasets, our WSDL approach achieves the best performance.']"
183,34,183_clinical_patient_notes_medical,"['clinical', 'patient', 'notes', 'medical', 'codes', 'ehr', 'health', 'clinical notes', 'records', 'patients']","['Multi-label natural language processing to identify diagnosis and procedure codes from MIMIC-III inpatient notes. In the United States, 25% or greater than 200 billion dollars of hospital spending accounts for administrative costs that involve services for medical coding and billing. With the increasing number of patient records, manual assignment of the codes performed is overwhelming, time-consuming and error-prone, causing billing errors. Natural language processing can automate the extraction of codes/labels from unstructured clinical notes, which can aid human coders to save time, increase productivity, and verify medical coding errors. Our objective is to identify appropriate diagnosis and procedure codes from clinical notes by performing multi-label classification. We used de-identified data of critical care patients from the MIMIC-III database and subset the data to select the ten (top-10) and fifty (top-50) most common diagnoses and procedures, which covers 47.45% and 74.12% of all admissions respectively. We implemented state-of-the-art Bidirectional Encoder Representations from Transformers (BERT) to fine-tune the language model on 80% of the data and validated on the remaining 20%. The model achieved an overall accuracy of 87.08%, an F1 score of 85.82%, and an AUC of 91.76% for top-10 codes. For the top-50 codes, our model achieved an overall accuracy of 93.76%, an F1 score of 92.24%, and AUC of 91%. When compared to previously published research, our model outperforms in predicting codes from the clinical text. We discuss approaches to generalize the knowledge discovery process of our MIMIC-BERT to other clinical notes. This can help human coders to save time, prevent backlogs, and additional costs due to coding errors.', 'DeepEnroll: Patient-Trial Matching with Deep Embedding and Entailment Prediction. Clinical trials are essential for drug development but often suffer from expensive, inaccurate and insufficient patient recruitment. The core problem of patient-trial matching is to find qualified patients for a trial, where patient information is stored in electronic health records (EHR) while trial eligibility criteria (EC) are described in text documents available on the web. How to represent longitudinal patient EHR? How to extract complex logical rules from EC? Most existing works rely on manual rule-based extraction, which is time consuming and inflexible for complex inference. To address these challenges, we proposed DeepEnroll, a cross-modal inference learning model to jointly encode enrollment criteria (text) and patients records (tabular data) into a shared latent space for matching inference. DeepEnroll applies a pre-trained Bidirectional Encoder Representations from Transformers(BERT) model to encode clinical trial information into sentence embedding. And uses a hierarchical embedding model to represent patient longitudinal EHR. In addition, DeepEnroll is augmented by a numerical information embedding and entailment module to reason over numerical information in both EC and EHR. These encoders are trained jointly to optimize patient-trial matching score. We evaluated DeepEnroll on the trial-patient matching task with demonstrated on real world datasets. DeepEnroll outperformed the best baseline by up to 12.4% in average F1.', 'DeepTag: inferring all-cause diagnoses from clinical notes in under-resourced medical domain. Large scale veterinary clinical records can become a powerful resource for patient care and research. However, clinicians lack the time and resource to annotate patient records with standard medical diagnostic codes and most veterinary visits are captured in free text notes. The lack of standard coding makes it challenging to use the clinical data to improve patient care. It is also a major impediment to cross-species translational research, which relies on the ability to accurately identify patient cohorts with specific diagnostic criteria in humans and animals. In order to reduce the coding burden for veterinary clinical practice and aid translational research, we have developed a deep learning algorithm, DeepTag, which automatically infers diagnostic codes from veterinary free text notes. DeepTag is trained on a newly curated dataset of 112,558 veterinary notes manually annotated by experts. DeepTag extends multi-task LSTM with an improved hierarchical objective that captures the semantic structures between diseases. To foster human-machine collaboration, DeepTag also learns to abstain in examples when it is uncertain and defers them to human experts, resulting in improved performance. DeepTag accurately infers disease codes from free text even in challenging cross-hospital settings where the text comes from different clinical settings than the ones used for training. It enables automated disease annotation across a broad range of clinical diagnoses with minimal pre-processing. The technical framework in this work can be applied in other medical domains that currently lack medical coding resources.']"
184,34,184_metric_metric learning_deep metric_distance,"['metric', 'metric learning', 'deep metric', 'distance', 'loss', 'embedding', 'similarity', 'dml', 'distance metric', 'emd']","['Symmetrical Synthesis for Deep Metric Learning. Deep metric learning aims to learn embeddings that contain semantic similarity information among data points. To learn better embeddings, methods to generate synthetic hard samples have been proposed. Existing methods of synthetic hard sample generation are adopting autoencoders or generative adversarial networks, but this leads to more hyper-parameters, harder optimization, and slower training speed. In this paper, we address these problems by proposing a novel method of synthetic hard sample generation called symmetrical synthesis. Given two original feature points from the same class, the proposed method firstly generates synthetic points with each other as an axis of symmetry. Secondly, it performs hard negative pair mining within the original and synthetic points to select a more informative negative pair for computing the metric learning loss. Our proposed method is hyper-parameter free and plug-and-play for existing metric learning losses without network modification. We demonstrate the superiority of our proposed method over existing methods for a variety of loss functions on clustering and image retrieval tasks. Our implementations is publicly available.', 'Embedding Expansion: Augmentation in Embedding Space for Deep Metric Learning. Learning the distance metric between pairs of samples has been studied for image retrieval and clustering. With the remarkable success of pair-based metric learning losses, recent works have proposed the use of generated synthetic points on metric learning losses for augmentation and generalization. However, these methods require additional generative networks along with the main network, which can lead to a larger model size, slower training speed, and harder optimization. Meanwhile, post-processing techniques, such as query expansion and database augmentation, have proposed the combination of feature points to obtain additional semantic information. In this paper, inspired by query expansion and database augmentation, we propose an augmentation method in an embedding space for pair-based metric learning losses, called embedding expansion. The proposed method generates synthetic points containing augmented information by a combination of feature points and performs hard negative pair mining to learn with the most informative feature representations. Because of its simplicity and flexibility, it can be used for existing metric learning losses without affecting model size, training speed, or optimization difficulty. Finally, the combination of embedding expansion and representative metric learning losses outperforms the state-of-the-art losses and previous sample generation methods in both image retrieval and clustering tasks. The implementation is publicly available.', 'Signal-to-Noise Ratio: A Robust Distance Metric for Deep Metric Learning. Deep metric learning, which learns discriminative features to process image clustering and retrieval tasks, has attracted extensive attention in recent years. A number of deep metric learning methods, which ensure that similar examples are mapped close to each other and dissimilar examples are mapped farther apart, have been proposed to construct effective structures for loss functions and have shown promising results. In this paper, different from the approaches on learning the loss structures, we propose a robust SNR distance metric based on Signal-to-Noise Ratio (SNR) for measuring the similarity of image pairs for deep metric learning. By exploring the properties of our SNR distance metric from the view of geometry space and statistical theory, we analyze the properties of our metric and show that it can preserve the semantic similarity between image pairs, which well justify its suitability for deep metric learning. Compared with Euclidean distance metric, our SNR distance metric can further jointly reduce the intra-class distances and enlarge the inter-class distances for learned features. Leveraging our SNR distance metric, we propose Deep SNR-based Metric Learning (DSML) to generate discriminative feature embeddings. By extensive experiments on three widely adopted benchmarks, including CARS196, CUB200-2011 and CIFAR10, our DSML has shown its superiority over other state-of-the-art methods. Additionally, we extend our SNR distance metric to deep hashing learning, and conduct experiments on two benchmarks, including CIFAR10 and NUS-WIDE, to demonstrate the effectiveness and generality of our SNR distance metric.']"
185,34,185_translation_machine translation_smt_indian,"['translation', 'machine translation', 'smt', 'indian', 'statistical machine', 'machine', 'english', 'mt', 'statistical', 'hindi']","['Bilingual Words and Phrase Mappings for Marathi and Hindi SMT. Lack of proper linguistic resources is the major challenges faced by the Machine Translation system developments when dealing with the resource poor languages. In this paper, we describe effective ways to utilize the lexical resources to improve the quality of statistical machine translation. Our research on the usage of lexical resources mainly focused on two ways, such as; augmenting the parallel corpus with more vocabulary and to provide various word forms. We have augmented the training corpus with various lexical resources such as lexical words, function words, kridanta pairs and verb phrases. We have described the case studies, evaluations and detailed error analysis for both Marathi to Hindi and Hindi to Marathi machine translation systems. From the evaluations we observed that, there is an incremental growth in the quality of machine translation as the usage of various lexical resources increases. Moreover, usage of various lexical resources helps to improve the coverage and quality of machine translation where limited parallel corpus is available.', 'Phrase Pair Mappings for Hindi-English Statistical Machine Translation. In this paper, we present our work on the creation of lexical resources for the Machine Translation between English and Hindi. We describes the development of phrase pair mappings for our experiments and the comparative performance evaluation between different trained models on top of the baseline Statistical Machine Translation system. We focused on augmenting the parallel corpus with more vocabulary as well as with various inflected forms by exploring different ways. We have augmented the training corpus with various lexical resources such as lexical words, synset words, function words and verb phrases. We have described the case studies, automatic and subjective evaluations, detailed error analysis for both the English to Hindi and Hindi to English machine translation systems. We further analyzed that, there is an incremental growth in the quality of machine translation with the usage of various lexical resources. Thus lexical resources do help uplift the translation quality of resource poor langugaes.', 'Statistical Vs Rule Based Machine Translation; A Case Study on Indian Language Perspective. In this paper we present our work on a case study between Statistical Machien Transaltion (SMT) and Rule-Based Machine Translation (RBMT) systems on English-Indian langugae and Indian to Indian langugae perspective. Main objective of our study is to make a five way performance compariosn; such as, a) SMT and RBMT b) SMT on English-Indian langugae c) RBMT on English-Indian langugae d) SMT on Indian to Indian langugae perspective e) RBMT on Indian to Indian langugae perspective. Through a detailed analysis we describe the Rule Based and the Statistical Machine Translation system developments and its evaluations. Through a detailed error analysis, we point out the relative strengths and weaknesses of both systems. The observations based on our study are: a) SMT systems outperforms RBMT b) In the case of SMT, English to Indian language MT systmes performs better than Indian to English langugae MT systems c) In the case of RBMT, English to Indian langugae MT systems perofrms better than Indian to Englsih Language MT systems d) SMT systems performs better for Indian to Indian language MT systems compared to RBMT. Effectively, we shall see that even with a small amount of training corpus a statistical machine translation system has many advantages for high quality domain specific machine translation over that of a rule-based counterpart.']"
186,34,186_activity_activity recognition_human activity_activities,"['activity', 'activity recognition', 'human activity', 'activities', 'recognition', 'wearable', 'human', 'sensor', 'sleep', 'sensors']","['Impact of Physical Activity on Sleep:A Deep Learning Based Exploration. The importance of sleep is paramount for maintaining physical, emotional and mental wellbeing. Though the relationship between sleep and physical activity is known to be important, it is not yet fully understood. The explosion in popularity of actigraphy and wearable devices, provides a unique opportunity to understand this relationship. Leveraging this information source requires new tools to be developed to facilitate data-driven research for sleep and activity patient-recommendations.\n  In this paper we explore the use of deep learning to build sleep quality prediction models based on actigraphy data. We first use deep learning as a pure model building device by performing human activity recognition (HAR) on raw sensor data, and using deep learning to build sleep prediction models. We compare the deep learning models with those build using classical approaches, i.e. logistic regression, support vector machines, random forest and adaboost. Secondly, we employ the advantage of deep learning with its ability to handle high dimensional datasets. We explore several deep learning models on the raw wearable sensor output without performing HAR or any other feature extraction.\n  Our results show that using a convolutional neural network on the raw wearables output improves the predictive value of sleep quality from physical activity, by an additional 8% compared to state-of-the-art non-deep learning approaches, which itself shows a 15% improvement over current practice. Moreover, utilizing deep learning on raw data eliminates the need for data pre-processing and simplifies the overall workflow to analyze actigraphy data for sleep and physical activity research.', 'Robust Automated Human Activity Recognition and its Application to Sleep Research. Human Activity Recognition (HAR) is a powerful tool for understanding human behaviour. Applying HAR to wearable sensors can provide new insights by enriching the feature set in health studies, and enhance the personalisation and effectiveness of health, wellness, and fitness applications. Wearable devices provide an unobtrusive platform for user monitoring, and due to their increasing market penetration, feel intrinsic to the wearer. The integration of these devices in daily life provide a unique opportunity for understanding human health and wellbeing. This is referred to as the ""quantified self"" movement. The analyses of complex health behaviours such as sleep, traditionally require a time-consuming manual interpretation by experts. This manual work is necessary due to the erratic periodicity and persistent noisiness of human behaviour. In this paper, we present a robust automated human activity recognition algorithm, which we call RAHAR. We test our algorithm in the application area of sleep research by providing a novel framework for evaluating sleep quality and examining the correlation between the aforementioned and an individual\'s physical activity. Our results improve the state-of-the-art procedure in sleep research by 15 percent for area under ROC and by 30 percent for F1 score on average. However, application of RAHAR is not limited to sleep analysis and can be used for understanding other health problems such as obesity, diabetes, and cardiac diseases.', 'IMUTube: Automatic Extraction of Virtual on-body Accelerometry from Video for Human Activity Recognition. The lack of large-scale, labeled data sets impedes progress in developing robust and generalized predictive models for on-body sensor-based human activity recognition (HAR). Labeled data in human activity recognition is scarce and hard to come by, as sensor data collection is expensive, and the annotation is time-consuming and error-prone. To address this problem, we introduce IMUTube, an automated processing pipeline that integrates existing computer vision and signal processing techniques to convert videos of human activity into virtual streams of IMU data. These virtual IMU streams represent accelerometry at a wide variety of locations on the human body. We show how the virtually-generated IMU data improves the performance of a variety of models on known HAR datasets. Our initial results are very promising, but the greater promise of this work lies in a collective approach by the computer vision, signal processing, and activity recognition communities to extend this work in ways that we outline. This should lead to on-body, sensor-based HAR becoming yet another success story in large-dataset breakthroughs in recognition.']"
187,34,187_twitter_crisis_social_slang,"['twitter', 'crisis', 'social', 'slang', 'tweets', 'urban dictionary', 'social media', 'media', 'urban', 'dictionary']","['Applications of Online Deep Learning for Crisis Response Using Social Media Information. During natural or man-made disasters, humanitarian response organizations look for useful information to support their decision-making processes. Social media platforms such as Twitter have been considered as a vital source of useful information for disaster response and management. Despite advances in natural language processing techniques, processing short and informal Twitter messages is a challenging task. In this paper, we propose to use Deep Neural Network (DNN) to address two types of information needs of response organizations: 1) identifying informative tweets and 2) classifying them into topical classes. DNNs use distributed representation of words and learn the representation as well as higher level features automatically for the classification task. We propose a new online algorithm based on stochastic gradient descent to train DNNs in an online fashion during disaster situations. We test our models using a crisis-related real-world Twitter dataset.', 'CrisisBERT: a Robust Transformer for Crisis Classification and Contextual Crisis Embedding. Classification of crisis events, such as natural disasters, terrorist attacks and pandemics, is a crucial task to create early signals and inform relevant parties for spontaneous actions to reduce overall damage. Despite crisis such as natural disasters can be predicted by professional institutions, certain events are first signaled by civilians, such as the recent COVID-19 pandemics. Social media platforms such as Twitter often exposes firsthand signals on such crises through high volume information exchange over half a billion tweets posted daily. Prior works proposed various crisis embeddings and classification using conventional Machine Learning and Neural Network models. However, none of the works perform crisis embedding and classification using state of the art attention-based deep neural networks models, such as Transformers and document-level contextual embeddings. This work proposes CrisisBERT, an end-to-end transformer-based model for two crisis classification tasks, namely crisis detection and crisis recognition, which shows promising results across accuracy and f1 scores. The proposed model also demonstrates superior robustness over benchmark, as it shows marginal performance compromise while extending from 6 to 36 events with only 51.4% additional data points. We also proposed Crisis2Vec, an attention-based, document-level contextual embedding architecture for crisis embedding, which achieve better performance than conventional crisis embedding methods such as Word2Vec and GloVe. To the best of our knowledge, our works are first to propose using transformer-based crisis classification and document-level contextual crisis embedding in the literature.', 'Analyzing Temporal Relationships between Trending Terms on Twitter and Urban Dictionary Activity. As an online, crowd-sourced, open English-language slang dictionary, the Urban Dictionary platform contains a wealth of opinions, jokes, and definitions of terms, phrases, acronyms, and more. However, it is unclear exactly how activity on this platform relates to larger conversations happening elsewhere on the web, such as discussions on larger, more popular social media platforms. In this research, we study the temporal activity trends on Urban Dictionary and provide the first analysis of how this activity relates to content being discussed on a major social network: Twitter. By collecting the whole of Urban Dictionary, as well as a large sample of tweets over seven years, we explore the connections between the words and phrases that are defined and searched for on Urban Dictionary and the content that is talked about on Twitter. Through a series of cross-correlation calculations, we identify cases in which Urban Dictionary activity closely reflects the larger conversation happening on Twitter. Then, we analyze the types of terms that have a stronger connection to discussions on Twitter, finding that Urban Dictionary activity that is positively correlated with Twitter is centered around terms related to memes, popular public figures, and offline events. Finally, We explore the relationship between periods of time when terms are trending on Twitter and the corresponding activity on Urban Dictionary, revealing that new definitions are more likely to be added to Urban Dictionary for terms that are currently trending on Twitter.']"
188,32,188_bayesian_bayesian network_bayesian networks_structure learning,"['bayesian', 'bayesian network', 'bayesian networks', 'structure learning', 'structure', 'learning bayesian', 'variables', 'algorithm', 'learning structure', 'bns']","['Finding All Bayesian Network Structures within a Factor of Optimal. A Bayesian network is a widely used probabilistic graphical model with applications in knowledge discovery and prediction. Learning a Bayesian network (BN) from data can be cast as an optimization problem using the well-known score-and-search approach. However, selecting a single model (i.e., the best scoring BN) can be misleading or may not achieve the best possible accuracy. An alternative to committing to a single model is to perform some form of Bayesian or frequentist model averaging, where the space of possible BNs is sampled or enumerated in some fashion. Unfortunately, existing approaches for model averaging either severely restrict the structure of the Bayesian network or have only been shown to scale to networks with fewer than 30 random variables. In this paper, we propose a novel approach to model averaging inspired by performance guarantees in approximation algorithms. Our approach has two primary advantages. First, our approach only considers credible models in that they are optimal or near-optimal in score. Second, our approach is more efficient and scales to significantly larger Bayesian networks than existing approaches.', 'Learning discrete Bayesian networks in polynomial time and sample complexity. In this paper, we study the problem of structure learning for Bayesian networks in which nodes take discrete values. The problem is NP-hard in general but we show that under certain conditions we can recover the true structure of a Bayesian network with sufficient number of samples. We develop a mathematical model which does not assume any specific conditional probability distributions for the nodes. We use a primal-dual witness construction to prove that, under some technical conditions on the interaction between node pairs, we can do exact recovery of the parents and children of a node by performing group l_12-regularized multivariate regression. Thus, we recover the true Bayesian network structure. If degree of a node is bounded then the sample complexity of our proposed approach grows logarithmically with respect to the number of nodes in the Bayesian network. Furthermore, our method runs in polynomial time.', 'Learning Bayesian Networks with Incomplete Data by Augmentation. We present new algorithms for learning Bayesian networks from data with missing values using a data augmentation approach. An exact Bayesian network learning algorithm is obtained by recasting the problem into a standard Bayesian network learning problem without missing data. To the best of our knowledge, this is the first exact algorithm for this problem. As expected, the exact algorithm does not scale to large domains. We build on the exact method to create an approximate algorithm using a hill-climbing technique. This algorithm scales to large domains so long as a suitable standard structure learning method for complete data is available. We perform a wide range of experiments to demonstrate the benefits of learning Bayesian networks with such new approach.']"
189,32,189_ranking_rankings_items_preference,"['ranking', 'rankings', 'items', 'preference', 'rank', 'comparisons', 'preferences', 'learning rank', 'pairwise', 'consensus']","[""Ranking to Learn and Learning to Rank: On the Role of Ranking in Pattern Recognition Applications. The last decade has seen a revolution in the theory and application of machine learning and pattern recognition. Through these advancements, variable ranking has emerged as an active and growing research area and it is now beginning to be applied to many new problems. The rationale behind this fact is that many pattern recognition problems are by nature ranking problems. The main objective of a ranking algorithm is to sort objects according to some criteria, so that, the most relevant items will appear early in the produced result list. Ranking methods can be analyzed from two different methodological perspectives: ranking to learn and learning to rank. The former aims at studying methods and techniques to sort objects for improving the accuracy of a machine learning model. Enhancing a model performance can be challenging at times. For example, in pattern classification tasks, different data representations can complicate and hide the different explanatory factors of variation behind the data. In particular, hand-crafted features contain many cues that are either redundant or irrelevant, which turn out to reduce the overall accuracy of the classifier. In such a case feature selection is used, that, by producing ranked lists of features, helps to filter out the unwanted information. Moreover, in real-time systems (e.g., visual trackers) ranking approaches are used as optimization procedures which improve the robustness of the system that deals with the high variability of the image streams that change over time. The other way around, learning to rank is necessary in the construction of ranking models for information retrieval, biometric authentication, re-identification, and recommender systems. In this context, the ranking model's purpose is to sort objects according to their degrees of relevance, importance, or preference as defined in the specific application."", 'Approximate Ranking from Pairwise Comparisons. A common problem in machine learning is to rank a set of n items based on pairwise comparisons. Here ranking refers to partitioning the items into sets of pre-specified sizes according to their scores, which includes identification of the top-k items as the most prominent special case. The score of a given item is defined as the probability that it beats a randomly chosen other item. Finding an exact ranking typically requires a prohibitively large number of comparisons, but in practice, approximate rankings are often adequate. Accordingly, we study the problem of finding approximate rankings from pairwise comparisons. We analyze an active ranking algorithm that counts the number of comparisons won, and decides whether to stop or which pair of items to compare next, based on confidence intervals computed from the data collected in previous steps. We show that this algorithm succeeds in recovering approximate rankings using a number of comparisons that is close to optimal up to logarithmic factors. We also present numerical results, showing that in practice, approximation can drastically reduce the number of comparisons required to estimate a ranking.', ""Active Ranking from Pairwise Comparisons and when Parametric Assumptions Don't Help. We consider sequential or active ranking of a set of n items based on noisy pairwise comparisons. Items are ranked according to the probability that a given item beats a randomly chosen item, and ranking refers to partitioning the items into sets of pre-specified sizes according to their scores. This notion of ranking includes as special cases the identification of the top-k items and the total ordering of the items. We first analyze a sequential ranking algorithm that counts the number of comparisons won, and uses these counts to decide whether to stop, or to compare another pair of items, chosen based on confidence intervals specified by the data collected up to that point. We prove that this algorithm succeeds in recovering the ranking using a number of comparisons that is optimal up to logarithmic factors. This guarantee does not require any structural properties of the underlying pairwise probability matrix, unlike a significant body of past work on pairwise ranking based on parametric models such as the Thurstone or Bradley-Terry-Luce models. It has been a long-standing open question as to whether or not imposing these parametric assumptions allows for improved ranking algorithms. For stochastic comparison models, in which the pairwise probabilities are bounded away from zero, our second contribution is to resolve this issue by proving a lower bound for parametric models. This shows, perhaps surprisingly, that these popular parametric modeling choices offer at most logarithmic gains for stochastic comparisons.""]"
190,32,190_legal_court_legal domain_documents,"['legal', 'court', 'legal domain', 'documents', 'law', 'judgment', 'legal documents', 'case', 'supreme', 'ruling']","['Shift-of-Perspective Identification Within Legal Cases. Arguments, counter-arguments, facts, and evidence obtained via documents related to previous court cases are of essential need for legal professionals. Therefore, the process of automatic information extraction from documents containing legal opinions related to court cases can be considered to be of significant importance. This study is focused on the identification of sentences in legal opinion texts which convey different perspectives on a certain topic or entity. We combined several approaches based on semantic analysis, open information extraction, and sentiment analysis to achieve our objective. Then, our methodology was evaluated with the help of human judges. The outcomes of the evaluation demonstrate that our system is successful in detecting situations where two sentences deliver different opinions on the same topic or entity. The proposed methodology can be used to facilitate other information extraction tasks related to the legal domain. One such task is the automated detection of counter arguments for a given argument. Another is the identification of opponent parties in a court case.', 'A Dataset of German Legal Documents for Named Entity Recognition. We describe a dataset developed for Named Entity Recognition in German federal court decisions. It consists of approx. 67,000 sentences with over 2 million tokens. The resource contains 54,000 manually annotated entities, mapped to 19 fine-grained semantic classes: person, judge, lawyer, country, city, street, landscape, organization, company, institution, court, brand, law, ordinance, European legal norm, regulation, contract, court decision, and legal literature. The legal documents were, furthermore, automatically annotated with more than 35,000 TimeML-based time expressions. The dataset, which is available under a CC-BY 4.0 license in the CoNNL-2002 format, was developed for training an NER service for German legal documents in the EU project Lynx.', 'How Does NLP Benefit Legal System: A Summary of Legal Artificial Intelligence. Legal Artificial Intelligence (LegalAI) focuses on applying the technology of artificial intelligence, especially natural language processing, to benefit tasks in the legal domain. In recent years, LegalAI has drawn increasing attention rapidly from both AI researchers and legal professionals, as LegalAI is beneficial to the legal system for liberating legal professionals from a maze of paperwork. Legal professionals often think about how to solve tasks from rule-based and symbol-based methods, while NLP researchers concentrate more on data-driven and embedding methods. In this paper, we introduce the history, the current state, and the future directions of research in LegalAI. We illustrate the tasks from the perspectives of legal professionals and NLP researchers and show several representative applications in LegalAI. We conduct experiments and provide an in-depth analysis of the advantages and disadvantages of existing works to explore possible future directions. You can find the implementation of our work from https://github.com/thunlp/CLAIM.']"
191,32,191_coreference_coreference resolution_resolution_mention,"['coreference', 'coreference resolution', 'resolution', 'mention', 'mentions', 'mention detection', 'event coreference', 'event', 'pronoun', 'entity']","['Neural Mention Detection. Mention detection is an important preprocessing step for annotation and interpretation in applications such as NER and coreference resolution, but few stand-alone neural models have been proposed able to handle the full range of mentions. In this work, we propose and compare three neural network-based approaches to mention detection. The first approach is based on the mention detection part of a state of the art coreference resolution system; the second uses ELMO embeddings together with a bidirectional LSTM and a biaffine classifier; the third approach uses the recently introduced BERT model. Our best model (using a biaffine classifier) achieves gains of up to 1.8 percentage points on mention recall when compared with a strong baseline in a HIGH RECALL coreference annotation setting. The same model achieves improvements of up to 5.3 and 6.2 p.p. when compared with the best-reported mention detection F1 on the CONLL and CRAC coreference data sets respectively in a HIGH F1 annotation setting. We then evaluate our models for coreference resolution by using mentions predicted by our best model in start-of-the-art coreference systems. The enhanced model achieved absolute improvements of up to 1.7 and 0.7 p.p. when compared with our strong baseline systems (pipeline system and end-to-end system) respectively. For nested NER, the evaluation of our model on the GENIA corpora shows that our model matches or outperforms state-of-the-art models despite not being specifically designed for this task.', 'Named Person Coreference in English News. People are often entities of interest in tasks such as search and information extraction. In these tasks, the goal is to find as much information as possible about people specified by their name. However in text, some of the references to people are by pronouns (she, his) or generic descriptions (the professor, the German chancellor). It is therefore important that coreference resolution systems are able to link these different types of mentions to the correct person name. Here, we evaluate two state of the art coreference resolution systems on the subtask of Named Person Coreference, in which we are interested in identifying a person mentioned by name, along with all other mentions of the person, by pronoun or generic noun phrase. Our analysis reveals that standard coreference metrics do not reflect adequately the requirements in this task: they do not penalize systems for not identifying any mentions by name and they reward systems even if systems find correctly mentions to the same entity but fail to link these to a proper name (she--the student---no name). We introduce new metrics for evaluating named person coreference that address these discrepancies. We present a simple rule-based named entity recognition driven system, which outperforms the current state-of-the-art systems on these task-specific metrics and performs on par with them on traditional coreference evaluations. Finally, we present similar evaluation for coreference resolution of other named entities and show that the rule-based approach is effective only for person named coreference, not other named entity types.', 'Marmara Turkish Coreference Corpus and Coreference Resolution Baseline. We describe the Marmara Turkish Coreference Corpus, which is an annotation of the whole METU-Sabanci Turkish Treebank with mentions and coreference chains. Collecting eight or more independent annotations for each document allowed for fully automatic adjudication. We provide a baseline system for Turkish mention detection and coreference resolution and evaluate it on the corpus.']"
192,31,192_latent_text generation_variational_text,"['latent', 'text generation', 'variational', 'text', 'vae', 'generation', 'vaes', 'autoencoder', 'variational autoencoder', 'latent space']","['Dispersed Exponential Family Mixture VAEs for Interpretable Text Generation. Deep generative models are commonly used for generating images and text. Interpretability of these models is one important pursuit, other than the generation quality. Variational auto-encoder (VAE) with Gaussian distribution as prior has been successfully applied in text generation, but it is hard to interpret the meaning of the latent variable. To enhance the controllability and interpretability, one can replace the Gaussian prior with a mixture of Gaussian distributions (GM-VAE), whose mixture components could be related to hidden semantic aspects of data. In this paper, we generalize the practice and introduce DEM-VAE, a class of models for text generation using VAEs with a mixture distribution of exponential family. Unfortunately, a standard variational training algorithm fails due to the mode-collapse problem. We theoretically identify the root cause of the problem and propose an effective algorithm to train DEM-VAE. Our method penalizes the training with an extra dispersion term to induce a well-structured latent space. Experimental results show that our approach does obtain a meaningful space, and it outperforms strong baselines in text generation benchmarks. The code is available at https://github.com/wenxianxian/demvae.', 'A Stable Variational Autoencoder for Text Modelling. Variational Autoencoder (VAE) is a powerful method for learning representations of high-dimensional data. However, VAEs can suffer from an issue known as latent variable collapse (or KL loss vanishing), where the posterior collapses to the prior and the model will ignore the latent codes in generative tasks. Such an issue is particularly prevalent when employing VAE-RNN architectures for text modelling (Bowman et al., 2016). In this paper, we present a simple architecture called holistic regularisation VAE (HR-VAE), which can effectively avoid latent variable collapse. Compared to existing VAE-RNN architectures, we show that our model can achieve much more stable training process and can generate text with significantly better quality.', 'Riemannian Normalizing Flow on Variational Wasserstein Autoencoder for Text Modeling. Recurrent Variational Autoencoder has been widely used for language modeling and text generation tasks. These models often face a difficult optimization problem, also known as the Kullback-Leibler (KL) term vanishing issue, where the posterior easily collapses to the prior, and the model will ignore latent codes in generative tasks. To address this problem, we introduce an improved Wasserstein Variational Autoencoder (WAE) with Riemannian Normalizing Flow (RNF) for text modeling. The RNF transforms a latent variable into a space that respects the geometric characteristics of input space, which makes posterior impossible to collapse to the non-informative prior. The Wasserstein objective minimizes the distance between the marginal distribution and the prior directly and therefore does not force the posterior to match the prior. Empirical experiments show that our model avoids KL vanishing over a range of datasets and has better performances in tasks such as language modeling, likelihood approximation, and text generation. Through a series of experiments and analysis over latent space, we show that our model learns latent distributions that respect latent space geometry and is able to generate sentences that are more diverse.']"
193,31,193_ontology_datalog_queries_ontologies,"['ontology', 'datalog', 'queries', 'ontologies', 'query', 'description logic', 'existential', 'tgds', 'description', 'logic']","['Polynomial Rewritings from Expressive Description Logics with Closed Predicates to Variants of Datalog. In many scenarios, complete and incomplete information coexist. For this reason, the knowledge representation and database communities have long shown interest in simultaneously supporting the closed- and the open-world views when reasoning about logic theories. Here we consider the setting of querying possibly incomplete data using logic theories, formalized as the evaluation of an ontology-mediated query (OMQ) that pairs a query with a theory, sometimes called an ontology, expressing background knowledge. This can be further enriched by specifying a set of closed predicates from the theory that are to be interpreted under the closed-world assumption, while the rest are interpreted with the open-world view. In this way we can retrieve more precise answers to queries by leveraging the partial completeness of the data.\n  The central goal of this paper is to understand the relative expressiveness of OMQ languages in which the ontology is written in the expressive Description Logic (DL) ALCHOI and includes a set of closed predicates. We consider a restricted class of conjunctive queries. Our main result is to show that every query in this non-monotonic query language can be translated in polynomial time into Datalog with negation under the stable model semantics. To overcome the challenge that Datalog has no direct means to express the existential quantification present in ALCHOI, we define a two-player game that characterizes the satisfaction of the ontology, and design a Datalog query that can decide the existence of a winning strategy for the game. If there are no closed predicates, that is in the case of querying a plain ALCHOI knowledge base, our translation yields a positive disjunctive Datalog program of polynomial size. To the best of our knowledge, unlike previous translations for related fragments with expressive (non-Horn) DLs, these are the first polynomial time translations.', 'Exact Learning of Lightweight Description Logic Ontologies. We study the problem of learning description logic (DL) ontologies in Angluin et al.\'s framework of exact learning via queries. We admit membership queries (""is a given subsumption entailed by the target ontology?"") and equivalence queries (""is a given ontology equivalent to the target ontology?""). We present three main results: (1) ontologies formulated in (two relevant versions of) the description logic DL-Lite can be learned with polynomially many queries of polynomial size; (2) this is not the case for ontologies formulated in the description logic EL, even when only acyclic ontologies are admitted; and (3) ontologies formulated in a fragment of EL related to the web ontology language OWL 2 RL can be learned in polynomial time. We also show that neither membership nor equivalence queries alone are sufficient in cases (1) and (3).', 'The Data Complexity of Description Logic Ontologies. We analyze the data complexity of ontology-mediated querying where the ontologies are formulated in a description logic (DL) of the ALC family and queries are conjunctive queries, positive existential queries, or acyclic conjunctive queries. Our approach is non-uniform in the sense that we aim to understand the complexity of each single ontology instead of for all ontologies formulated in a certain language. While doing so, we quantify over the queries and are interested, for example, in the question whether all queries can be evaluated in polynomial time w.r.t. a given ontology. Our results include a PTime/coNP-dichotomy for ontologies of depth one in the description logic ALCFI, the same dichotomy for ALC- and ALCI-ontologies of unrestricted depth, and the non-existence of such a dichotomy for ALCF-ontologies. For the latter DL, we additionally show that it is undecidable whether a given ontology admits PTime query evaluation. We also consider the connection between PTime query evaluation and rewritability into (monadic) Datalog.']"
194,31,194_quality_image quality_quality assessment_iqa,"['quality', 'image quality', 'quality assessment', 'iqa', 'illusions', 'assessment', 'image', 'visual', 'perceptual', 'index']","['An Attention-Driven Approach of No-Reference Image Quality Assessment. In this paper, we present a novel method of no-reference image quality assessment (NR-IQA), which is to predict the perceptual quality score of a given image without using any reference image. The proposed method harnesses three functions (i) the visual attention mechanism, which affects many aspects of visual perception including image quality assessment, however, is overlooked in the NR-IQA literature. The method assumes that the fixation areas on an image contain key information to the process of IQA. (ii) the robust averaging strategy, which is a means \\--- supported by psychology studies \\--- to integrating multiple/step-wise evidence to make a final perceptual judgment. (iii) the multi-task learning, which is believed to be an effectual means to shape representation learning and could result in a more generalized model.\n  To exploit the synergy of the three, we consider the NR-IQA as a dynamic perception process, in which the model samples a sequence of ""informative"" areas and aggregates the information to learn a representation for the tasks of jointly predicting the image quality score and the distortion type.\n  The model learning is implemented by a reinforcement strategy, in which the rewards of both tasks guide the learning of the optimal sampling policy to acquire the ""task-informative"" image regions so that the predictions can be made accurately and efficiently (in terms of the sampling steps). The reinforcement learning is realized by a deep network with the policy gradient method and trained through back-propagation.\n  In experiments, the model is tested on the TID2008 dataset and it outperforms several state-of-the-art methods. Furthermore, the model is very efficient in the sense that a small number of fixations are used in NR-IQA.', 'Center Emphasized Visual Saliency and a Contrast-based Full Reference Image Quality Index. Objective image quality assessment (IQA) is imperative in the current multimedia-intensive world, in order to assess the visual quality of an image at close to a human level of ability. Many~parameters such as color intensity, structure, sharpness, contrast, presence of an object, etc., draw human attention to an image. Psychological vision research suggests that human vision is biased to the center area of an image and display screen. As a result, if the center part contains any visually salient information, it draws human attention even more and any distortion in that part will be better perceived than other parts. To the best of our knowledge, previous IQA methods have not considered this fact. In this paper, we propose a full reference image quality assessment (FR-IQA) approach using visual saliency and contrast; however, we give extra attention to the center by increasing the sensitivity of the similarity maps in that region. We evaluated our method on three large-scale popular benchmark databases used by most of the current IQA researchers (TID2008, CSIQ~and LIVE), having a total of 3345 distorted images with 28~different kinds of distortions. Our~method is compared with 13 state-of-the-art approaches. This comparison reveals the stronger correlation of our method with human-evaluated values. The prediction-of-quality score is consistent for distortion specific as well as distortion independent cases. Moreover, faster processing makes it applicable to any real-time application. The MATLAB code is publicly available to test the algorithm and can be found online at http://layek.khu.ac.kr/CEQI.', 'Contrast and visual saliency similarity-induced index for assessing image quality. Image quality that is consistent with human opinion is assessed by a perceptual image quality assessment (IQA) that defines/utilizes a computational model. A good model should take effectiveness and efficiency into consideration, but most of the previously proposed IQA models do not simultaneously consider these factors. Therefore, this study attempts to develop an effective and efficient IQA metric. Contrast is an inherent visual attribute that indicates image quality, and visual saliency (VS) is a quality that attracts the attention of human beings. The proposed model utilized these two features to characterize the image local quality. After obtaining the local contrast quality map and the global VS quality map, we added the weighted standard deviation of the previous two quality maps together to yield the final quality score. The experimental results for three benchmark databases (LIVE, TID2008, and CSIQ) demonstrated that our model performs the best in terms of a correlation with the human judgment of visual quality. Furthermore, compared with competing IQA models, this proposed model is more efficient.']"
195,31,195_normalization_batch normalization_batch_dropout,"['normalization', 'batch normalization', 'batch', 'dropout', 'regularization', 'bn', 'layer', 'activations', 'weight', 'variance']","['Normalizing the Normalizers: Comparing and Extending Network Normalization Schemes. Normalization techniques have only recently begun to be exploited in supervised learning tasks. Batch normalization exploits mini-batch statistics to normalize the activations. This was shown to speed up training and result in better models. However its success has been very limited when dealing with recurrent neural networks. On the other hand, layer normalization normalizes the activations across all activities within a layer. This was shown to work well in the recurrent setting. In this paper we propose a unified view of normalization techniques, as forms of divisive normalization, which includes layer and batch normalization as special cases. Our second contribution is the finding that a small modification to these normalization schemes, in conjunction with a sparse regularizer on the activations, leads to significant benefits over standard normalization techniques. We demonstrate the effectiveness of our unified divisive normalization framework in the context of convolutional neural nets and recurrent neural networks, showing improvements over baselines in image classification, language modeling as well as super-resolution.', ""Adjusting for Dropout Variance in Batch Normalization and Weight Initialization. We show how to adjust for the variance introduced by dropout with corrections to weight initialization and Batch Normalization, yielding higher accuracy. Though dropout can preserve the expected input to a neuron between train and test, the variance of the input differs. We thus propose a new weight initialization by correcting for the influence of dropout rates and an arbitrary nonlinearity's influence on variance through simple corrective scalars. Since Batch Normalization trained with dropout estimates the variance of a layer's incoming distribution with some inputs dropped, the variance also differs between train and test. After training a network with Batch Normalization and dropout, we simply update Batch Normalization's variance moving averages with dropout off and obtain state of the art on CIFAR-10 and CIFAR-100 without data augmentation."", ""Extended Batch Normalization. Batch normalization (BN) has become a standard technique for training the modern deep networks. However, its effectiveness diminishes when the batch size becomes smaller, since the batch statistics estimation becomes inaccurate. That hinders batch normalization's usage for 1) training larger model which requires small batches constrained by memory consumption, 2) training on mobile or embedded devices of which the memory resource is limited. In this paper, we propose a simple but effective method, called extended batch normalization (EBN). For NCHW format feature maps, extended batch normalization computes the mean along the (N, H, W) dimensions, as the same as batch normalization, to maintain the advantage of batch normalization. To alleviate the problem caused by small batch size, extended batch normalization computes the standard deviation along the (N, C, H, W) dimensions, thus enlarges the number of samples from which the standard deviation is computed. We compare extended batch normalization with batch normalization and group normalization on the datasets of MNIST, CIFAR-10/100, STL-10, and ImageNet, respectively. The experiments show that extended batch normalization alleviates the problem of batch normalization with small batch size while achieving close performances to batch normalization with large batch size.""]"
196,30,196_starcraft_game_rts_games,"['starcraft', 'game', 'rts', 'games', 'starcraft ii', 'reinforcement', 'realtime strategy', 'reinforcement learning', 'strategy games', 'units']","['Deep RTS: A Game Environment for Deep Reinforcement Learning in Real-Time Strategy Games. Reinforcement learning (RL) is an area of research that has blossomed tremendously in recent years and has shown remarkable potential for artificial intelligence based opponents in computer games. This success is primarily due to the vast capabilities of convolutional neural networks, that can extract useful features from noisy and complex data. Games are excellent tools to test and push the boundaries of novel RL algorithms because they give valuable insight into how well an algorithm can perform in isolated environments without the real-life consequences. Real-time strategy games (RTS) is a genre that has tremendous complexity and challenges the player in short and long-term planning. There is much research that focuses on applied RL in RTS games, and novel advances are therefore anticipated in the not too distant future. However, there are to date few environments for testing RTS AIs. Environments in the literature are often either overly simplistic, such as microRTS, or complex and without the possibility for accelerated learning on consumer hardware like StarCraft II. This paper introduces the Deep RTS game environment for testing cutting-edge artificial intelligence algorithms for RTS games. Deep RTS is a high-performance RTS game made specifically for artificial intelligence research. It supports accelerated learning, meaning that it can learn at a magnitude of 50 000 times faster compared to existing RTS games. Deep RTS has a flexible configuration, enabling research in several different RTS scenarios, including partially observable state-spaces and map complexity. We show that Deep RTS lives up to our promises by comparing its performance with microRTS, ELF, and StarCraft II on high-end consumer hardware. Using Deep RTS, we show that a Deep Q-Network agent beats random-play agents over 70% of the time. Deep RTS is publicly available at https://github.com/cair/DeepRTS.', 'TStarBots: Defeating the Cheating Level Builtin AI in StarCraft II in the Full Game. Starcraft II (SC2) is widely considered as the most challenging Real Time Strategy (RTS) game. The underlying challenges include a large observation space, a huge (continuous and infinite) action space, partial observations, simultaneous move for all players, and long horizon delayed rewards for local decisions. To push the frontier of AI research, Deepmind and Blizzard jointly developed the StarCraft II Learning Environment (SC2LE) as a testbench of complex decision making systems. SC2LE provides a few mini games such as MoveToBeacon, CollectMineralShards, and DefeatRoaches, where some AI agents have achieved the performance level of human professional players. However, for full games, the current AI agents are still far from achieving human professional level performance. To bridge this gap, we present two full game AI agents in this paper - the AI agent TStarBot1 is based on deep reinforcement learning over a flat action structure, and the AI agent TStarBot2 is based on hard-coded rules over a hierarchical action structure. Both TStarBot1 and TStarBot2 are able to defeat the built-in AI agents from level 1 to level 10 in a full game (1v1 Zerg-vs-Zerg game on the AbyssalReef map), noting that level 8, level 9, and level 10 are cheating agents with unfair advantages such as full vision on the whole map and resource harvest boosting. To the best of our knowledge, this is the first public work to investigate AI agents that can defeat the built-in AI in the StarCraft II full game.', 'StarCraft II: A New Challenge for Reinforcement Learning. This paper introduces SC2LE (StarCraft II Learning Environment), a reinforcement learning environment based on the StarCraft II game. This domain poses a new grand challenge for reinforcement learning, representing a more difficult class of problems than considered in most prior work. It is a multi-agent problem with multiple players interacting; there is imperfect information due to a partially observed map; it has a large action space involving the selection and control of hundreds of units; it has a large state space that must be observed solely from raw input feature planes; and it has delayed credit assignment requiring long-term strategies over thousands of steps. We describe the observation, action, and reward specification for the StarCraft II domain and provide an open source Python-based interface for communicating with the game engine. In addition to the main game maps, we provide a suite of mini-games focusing on different elements of StarCraft II gameplay. For the main game maps, we also provide an accompanying dataset of game replay data from human expert players. We give initial baseline results for neural networks trained from this data to predict game outcomes and player actions. Finally, we present initial baseline results for canonical deep reinforcement learning agents applied to the StarCraft II domain. On the mini-games, these agents learn to achieve a level of play that is comparable to a novice player. However, when trained on the main game, these agents are unable to make significant progress. Thus, SC2LE offers a new and challenging environment for exploring deep reinforcement learning algorithms and architectures.']"
197,30,197_pose_pose estimation_multiperson_estimation,"['pose', 'pose estimation', 'multiperson', 'estimation', 'human pose', 'body', 'keypoint', 'mpii', 'keypoints', 'association']","['Multi-Person Pose Estimation with Local Joint-to-Person Associations. Despite of the recent success of neural networks for human pose estimation, current approaches are limited to pose estimation of a single person and cannot handle humans in groups or crowds. In this work, we propose a method that estimates the poses of multiple persons in an image in which a person can be occluded by another person or might be truncated. To this end, we consider multi-person pose estimation as a joint-to-person association problem. We construct a fully connected graph from a set of detected joint candidates in an image and resolve the joint-to-person association and outlier detection using integer linear programming. Since solving joint-to-person association jointly for all persons in an image is an NP-hard problem and even approximations are expensive, we solve the problem locally for each person. On the challenging MPII Human Pose Dataset for multiple persons, our approach achieves the accuracy of a state-of-the-art method, but it is 6,000 to 19,000 times faster.', 'UniPose: Unified Human Pose Estimation in Single Images and Videos. We propose UniPose, a unified framework for human pose estimation, based on our ""Waterfall"" Atrous Spatial Pooling architecture, that achieves state-of-art-results on several pose estimation metrics. Current pose estimation methods utilizing standard CNN architectures heavily rely on statistical postprocessing or predefined anchor poses for joint localization. UniPose incorporates contextual segmentation and joint localization to estimate the human pose in a single stage, with high accuracy, without relying on statistical postprocessing methods. The Waterfall module in UniPose leverages the efficiency of progressive filtering in the cascade architecture, while maintaining multi-scale fields-of-view comparable to spatial pyramid configurations. Additionally, our method is extended to UniPose-LSTM for multi-frame processing and achieves state-of-the-art results for temporal pose estimation in Video. Our results on multiple datasets demonstrate that UniPose, with a ResNet backbone and Waterfall module, is a robust and efficient architecture for pose estimation obtaining state-of-the-art results in single person pose detection for both single images and videos.', 'Self-supervised Keypoint Correspondences for Multi-Person Pose Estimation and Tracking in Videos. Video annotation is expensive and time consuming. Consequently, datasets for multi-person pose estimation and tracking are less diverse and have more sparse annotations compared to large scale image datasets for human pose estimation. This makes it challenging to learn deep learning based models for associating keypoints across frames that are robust to nuisance factors such as motion blur and occlusions for the task of multi-person pose tracking. To address this issue, we propose an approach that relies on keypoint correspondences for associating persons in videos. Instead of training the network for estimating keypoint correspondences on video data, it is trained on a large scale image datasets for human pose estimation using self-supervision. Combined with a top-down framework for human pose estimation, we use keypoints correspondences to (i) recover missed pose detections (ii) associate pose detections across video frames. Our approach achieves state-of-the-art results for multi-frame pose estimation and multi-person pose tracking on the PosTrack $2017$ and PoseTrack $2018$ data sets.']"
